datetime,true_vols,model_preds
2018-06-30,"[1.37015181e-03 4.11563810e-04 4.32223321e-04 2.14970248e-04
 2.08922338e-04 2.12872495e-04 3.15943398e-04 2.47166728e-04
 2.75272989e-04 2.93960425e-04 3.52398381e-04 3.62385096e-04
 2.75800360e-04 3.83237256e-04 2.54896865e-04 2.02139280e-04
 1.53564256e-04 8.93008173e-05 2.01591491e-04 1.25653344e-04
 1.43782096e-04]","[-0.07861757 -0.07795066 -0.07792008 -0.07717764 -0.07716078 -0.07795447
 -0.07714176 -0.07740736 -0.07783151 -0.07817215 -0.0768919  -0.07688874
 -0.07689643 -0.07692385 -0.07692343 -0.07689333 -0.07692397 -0.07691896
 -0.07690698 -0.07689536 -0.07691622]"
2018-07-03,[0.00028534 0.00024051],[-0.07877278 -0.0781014 ]
2018-07-04,"[2.39824286e-04 1.72505392e-04 1.76909462e-04 1.81715745e-04
 1.29295567e-04 1.26494369e-04 1.26305472e-04 2.22430084e-04
 1.56841530e-04 2.80113787e-04 1.92151793e-04 2.36698565e-04
 6.89701942e-04 2.96795794e-04 1.42718031e-04 1.41664821e-04
 1.28523883e-04 1.76251697e-04 1.49281026e-04 8.01847290e-05
 1.78766470e-04 3.10500000e-04 2.50078400e-04 3.39906676e-04]","[-0.07869047 -0.07801574 -0.07798928 -0.07725734 -0.07724339 -0.0780322
 -0.07722086 -0.07748318 -0.07790786 -0.07824749 -0.07695621 -0.07695329
 -0.07696176 -0.07698905 -0.0769887  -0.07695842 -0.07698929 -0.07698441
 -0.07697213 -0.07696062 -0.0769819  -0.07698268 -0.07698232 -0.07698154]"
2018-07-05,"[3.32270234e-04 2.11211674e-04 1.59501897e-04 1.69218550e-04
 1.53374312e-04 1.88195474e-04 1.08019502e-04 2.56645056e-04
 1.77442118e-04 1.82255187e-04 2.01039139e-04 2.26625478e-04
 2.38621815e-04 1.86370420e-04 9.32260820e-05 1.25770318e-04
 2.78796984e-04 1.40236904e-04 1.33994213e-04 1.90902867e-04
 1.55915702e-04 1.17100749e-04 1.08221850e-04]","[-0.07861137 -0.07794452 -0.07791764 -0.07717615 -0.0771572  -0.07795274
 -0.07714832 -0.0774141  -0.07783723 -0.07817638 -0.0768981  -0.07689482
 -0.07690257 -0.07692987 -0.07692963 -0.07689947 -0.07692981 -0.07692492
 -0.07691318 -0.07690179 -0.07692236 -0.07692325 -0.07692277]"
2018-07-06,"[6.55891404e-05 7.63655603e-05 6.37377252e-05 1.79799215e-04
 8.18243542e-05 2.01479996e-04 2.79344772e-04 1.91314356e-04
 1.07187959e-04 1.19782756e-04 1.87548510e-04 3.90815420e-04
 2.11187327e-04 1.05903874e-04 9.68755100e-05 7.36878915e-05
 2.18724695e-04 2.03684160e-04 4.29851828e-05 1.51278203e-04
 1.41853064e-04 1.76645071e-04 1.09508934e-04 7.91365805e-05]","[-0.07903957 -0.07835209 -0.07832134 -0.07758397 -0.07757056 -0.07838154
 -0.07758313 -0.07785249 -0.07827097 -0.07860684 -0.07732826 -0.07732469
 -0.07733297 -0.07736015 -0.07735997 -0.0773297  -0.07736021 -0.07735521
 -0.07734287 -0.0773319  -0.07735258 -0.07735348 -0.07735276 -0.07735217]"
2018-07-07,"[7.68359170e-05 9.51637117e-05 6.19905113e-05 6.50534992e-05
 4.38924874e-05 2.79996287e-05 5.06646659e-05 4.89592287e-05
 4.28443489e-05 6.44976497e-05 4.66942983e-05 1.59798481e-04
 2.05557768e-04 1.16155316e-04 8.66790216e-05 4.91944656e-05
 7.55345695e-05 5.28171064e-05 7.05823909e-05 8.80400832e-05
 5.70557624e-05 1.58872287e-04 8.24141835e-04 3.91408257e-04]","[-0.07865256 -0.07798386 -0.07794935 -0.07720685 -0.07720482 -0.07799911
 -0.0771935  -0.07746273 -0.07790434 -0.07823628 -0.07695138 -0.07694781
 -0.07695663 -0.07698411 -0.07698381 -0.07695359 -0.07698441 -0.07697928
 -0.07696676 -0.07695544 -0.07697648 -0.07697719 -0.0769769  -0.07697612]"
2018-07-08,"[2.01714437e-04 2.01688131e-04 1.18766096e-04 4.77736136e-05
 1.06327244e-04 9.52912351e-05 7.58047711e-05 9.49707030e-05
 1.13417896e-04 1.13774310e-04 3.95929126e-05 1.17470363e-04
 1.20834559e-04 2.71444705e-04 8.55295884e-05 6.00096759e-05
 1.71358013e-05 2.46481496e-05 2.60072250e-05 2.57955719e-05
 2.23907646e-05 4.53635277e-05 1.84038275e-04 9.87626988e-05]","[-0.07910699 -0.07842499 -0.07838833 -0.07764155 -0.07763219 -0.07843387
 -0.07763398 -0.0778982  -0.07832026 -0.07865524 -0.07737625 -0.07737321
 -0.07738143 -0.07740879 -0.07740849 -0.07737827 -0.07740873 -0.07740396
 -0.07739198 -0.0773803  -0.07740116 -0.07740188 -0.07740152 -0.07740086]"
2018-07-09,"[8.38862509e-05 4.95608840e-05 3.97858238e-05 1.25410062e-04
 1.86654847e-05 1.05612863e-04 8.63152891e-05 9.38044532e-05
 1.19457673e-04 3.72229718e-05 9.90851489e-05 1.11743655e-04
 8.31599185e-05 6.50200839e-05 2.03735279e-04 1.54473107e-04
 6.39499383e-05 4.43536662e-05 6.08969447e-05 5.98036286e-05
 2.85965437e-04 4.29580391e-04 1.56146761e-04]","[-0.07904434 -0.07836205 -0.07832694 -0.07758796 -0.07757998 -0.07838029
 -0.07758427 -0.07785565 -0.07828182 -0.0786134  -0.07733172 -0.07732904
 -0.07733732 -0.0773648  -0.07736439 -0.07733434 -0.07736468 -0.07735956
 -0.07734746 -0.07733619 -0.07735717 -0.07735789 -0.07735777]"
2018-07-10,"[9.39978654e-05 1.60445316e-04 1.25313314e-04 8.64875166e-05
 7.60666378e-05 4.37892209e-04 1.28237545e-04 1.96535034e-04
 4.88852808e-04 2.55064454e-04 4.62150353e-04 2.59624640e-04
 1.61278914e-04 1.05758001e-04 4.66428806e-05 1.18456119e-04
 9.56763833e-05 3.83780385e-05 3.56421169e-05 6.27849572e-05
 1.31526902e-04 1.55914844e-04 3.42978774e-04]","[-0.07915837 -0.07846767 -0.07843888 -0.07769644 -0.07768381 -0.07849705
 -0.07769728 -0.07796735 -0.07838857 -0.07872981 -0.07744384 -0.07744074
 -0.07744902 -0.07747662 -0.0774765  -0.07744616 -0.0774768  -0.07747167
 -0.07745945 -0.07744795 -0.07746893 -0.07747    -0.07746959]"
2018-07-11,"[9.12037118e-05 1.19823936e-04 7.69008301e-05 1.09470123e-04
 1.32697476e-04 1.60139346e-04 1.20088669e-04 9.34623732e-05
 1.46540122e-04 9.95995152e-05 1.18854806e-04 1.08079267e-04
 8.20812945e-05 4.65039140e-05 9.56193838e-05 9.39479951e-05
 9.47348876e-05 1.26670691e-04 8.53402594e-05 1.30410269e-04
 1.32273712e-04 6.51658947e-05 7.78873079e-05]","[-0.07862282 -0.07795644 -0.07792771 -0.07717913 -0.07716179 -0.0779568
 -0.07716608 -0.07743561 -0.07785892 -0.07819909 -0.07692635 -0.07692307
 -0.07693088 -0.07695818 -0.07695806 -0.0769282  -0.07695836 -0.07695323
 -0.07694131 -0.07692999 -0.07695055 -0.0769515  -0.07695097]"
2018-07-12,"[8.27141319e-05 1.30295512e-04 4.28974837e-05 2.77082853e-05
 7.27463407e-05 3.70724714e-04 3.23475817e-04 5.68602686e-04
 1.49805843e-04 9.70036978e-05 1.29533157e-04 8.06726539e-05
 4.15514649e-05 5.45919317e-05 8.85331290e-05 8.25011376e-05
 6.68023971e-05 3.04286012e-05 5.75487925e-05 5.94558882e-05
 1.03233807e-04 1.71674566e-04 4.48592569e-04 2.88075754e-04]","[-0.07873297 -0.07806516 -0.07803398 -0.07729506 -0.07728279 -0.07807523
 -0.07726628 -0.07753396 -0.07796395 -0.07829922 -0.07701087 -0.07700783
 -0.07701641 -0.07704377 -0.07704329 -0.07701343 -0.07704407 -0.07703912
 -0.07702696 -0.07701534 -0.07703656 -0.07703733 -0.07703686 -0.0770359 ]"
2018-07-13,"[4.89861310e-05 1.06907869e-04 1.12327967e-04 1.06923960e-04
 8.02445887e-05 6.95694322e-05 6.96474190e-05 1.22980911e-04
 6.08804229e-05 4.17070955e-05 4.56128960e-05 1.43138245e-04
 1.03261450e-04 8.97694931e-05 6.99807864e-05 4.86517085e-05
 4.94764212e-05 2.03715053e-04 2.95374007e-04 3.18560077e-04
 2.23390373e-04 9.07406549e-05 1.03729867e-04 1.56709441e-04]","[-0.07869524 -0.07802141 -0.07799077 -0.07724053 -0.07723337 -0.07803726
 -0.07724643 -0.07751304 -0.07793927 -0.07827944 -0.07700944 -0.0770064
 -0.07701379 -0.07704151 -0.07704115 -0.07701111 -0.07704151 -0.0770362
 -0.0770244  -0.07701308 -0.07703346 -0.07703429 -0.07703412 -0.07703316]"
2018-07-14,"[1.07326732e-04 4.76061448e-05 8.06063070e-05 5.40736981e-05
 6.49602961e-05 5.82246808e-05 4.03074006e-05 2.08030608e-05
 8.11396413e-05 1.03081199e-04 7.14797602e-05 6.33376898e-05
 3.65224284e-05 4.19712934e-05 4.47131752e-05 6.66968056e-05
 3.20045829e-05 6.37386259e-05 7.74373391e-05 1.11679451e-04
 1.28629952e-04 6.26099873e-05 4.11763376e-05 6.26773701e-05]","[-0.07866663 -0.07799649 -0.07796884 -0.07721937 -0.07720619 -0.07800096
 -0.07721174 -0.07747859 -0.07790333 -0.07824177 -0.07696801 -0.07696509
 -0.0769726  -0.0770002  -0.07700014 -0.07697004 -0.07700014 -0.07699537
 -0.07698333 -0.07697189 -0.07699245 -0.07699317 -0.07699299 -0.07699227]"
2018-07-15,"[7.06068481e-05 6.13890486e-05 4.48029234e-05 8.23824759e-05
 5.15815610e-05 9.22014506e-05 5.57797415e-05 2.98602414e-04
 9.12952011e-05 1.71006521e-04 9.17639535e-05 7.36042137e-05
 5.92579624e-05 5.19117911e-05 5.82882535e-05]","[-0.07871622 -0.07804686 -0.07801652 -0.07727367 -0.07725954 -0.07805812
 -0.07726645 -0.07753325 -0.07795733 -0.07829618 -0.07702398 -0.07702082
 -0.07702905 -0.07705617 -0.07705569]"
2018-07-16,"[1.41094315e-04 7.90350227e-04 2.18984241e-04 4.98828729e-04
 1.85739290e-04 1.45513897e-04 1.57560899e-04 1.78927213e-04
 1.19786799e-04 3.99090049e-04 1.15925240e-04 6.96095634e-05
 9.22696019e-05 9.26726188e-05 1.48838462e-04 3.32221093e-04
 1.37135146e-04]","[-0.07880831 -0.07813746 -0.07810944 -0.07736593 -0.07735419 -0.07815099
 -0.0773502  -0.07762057 -0.07805085 -0.0783869  -0.07710624 -0.07710314
 -0.07711142 -0.07713842 -0.07713825 -0.0771082  -0.07713878]"
2018-07-17,"[1.01814164e-04 7.60587418e-05 8.50696195e-05 1.05439913e-04
 1.60673922e-04 1.21775769e-04 5.79864266e-05 1.10208175e-04
 1.04176659e-04 3.85354702e-05 7.79674954e-05 1.09913848e-04
 8.03135216e-05 1.47452162e-04 1.65611243e-04 1.29479598e-04
 5.15707518e-03 1.99705188e-03 1.96119773e-04 3.76031014e-04
 4.00891316e-04 1.49141777e-04 1.03845300e-04]","[-0.0786854  -0.07801348 -0.07809258 -0.07730484 -0.07725614 -0.07804793
 -0.07726079 -0.07753032 -0.07795084 -0.07829291 -0.07701904 -0.07701653
 -0.07702184 -0.07704973 -0.07705015 -0.07702005 -0.07705033 -0.07704526
 -0.07703346 -0.07702196 -0.07704252 -0.07704324 -0.07704294]"
2018-07-18,"[6.44073771e-05 3.09655952e-04 7.82640173e-04 1.43991883e-04
 1.23221149e-04 1.17743060e-04 2.15042877e-04 3.98767369e-04
 1.24449528e-04 1.55255657e-04 1.44004131e-04 1.29384534e-04
 1.49786689e-04 2.65849035e-04 1.18460333e-04 5.52202002e-05
 2.55745065e-04 6.08346373e-04 2.30586856e-04 5.81606181e-04
 4.34318601e-04 4.94510503e-04 1.86954742e-04 1.60985824e-04]","[-0.07875276 -0.07807791 -0.07804835 -0.07730865 -0.07728142 -0.07807797
 -0.07728684 -0.07755482 -0.07797712 -0.07832599 -0.07705188 -0.07704896
 -0.07705641 -0.07708383 -0.07708389 -0.07705379 -0.0770843  -0.077079
 -0.07706726 -0.07705557 -0.07707608 -0.07707721 -0.07707667 -0.07707572]"
2018-07-19,"[1.62308609e-04 1.12200882e-04 5.53687569e-05 8.09146263e-05
 5.20950567e-05 6.15032329e-05 1.08669808e-04 9.26372265e-05
 2.27090367e-04 1.43623295e-04 2.98989219e-04 1.49324550e-04
 2.19323751e-04 1.36159484e-04 2.18777133e-04 2.01848924e-04
 1.28800347e-04 6.56003655e-05 1.02676793e-04 2.19846902e-04
 1.54913159e-04 4.20648099e-04 1.27756234e-04 1.71298488e-04]","[-0.07864946 -0.07798308 -0.07797587 -0.07722795 -0.07721013 -0.07800716
 -0.07720816 -0.07748306 -0.07790434 -0.07825178 -0.07697469 -0.07697129
 -0.07697886 -0.07700622 -0.07700598 -0.076976   -0.07700658 -0.07700139
 -0.07698923 -0.07697791 -0.07699871 -0.07699943 -0.07699895 -0.07699829]"
2018-07-20,"[4.04180350e-05 4.22989425e-05 4.11483487e-05 7.07226869e-05
 2.52322958e-04 1.32422638e-04 1.40150590e-04 6.33803495e-05
 3.79212955e-05 8.13622023e-05 7.15254133e-05 6.24891113e-05
 6.50913667e-05 8.63787192e-05 8.92053014e-04 7.48327059e-04
 1.91628359e-04 1.18042710e-04 9.31674229e-05 1.58106139e-04
 2.30183602e-04 1.47809883e-04 3.45201701e-04]","[-0.07907122 -0.07839757 -0.07837051 -0.07762146 -0.0776068  -0.07841963
 -0.07762116 -0.07789135 -0.07831281 -0.07865357 -0.07736856 -0.0773654
 -0.07737398 -0.07740152 -0.07740104 -0.07737094 -0.07740134 -0.07739621
 -0.07738417 -0.07737315 -0.07739377 -0.07739449 -0.07739431]"
2018-07-21,"[1.38958792e-04 1.46532939e-04 8.72013113e-05 6.87686026e-05
 1.00491571e-04 9.97359165e-05 1.06620762e-04 7.62380999e-05
 7.58145059e-05 1.80690017e-04 1.01389387e-04 6.77056451e-05
 8.01838117e-05 4.42751562e-05 9.54318146e-05 8.41349977e-05
 8.68366696e-05 6.02803381e-05 6.72665286e-05 6.23031401e-05
 6.21388189e-05 6.85832774e-05 5.68687560e-05 1.46848607e-04]","[-0.07869661 -0.07802367 -0.07799387 -0.07725912 -0.07724452 -0.07804102
 -0.07724583 -0.07751131 -0.07793611 -0.07827622 -0.07699966 -0.07699633
 -0.07700491 -0.07703197 -0.07703161 -0.07700139 -0.07703173 -0.07702696
 -0.0770148  -0.0770036  -0.0770241  -0.0770247  -0.07702464 -0.07702374]"
2018-07-22,"[8.93178567e-05 1.17850881e-04 1.16521574e-04 1.14261891e-04
 7.53500539e-05 1.31919053e-04 1.14492456e-04 1.46126771e-04
 9.13543607e-05 1.25415766e-04 1.00866647e-04 8.85978614e-05
 8.70820443e-05 1.77153231e-04 2.40037910e-04 1.48330913e-04
 8.16746045e-05 3.68770783e-05 4.99608242e-05 6.71410908e-05
 8.39918896e-04 2.08036762e-04 6.38393386e-05 1.59010153e-04]","[-0.07906866 -0.07837391 -0.07838392 -0.07762355 -0.07761264 -0.07842463
 -0.07764661 -0.07790732 -0.07832843 -0.07866901 -0.07739103 -0.07738841
 -0.0773952  -0.07742316 -0.07742292 -0.07739288 -0.07742298 -0.07741785
 -0.07740581 -0.07739443 -0.07741535 -0.07741612 -0.0774157  -0.07741487]"
2018-07-23,"[1.00391023e-04 9.26327841e-04 6.84823341e-05 1.60972944e-04
 7.11664129e-05 1.09842765e-04 4.00639329e-04 1.14410779e-04
 6.05684421e-05 5.73126575e-05 7.36221591e-05 6.05197987e-05
 8.31712563e-05 5.82226939e-05 6.84690811e-05 1.23525761e-04
 1.29752237e-04 5.94663697e-04 1.73415244e-04 1.08544984e-04
 1.79145227e-04 1.22975547e-04 1.39976726e-04 7.29426669e-05]","[-0.07879734 -0.07812476 -0.07809681 -0.07735831 -0.07733661 -0.07812893
 -0.07734114 -0.07760596 -0.07803321 -0.07837504 -0.07710147 -0.07709819
 -0.07710588 -0.07713336 -0.07713324 -0.0771032  -0.07713336 -0.07712829
 -0.07711637 -0.07710493 -0.07712579 -0.07712662 -0.07712615 -0.07712543]"
2018-07-24,"[5.15798527e-05 5.51002414e-05 7.18820783e-05 3.43895895e-04
 5.43012474e-04 1.14008646e-04 1.11209419e-04 8.76963665e-05
 6.45310581e-05 3.73243291e-04 4.24017660e-04 6.36980610e-04
 2.35311889e-04 2.21934306e-04 1.39915125e-04 3.91055413e-05
 2.05677118e-04 8.89341573e-05 1.60396517e-04 1.47689532e-04
 2.94851020e-04 1.98680370e-04 2.42757957e-04]","[-0.07902873 -0.07834095 -0.07834518 -0.07758921 -0.07758343 -0.07838976
 -0.07759887 -0.07786709 -0.07829463 -0.07863665 -0.07735741 -0.07735461
 -0.07736182 -0.07738942 -0.07738918 -0.07735914 -0.07738906 -0.07738441
 -0.07737219 -0.07736099 -0.07738179 -0.07738233 -0.07738215]"
2018-07-25,"[7.20143062e-05 2.40718282e-04 1.57005235e-04 9.31385975e-05
 1.37553630e-04 2.18679029e-04 1.30299315e-04 1.71308994e-04
 1.29028192e-04 1.71824705e-04 1.16151315e-04 6.63773345e-05
 1.16199590e-04 3.92887516e-05 3.29982598e-04 7.88238639e-05
 4.10350302e-05 4.46153831e-05 7.08748878e-05 7.95267391e-05
 2.20517451e-04 1.10169169e-04 2.33456261e-04 1.31949492e-04]","[-0.07869893 -0.07802725 -0.07800329 -0.0772512  -0.07724196 -0.07803571
 -0.07724494 -0.07750767 -0.0779373  -0.07827717 -0.07700264 -0.07699949
 -0.07700694 -0.07703483 -0.07703429 -0.07700431 -0.07703447 -0.07702976
 -0.07701761 -0.07700634 -0.07702702 -0.07702798 -0.07702732 -0.07702678]"
2018-07-26,"[4.75091671e-05 6.98719420e-05 4.63789143e-05 2.96447126e-05
 2.22538083e-05 7.06637697e-05 8.70600920e-05 1.63161467e-04
 2.59028919e-05 5.97414653e-05 6.01867130e-05 6.39070811e-05
 4.95190075e-05 3.60041139e-05 2.12003609e-05 2.81476920e-05
 2.96622970e-05 1.30589389e-05 2.36756771e-05 3.36095352e-04
 9.29879400e-04 2.56687749e-04 2.60405214e-04 5.17556134e-05]","[-0.07911414 -0.0784232  -0.07840419 -0.07765538 -0.07764435 -0.07845253
 -0.07767057 -0.07792819 -0.07835287 -0.07868719 -0.07740718 -0.0774048
 -0.07741219 -0.0774402  -0.07743967 -0.07740963 -0.07743961 -0.0774346
 -0.07742256 -0.07741159 -0.07743216 -0.07743281 -0.07743257 -0.07743192]"
2018-07-27,"[9.51046963e-05 3.94721315e-05 3.05005902e-05 3.64282117e-05
 3.02313591e-05 4.63227772e-05 3.14111901e-05 5.76006225e-05
 3.05447761e-05 3.18762899e-05 2.75525305e-05 1.12593449e-04
 7.42127643e-05 5.61318363e-05 4.06955199e-04 1.23158911e-04
 2.71311093e-05 8.03419207e-05 6.35324273e-05 3.63823903e-05
 6.14954768e-05 5.18427699e-05 1.35415802e-04 1.14077934e-04]","[-0.07869601 -0.07801569 -0.07798356 -0.07723844 -0.07722664 -0.07802194
 -0.07723194 -0.07750094 -0.07792914 -0.07826948 -0.07699966 -0.07699651
 -0.07700485 -0.07703185 -0.07703143 -0.07700169 -0.07703197 -0.0770269
 -0.07701451 -0.07700348 -0.0770241  -0.07702476 -0.0770244  -0.07702363]"
2018-07-28,"[6.09583494e-05 4.28946606e-05 2.90610575e-05 5.12741603e-05
 3.68368386e-05 2.29047501e-05 3.76525575e-05 3.29645355e-05
 4.88206342e-05 6.72995901e-05 1.44813995e-04 2.62657636e-05
 2.17111564e-05 5.50433180e-05 2.29993955e-04 7.48451119e-05
 5.58348115e-05 2.58412691e-05 3.38594888e-05 1.47179506e-05
 3.30245470e-05 4.23667518e-05 6.66611397e-05 1.92021837e-04]","[-0.07913333 -0.07844615 -0.07841998 -0.07767284 -0.077663   -0.07846284
 -0.0776636  -0.07792181 -0.07834703 -0.07869172 -0.07741225 -0.07740909
 -0.07741714 -0.07744426 -0.07744426 -0.0774138  -0.07744431 -0.07743967
 -0.07742745 -0.077416   -0.0774368  -0.07743764 -0.07743716 -0.07743651]"
2018-07-29,"[7.87430826e-05 9.15600963e-05 7.82198433e-05 5.96833489e-05
 9.13283772e-05 3.64597375e-05 3.83401443e-05 7.24052473e-05
 3.16242963e-05 2.40070477e-05 6.08183926e-05 6.35118412e-05
 5.58187723e-05 3.97724154e-05 2.28630670e-05 4.40013020e-05
 7.77678989e-06 1.68780170e-05 3.43244806e-05 2.53985654e-05
 4.98188710e-05 4.37490685e-05 9.86777982e-05 2.51510105e-04]","[-0.0791558  -0.0784682  -0.07844174 -0.07770181 -0.07769287 -0.07849228
 -0.07769442 -0.07795578 -0.07838452 -0.07872391 -0.07743639 -0.07743382
 -0.07744181 -0.07746983 -0.07746923 -0.07743883 -0.07746977 -0.07746458
 -0.07745236 -0.0774411  -0.0774622  -0.07746267 -0.07746255 -0.07746172]"
2018-07-30,"[1.61702688e-04 2.01882604e-05 1.95433788e-05 2.57988850e-05
 1.67473773e-05 2.73695398e-04 3.08863210e-04 4.45153330e-05
 2.03575524e-05 1.89428913e-04 6.46095708e-05 4.14550238e-05
 4.12652826e-05 7.32122437e-05 5.83086082e-05 4.46423733e-05
 3.69323689e-04 2.41987356e-04 1.94218166e-04 2.44996502e-04
 5.64932137e-05 7.01578682e-05 4.47950702e-05 5.39551067e-05]","[-0.07861537 -0.07795638 -0.07796186 -0.07721394 -0.07720077 -0.07800496
 -0.07719189 -0.07746196 -0.07788658 -0.07823277 -0.07695228 -0.07694894
 -0.07695615 -0.07698351 -0.07698351 -0.07695305 -0.07698375 -0.0769788
 -0.07696658 -0.07695532 -0.07697612 -0.07697672 -0.07697642 -0.07697564]"
2018-07-31,"[3.52725634e-05 1.68458208e-05 1.17652853e-05 2.43224758e-05
 1.59139949e-05 5.60791266e-05 4.23017584e-05 6.76215546e-05
 1.35913535e-04 1.22881809e-04 9.35611243e-05 6.26033346e-04
 2.39796927e-04 2.70926303e-04 1.55332980e-04 6.52621276e-05
 1.50503365e-04 7.50196943e-05 5.17501617e-05 6.43857673e-05
 1.39602948e-04 9.06136938e-05]","[-0.07912922 -0.07844353 -0.07841635 -0.07767606 -0.07766473 -0.07846189
 -0.07766575 -0.07792497 -0.07834828 -0.07868689 -0.07740313 -0.07740057
 -0.07740861 -0.07743609 -0.07743597 -0.07740581 -0.07743621 -0.0774315
 -0.07741934 -0.0774079  -0.07742906 -0.07742983]"
2018-08-03,[9.74489857e-05 1.15696826e-04],[-0.07922238 -0.0785355 ]
2018-08-04,"[6.53905717e-05 1.00981227e-04 4.60277576e-05 4.09315916e-05
 2.75103828e-05 5.00823677e-05 5.19678369e-05 7.06844935e-05
 3.20586986e-05 7.67471517e-05 3.89726672e-05 2.43478638e-04
 7.98848999e-05 9.65378497e-04 4.11803948e-04 1.96581085e-04
 1.62468511e-04 5.58812776e-05 4.93593130e-05 3.04460855e-05
 1.32668384e-04 6.40455646e-05 6.35988873e-05 1.44360810e-04]","[-0.0787558  -0.07807475 -0.07804286 -0.07730246 -0.07728565 -0.07808119
 -0.07728362 -0.07754976 -0.07797432 -0.07831472 -0.07703543 -0.07703263
 -0.07704115 -0.07706827 -0.07706779 -0.07703763 -0.07706827 -0.07706338
 -0.07705128 -0.0770399  -0.07706076 -0.07706136 -0.07706094 -0.07706022]"
2018-08-05,"[2.49357222e-04 6.53796000e-05 7.36139323e-05 5.70874149e-05
 3.30392909e-05 2.85535816e-05 2.90512996e-05 6.71667361e-05
 8.06251140e-05 5.34937228e-05 3.66577539e-05 4.08908628e-05
 7.66757536e-05 1.62935598e-04 1.44458741e-04 4.08304188e-05
 8.83692808e-05 5.55829341e-05 8.56578199e-05 6.54094085e-05
 1.17855130e-04 7.68843750e-05 4.79089595e-05 5.14545742e-05]","[-0.07875443 -0.07808369 -0.07805693 -0.07731074 -0.07729393 -0.07808381
 -0.07729131 -0.07755381 -0.07797694 -0.07831979 -0.07704598 -0.07704282
 -0.07705057 -0.07707793 -0.07707757 -0.07704788 -0.07707822 -0.07707334
 -0.07706112 -0.07704973 -0.07707047 -0.07707095 -0.07707083 -0.07707006]"
2018-08-06,"[1.31441766e-04 3.98647712e-05 3.16712953e-05 2.31169389e-05
 5.74404081e-05 2.26949653e-05 5.23504084e-05 7.27923353e-05
 7.61792596e-05 5.83136258e-05 9.38171838e-05 5.48564685e-05
 3.04126844e-04 6.91674010e-05 4.51835315e-05 1.20781498e-04
 2.64812122e-05 5.46141166e-05 4.28181041e-05 4.69548334e-05
 1.89240978e-04 1.24504805e-04 1.05424232e-04 8.89527560e-05]","[-0.07876188 -0.0780887  -0.07806337 -0.07732481 -0.07730675 -0.07809699
 -0.07728857 -0.07755125 -0.07797652 -0.07832175 -0.07703513 -0.07703191
 -0.07704031 -0.07706767 -0.07706761 -0.07703739 -0.07706797 -0.07706326
 -0.07705092 -0.07703948 -0.07706064 -0.07706118 -0.07706076 -0.07706004]"
2018-08-07,"[3.23378704e-05 5.07002422e-05 2.98850025e-05 2.51149382e-05
 2.75243634e-05 2.50017927e-05 1.81638611e-04 4.69787596e-05
 5.38467248e-05 5.07180451e-05 9.02059619e-05 8.66207024e-05
 7.66808029e-05 3.81013896e-05 4.51269658e-05 4.12889443e-05
 2.32668746e-05 3.40147924e-05 5.07345326e-05 4.46020524e-04
 7.90599446e-04 1.39448654e-04 1.01732502e-04 2.57653591e-04]","[-0.07881016 -0.07814395 -0.07812345 -0.07735777 -0.07734072 -0.07814604
 -0.07735789 -0.07761347 -0.0780375  -0.07838964 -0.07710755 -0.07710445
 -0.07711148 -0.07713956 -0.07713962 -0.07710934 -0.07713956 -0.07713473
 -0.07712269 -0.07711101 -0.07713199 -0.07713264 -0.07713234 -0.07713175]"
2018-08-08,"[9.18295195e-05 8.37131498e-05 7.66227168e-05 2.12031200e-04
 3.45209285e-04 9.24663865e-05 6.79844827e-05 1.06472306e-04
 1.21439417e-04 7.55538911e-05 9.84843599e-05 1.01317642e-04
 1.18919959e-04 1.57633554e-04 6.33945653e-05 6.40465305e-04
 2.01964899e-04 6.26219201e-04 2.95610142e-04 1.42309513e-04
 3.06693215e-04 1.83375575e-04 2.70878650e-04 7.85745444e-05]","[-0.07876998 -0.07810795 -0.07807237 -0.07732344 -0.07730609 -0.07809496
 -0.07730132 -0.07756811 -0.07799792 -0.07834285 -0.07706589 -0.0770629
 -0.0770703  -0.07709783 -0.07709765 -0.07706761 -0.07709825 -0.07709295
 -0.07708085 -0.07706964 -0.07709014 -0.07709104 -0.07709062 -0.07708973]"
2018-08-09,"[5.60340387e-05 3.11820268e-05 4.33100687e-05 4.16731191e-05
 8.48319178e-05 6.81278524e-05 2.14914816e-04 4.35783176e-05
 3.55195199e-05 3.95698438e-05 1.91076021e-05 2.30872498e-04
 7.36091282e-04 2.40059234e-04 1.22649751e-04 6.31458031e-05
 4.43211922e-05 3.26925565e-05 8.49834583e-05 5.91516176e-05
 4.94931979e-04 9.06222140e-05 9.85922919e-05 5.01951400e-05]","[-0.07917285 -0.07847691 -0.07844824 -0.07770181 -0.07769001 -0.07849407
 -0.07770818 -0.07797098 -0.07839084 -0.0787282  -0.07744718 -0.07744449
 -0.0774523  -0.07747984 -0.07747948 -0.07744944 -0.0774796  -0.07747465
 -0.07746249 -0.07745117 -0.07747203 -0.07747293 -0.07747245 -0.07747161]"
2018-08-10,"[4.98005601e-05 7.53534345e-05 2.05302167e-05 1.16370403e-04
 3.25534761e-05 5.12703406e-05 5.01070500e-05 1.91645759e-04
 2.60392297e-04 6.75229475e-05 2.17860847e-04 4.05181647e-04
 8.11851032e-05 1.97468063e-04 6.35621162e-05 8.13379863e-05
 1.54724958e-04 1.30163628e-04 7.40962336e-05 1.24176777e-03
 2.69103735e-03 3.57441811e-04 4.56251385e-04 2.26774871e-04]","[-0.07875103 -0.07807845 -0.07808197 -0.07730997 -0.07729155 -0.07810718
 -0.0773381  -0.07756704 -0.07799667 -0.07832974 -0.07704651 -0.07704324
 -0.07705039 -0.07707876 -0.07707846 -0.07704818 -0.07707816 -0.07707381
 -0.07706124 -0.07704997 -0.07707077 -0.07707155 -0.07707125 -0.0770703 ]"
2018-08-11,"[1.37011827e-04 8.24916863e-05 8.14216410e-05 9.63921371e-05
 4.04309541e-04 1.41686425e-04 9.30040077e-05 1.08669725e-04
 5.82925991e-05 7.38850466e-05 3.73821556e-05 1.27385755e-04
 7.00414133e-05 9.89845693e-05 1.03380196e-04 1.59410393e-04
 1.66919554e-03 1.88585393e-04 1.20138265e-04 4.61930931e-05
 3.32871731e-05 1.20389827e-05 2.56170219e-04 4.35014351e-04]","[-0.07908046 -0.07839513 -0.07839775 -0.07761478 -0.07760888 -0.07841671
 -0.07761765 -0.07788676 -0.07832116 -0.07866728 -0.07738364 -0.07738048
 -0.07738757 -0.07741576 -0.0774157  -0.07738525 -0.0774157  -0.0774107
 -0.07739866 -0.07738709 -0.07740808 -0.07740879 -0.07740813 -0.0774076 ]"
2018-08-12,"[2.11433584e-04 2.30281760e-05 2.32844681e-05 3.47115497e-05
 2.62842458e-04 1.63497309e-04 9.09193342e-05 6.26485964e-05
 5.86734601e-05 4.68232153e-05 1.04123967e-04 3.04282799e-04
 7.83024652e-05 2.01814787e-04 1.09580773e-04 1.75418738e-04
 1.01965323e-04 7.75273713e-05 1.46575797e-03 1.20535894e-04
 6.66502141e-05 1.12630028e-04 7.10865221e-05 2.38521480e-05]","[-0.078767   -0.07808721 -0.07805318 -0.07730711 -0.07732034 -0.07808518
 -0.07729077 -0.07755679 -0.07798254 -0.0783304  -0.07705319 -0.07705039
 -0.07705832 -0.07708549 -0.0770849  -0.07705534 -0.07708579 -0.07708061
 -0.07706863 -0.07705718 -0.07707787 -0.0770787  -0.07707816 -0.07707757]"
2018-08-13,"[9.19814925e-06 1.01833133e-05 3.32649249e-05 3.52705106e-05
 4.29639199e-05 4.21335074e-04 4.27810221e-05 3.09799264e-04
 3.97210434e-05 2.46735506e-05 2.84240707e-05 3.29475357e-05
 1.12188429e-04 7.08560397e-05 2.85790845e-04 8.97137982e-05
 5.40345993e-04 1.24474879e-04 1.00724253e-04 1.38478337e-04
 1.11459087e-04 9.66288755e-05 5.68107564e-05 1.39095731e-04]","[-0.07924324 -0.07855171 -0.07853216 -0.07778561 -0.07777333 -0.07856488
 -0.07777202 -0.07802844 -0.07845318 -0.07879132 -0.07750702 -0.07750416
 -0.07751203 -0.07753962 -0.07753944 -0.07750934 -0.07753962 -0.07753497
 -0.07752275 -0.07751167 -0.07753235 -0.0775333  -0.07753295 -0.07753211]"
2018-08-14,"[3.21182567e-04 5.13837115e-04 1.14232574e-04 7.79528356e-05
 3.85374671e-05 6.42989359e-05 2.42555127e-04 5.96615751e-05
 6.08070618e-05 6.01799107e-05 9.54359626e-05 2.83799350e-04
 1.77891926e-04 1.27021865e-04 1.54270524e-04 1.03983781e-04
 1.68358645e-04 1.10457008e-04 3.71309905e-04 8.34039980e-05
 1.43753994e-04 2.04494887e-04 1.96053927e-04 1.03165053e-04]","[-0.07874233 -0.07807267 -0.078044   -0.07729846 -0.07728904 -0.07806993
 -0.07727563 -0.07753903 -0.07796687 -0.07830703 -0.07702935 -0.07702613
 -0.07703412 -0.0770613  -0.077061   -0.07703114 -0.07706153 -0.07705653
 -0.07704437 -0.07703292 -0.07705379 -0.07705462 -0.07705438 -0.07705355]"
2018-08-15,"[5.06584656e-05 1.08216942e-04 1.16939982e-04 1.47760518e-04
 4.22504768e-05 3.43809821e-05 2.44894776e-04 1.43981409e-04
 3.35015931e-04 1.24677328e-04 9.11896530e-05 1.10604898e-04
 1.19335556e-04 8.63578851e-05 2.45700445e-04 5.23949166e-04
 1.58957581e-04 7.69559692e-05 2.72176323e-04 1.78051124e-04
 1.98227605e-04 1.75773076e-04 2.34242195e-04 1.64404207e-04]","[-0.07926935 -0.07859004 -0.07855052 -0.07779932 -0.07779282 -0.07859218
 -0.07779568 -0.07805878 -0.0784831  -0.07882196 -0.07753968 -0.0775367
 -0.07754487 -0.07757241 -0.07757193 -0.07754189 -0.07757211 -0.07756722
 -0.07755536 -0.07754385 -0.07756472 -0.07756537 -0.07756501 -0.07756418]"
2018-08-16,"[8.80337191e-05 2.73982819e-05 7.33566939e-05 8.69873002e-05
 7.22911179e-05 5.07229928e-05 1.21694866e-04 1.29777791e-04
 9.07022813e-05 1.70398490e-04 1.19357368e-04 2.44260134e-04
 1.22926142e-04 1.30346703e-04 1.53932448e-04 8.13516570e-05
 1.21489654e-04 6.62269348e-05 7.07248759e-05 3.86005151e-04
 3.10484337e-04 1.89885956e-04 7.77914112e-05 9.58376921e-05]","[-0.07910305 -0.07841575 -0.07840317 -0.07764721 -0.07763928 -0.07844919
 -0.07765615 -0.07792044 -0.07834589 -0.07868564 -0.07740635 -0.07740355
 -0.07741076 -0.07743877 -0.07743818 -0.07740796 -0.07743835 -0.07743359
 -0.07742119 -0.07740998 -0.07743073 -0.07743168 -0.0774312  -0.07743055]"
2018-08-17,"[3.78416811e-05 7.37540947e-05 8.61439104e-05 1.71125903e-04
 4.59558404e-05 4.35261627e-05 2.15843280e-04 7.00231319e-05
 1.83726199e-04 4.68618671e-05 5.11777705e-05 8.25310746e-05
 7.21291126e-05 8.30308836e-05 1.31997887e-04 1.84650153e-04
 5.89777331e-05 3.79648296e-05 1.10484502e-04 2.19532413e-04
 2.75554027e-04 1.43395251e-04 1.48220328e-04]","[-0.07912904 -0.07844663 -0.07841861 -0.07766205 -0.07765007 -0.07845247
 -0.07766175 -0.07792968 -0.0783571  -0.07869667 -0.07741535 -0.07741195
 -0.07741982 -0.07744765 -0.07744724 -0.07741719 -0.07744759 -0.07744259
 -0.07743025 -0.07741904 -0.07743973 -0.0774408  -0.0774402 ]"
2018-08-18,"[1.73641972e-04 8.37068402e-05 8.14595007e-05 8.85468291e-05
 9.65834818e-05 1.21594330e-04 1.86098754e-04 6.83910248e-05
 4.22792563e-05 8.44178729e-05 9.78511072e-05 8.85341085e-05
 4.82281966e-04 1.14875787e-04 2.29307997e-04 2.52170053e-04
 1.73342716e-04 1.10357676e-04 7.35001698e-05 1.59973316e-04
 1.55556632e-04 1.22828594e-04 8.03245963e-05 7.95269540e-05]","[-0.07907087 -0.07840276 -0.07837164 -0.07761985 -0.07760775 -0.07841492
 -0.07759327 -0.07786149 -0.07828945 -0.07862663 -0.07733595 -0.0773322
 -0.07734072 -0.07736832 -0.07736796 -0.07733732 -0.07736844 -0.07736331
 -0.07735103 -0.07733953 -0.07736063 -0.07736164 -0.07736099 -0.07736045]"
2018-08-19,"[8.69873787e-05 3.12514178e-05 7.96883747e-05 3.75128370e-05
 9.06357369e-05 5.49770568e-05 6.20918668e-05 4.08078009e-05
 5.07396234e-05 3.96652553e-05 9.97191059e-05 6.21716039e-05
 9.38244506e-05 1.30177516e-04 1.75860948e-04 9.58102293e-05
 8.56123423e-05 6.56866402e-05 6.32953222e-05 1.80281127e-04
 1.22444586e-04 6.60616509e-05 5.55105964e-05 4.14314751e-05]","[-0.07907861 -0.07839954 -0.07836688 -0.07761037 -0.07760316 -0.07841504
 -0.07761979 -0.07788765 -0.07831401 -0.07865179 -0.07737386 -0.07737106
 -0.07737893 -0.07740682 -0.07740623 -0.07737595 -0.07740623 -0.07740122
 -0.0773893  -0.07737797 -0.07739896 -0.07739949 -0.07739913 -0.07739836]"
2018-08-20,"[1.42040386e-05 3.99774608e-05 2.60954682e-05 3.94061426e-05
 3.03720434e-05 5.06738033e-05 2.15841595e-05 3.75763613e-05
 8.54317337e-05 3.27384043e-05 3.89385437e-05 6.35286205e-05
 6.00943478e-05 3.37614098e-05 7.79056754e-05 7.44054361e-05
 4.87397997e-05 2.81647729e-05 3.03130262e-05 4.59664015e-05
 5.20222308e-05 1.04332828e-03 2.49368498e-04 5.52725504e-05]","[-0.07910651 -0.0784201  -0.07837611 -0.07764876 -0.07762927 -0.07842451
 -0.07762629 -0.07790923 -0.07831806 -0.07865435 -0.07737595 -0.07737315
 -0.07738161 -0.07740825 -0.07740819 -0.07737797 -0.07740861 -0.07740337
 -0.07739151 -0.07738018 -0.07740098 -0.07740164 -0.07740146 -0.07740051]"
2018-08-21,"[2.88957924e-05 3.84444594e-05 2.37675975e-05 1.91527499e-05
 6.01278117e-05 1.01198847e-04 5.27477825e-05 9.40918133e-05
 5.01108416e-05 3.53738659e-05 2.74185300e-05 3.57150941e-05
 7.61995565e-05 1.07764942e-04 6.23707974e-05 8.66457554e-05
 8.67539988e-05 9.35377279e-05 6.37206316e-05 8.31209907e-05
 2.54299155e-04 7.38605620e-05 5.70392332e-05 7.94516621e-05]","[-0.07909578 -0.078408   -0.07838154 -0.0776248  -0.0776155  -0.07841229
 -0.07762694 -0.07788968 -0.07831722 -0.0786593  -0.07738155 -0.07737881
 -0.07738632 -0.07741427 -0.07741386 -0.07738382 -0.07741386 -0.07740933
 -0.07739705 -0.07738549 -0.07740623 -0.07740736 -0.07740682 -0.07740611]"
2018-08-22,"[4.05395110e-03 5.29092417e-04 8.03244033e-05 6.95529420e-05
 8.31894315e-05 6.29950380e-05 4.63061172e-05 4.07023756e-05
 4.45804111e-05 3.26606990e-05 4.19340252e-05 4.66675690e-05
 1.97025007e-05 2.15968895e-05 4.23282876e-04 1.15919578e-03
 4.08442121e-05 5.32854516e-05 3.15526310e-05 5.86215565e-04
 4.12788555e-04 1.06007751e-03 1.05030443e-04 9.60384266e-05]","[-0.0790956  -0.07843536 -0.07838577 -0.07764226 -0.0776186  -0.07842213
 -0.07761896 -0.07789505 -0.07830524 -0.07864773 -0.07736403 -0.07736051
 -0.07736903 -0.07739604 -0.07739615 -0.07736599 -0.07739651 -0.07739097
 -0.07737941 -0.07736802 -0.077389   -0.0773899  -0.0773893  -0.07738853]"
2018-08-23,"[3.88052551e-05 3.30193541e-05 5.33221590e-05 2.55605900e-05
 5.49681569e-05 3.56109128e-05 2.01258699e-05 1.59841099e-05
 3.39858331e-05 2.85510378e-05 3.69462333e-05 2.85758754e-05
 5.21931046e-05 1.07525105e-04 3.28148313e-05 5.94572417e-05
 3.67195203e-05 2.72413898e-05 1.13518812e-04 4.39824545e-05
 1.90603101e-04 2.03095938e-04 5.34356486e-05 4.85246960e-05]","[-0.07871658 -0.07804173 -0.07802153 -0.07727003 -0.07725644 -0.07804418
 -0.07725596 -0.07752305 -0.0779475  -0.07829392 -0.07701892 -0.07701623
 -0.07702339 -0.0770511  -0.07705069 -0.07702106 -0.07705098 -0.07704592
 -0.077034   -0.07702237 -0.07704324 -0.07704377 -0.07704365 -0.077043  ]"
2018-08-24,"[4.28253250e-05 4.75579907e-05 2.88251769e-05 2.46029979e-05
 2.48301159e-05 2.92257000e-05 8.03733805e-05 3.26767455e-05
 3.24939611e-05 3.59272154e-05 5.19145903e-05 7.09866485e-05
 1.00432265e-04 1.58478813e-04 1.41537385e-04 6.52140186e-05
 3.28006531e-04 9.59334444e-05 5.24865658e-05 4.36453844e-05
 1.88593137e-04 1.95012461e-04 8.88594790e-05 2.60775553e-04]","[-0.07916939 -0.07847929 -0.07846761 -0.07770962 -0.07769823 -0.07850218
 -0.07771087 -0.07797545 -0.07840103 -0.07874775 -0.07746506 -0.0774619
 -0.07746953 -0.07749748 -0.07749707 -0.07746691 -0.07749742 -0.0774923
 -0.07748032 -0.07746851 -0.07748961 -0.07749039 -0.07749003 -0.07748902]"
2018-08-25,"[9.77039244e-05 1.08534068e-04 1.00028953e-04 1.75875288e-04
 5.11460571e-05 6.25500042e-05 5.75718754e-05 9.21397537e-05
 8.53386431e-05 5.74181950e-05 6.20401361e-05 9.03852824e-05
 5.60465902e-05 9.62431187e-05 1.33912245e-04 8.19213306e-05
 4.43249588e-05 6.43279796e-05 4.42472950e-05 7.87169942e-05
 3.64237506e-05 7.61972450e-05 1.07337649e-04]","[-0.07883155 -0.07815951 -0.07814187 -0.07739335 -0.07738447 -0.07818335
 -0.07737118 -0.07763898 -0.0780682  -0.07841015 -0.0771237  -0.07712036
 -0.07712829 -0.07715595 -0.07715523 -0.07712507 -0.07715577 -0.07715094
 -0.07713854 -0.07712698 -0.07714814 -0.0771488  -0.07714856]"
2018-08-26,"[1.52861260e-05 2.21558998e-04 7.77269430e-05 5.17444220e-05
 2.43349670e-05 6.07114046e-05 4.48763740e-05 4.56963291e-05
 4.09686178e-05 6.25223992e-05 4.43854602e-05 4.12846466e-05
 8.58717419e-05 4.38989231e-05 5.52448238e-05 8.04133837e-05
 9.37180426e-05 4.91845117e-05 5.11509852e-05 7.31569485e-05
 6.49278028e-05 7.28934220e-05 5.29160443e-05 3.50963117e-05]","[-0.07908505 -0.07840252 -0.07839888 -0.07764626 -0.0776403  -0.07844341
 -0.07765251 -0.0779193  -0.07834584 -0.07868409 -0.07740611 -0.07740307
 -0.07741034 -0.07743818 -0.07743776 -0.07740754 -0.07743794 -0.07743293
 -0.07742083 -0.07740933 -0.07743013 -0.07743096 -0.07743084 -0.07743025]"
2018-08-27,"[3.40652002e-05 1.53067113e-05 2.51235543e-05 6.43261463e-05
 5.32348014e-05 1.99478986e-05 1.83293388e-05 3.54879661e-05
 2.70993272e-05 3.41934744e-05 6.26708444e-05 1.26644911e-04
 4.80625826e-05 5.03307079e-05 3.18326131e-05 3.39878917e-05
 2.69390926e-05 1.90773250e-05 2.84985280e-05 2.91316591e-05
 6.15601351e-05 7.86403147e-05 9.98236650e-04 7.48186133e-05]","[-0.07917786 -0.07850379 -0.07846177 -0.07770574 -0.07771409 -0.07850224
 -0.07770509 -0.07797146 -0.0784145  -0.07873803 -0.07745767 -0.07745445
 -0.07746273 -0.07749039 -0.07748961 -0.07745993 -0.07749045 -0.07748526
 -0.07747281 -0.07746184 -0.07748222 -0.07748336 -0.07748288 -0.07748222]"
2018-08-28,"[8.90695523e-05 3.14499269e-05 1.45869250e-05 2.51395528e-05
 2.00250898e-05 8.76365827e-05 4.97153677e-05 2.69228692e-05
 1.89107681e-05 2.21725170e-05 5.64509384e-04 5.37219151e-05
 1.04368083e-04 1.00348871e-04 4.51713486e-05 6.35132686e-05
 8.22598499e-05 3.94254649e-05 8.35094136e-05 8.38538589e-05
 1.01038402e-04 8.37643672e-05 7.37615560e-05 4.07238347e-05]","[-0.07901067 -0.07833356 -0.07832986 -0.07757813 -0.0775705  -0.07837451
 -0.07758123 -0.07784992 -0.07827485 -0.07861471 -0.0773387  -0.0773356
 -0.07734317 -0.07737046 -0.07737035 -0.07734013 -0.07737058 -0.07736558
 -0.07735348 -0.07734239 -0.07736272 -0.07736319 -0.07736319 -0.07736218]"
2018-08-29,"[4.58031498e-05 5.03389780e-05 3.51602813e-05 1.47361585e-05
 5.59521486e-06 3.46608267e-05 5.26737238e-05 5.85782140e-05
 6.42011289e-05 4.06867574e-05 3.94702285e-05 6.14365792e-05
 4.58372438e-05 4.26951192e-05 4.93807533e-04 7.77017907e-05
 5.37334819e-05 5.93677946e-05 2.67709789e-05 6.73550181e-05
 3.63350318e-05 3.42372684e-05 2.95878619e-05 1.02821330e-05]","[-0.07882893 -0.07815862 -0.0781287  -0.07737684 -0.07736456 -0.07815754
 -0.07736105 -0.07762539 -0.07805181 -0.07839417 -0.07711589 -0.0771125
 -0.07712072 -0.07714802 -0.07714784 -0.07711774 -0.07714826 -0.07714319
 -0.07713097 -0.07711989 -0.07714063 -0.07714134 -0.07714099 -0.07714021]"
2018-08-30,"[1.40809624e-05 5.44395591e-05 1.79031068e-05 2.64857195e-05
 6.55559397e-05 7.75182484e-05 2.29862102e-05 5.46983552e-05
 1.23760550e-04 4.61079863e-05 6.89768836e-05 9.17556521e-05
 6.20079603e-05 4.65558238e-05 4.06650793e-05 3.13698995e-05
 2.29053494e-05 5.29491499e-05 3.58382509e-05 1.64663459e-04
 7.86853847e-05 7.34481629e-05 9.47951197e-05 6.22219432e-05]","[-0.07899344 -0.07830971 -0.0782904  -0.07753724 -0.07752866 -0.07833117
 -0.07753491 -0.07780206 -0.07822907 -0.07857013 -0.07729584 -0.07729292
 -0.07730055 -0.07732803 -0.07732779 -0.07729763 -0.07732803 -0.07732302
 -0.07731104 -0.07729959 -0.07732016 -0.07732123 -0.07732064 -0.07732004]"
2018-08-31,"[2.83109661e-05 2.10655807e-05 2.07268824e-05 5.47085551e-05
 3.58279184e-05 2.25759437e-05 4.31141000e-05 3.86048865e-05
 4.60173208e-05 2.61869094e-05 3.27266127e-05 1.22641868e-04
 4.57806054e-05 5.44114923e-05 2.40322279e-04 6.24560308e-05
 9.43437015e-05 1.10358344e-04 3.90966695e-05 4.28303342e-05
 1.05152901e-04 3.54800559e-05]","[-0.07917744 -0.07849401 -0.07846403 -0.0777238  -0.07771099 -0.078511
 -0.07771468 -0.07797581 -0.07840014 -0.07873333 -0.07744831 -0.07744569
 -0.07745415 -0.07748157 -0.07748103 -0.07745099 -0.07748145 -0.07747668
 -0.07746422 -0.0774532  -0.07747382 -0.07747495]"
2018-09-03,[3.08727730e-05 1.48168894e-05],[-0.07917422 -0.07848841]
2018-09-04,"[1.03495180e-05 4.49794967e-05 1.95070940e-05 3.30132214e-05
 3.72947378e-05 2.45316442e-05 3.67466125e-05 3.86119978e-05
 3.49877594e-05 3.29123840e-05 6.22692596e-05 1.58102018e-04
 3.90439993e-05 2.12861799e-05 5.80219187e-05 4.77515478e-05
 5.28236730e-05 1.74082757e-04 6.24960322e-05 7.03180888e-05
 7.32587787e-05 3.51235704e-05 4.18422097e-05 2.20669199e-05]","[-0.07872874 -0.07805967 -0.07803786 -0.0772891  -0.07727528 -0.07806861
 -0.07727462 -0.07754183 -0.07796782 -0.07830828 -0.07703197 -0.07702905
 -0.07703626 -0.07706368 -0.07706362 -0.07703382 -0.0770638  -0.07705861
 -0.07704663 -0.07703561 -0.07705605 -0.07705694 -0.07705653 -0.07705569]"
2018-09-05,"[7.83065362e-05 7.96430488e-05 2.18234144e-05 1.47218821e-05
 1.94966950e-05 2.93884325e-05 3.96753157e-05 3.12092489e-05
 8.29687463e-04 1.82636443e-03 3.17970471e-04 2.14678291e-04
 1.66429972e-04 2.37571196e-04 1.77945673e-04 6.65229308e-04
 2.56917440e-04 7.41706140e-05 7.45641853e-05 1.20418635e-04
 3.51051724e-04 1.30458525e-04 1.82379092e-03 4.50353307e-03]","[-0.07925093 -0.07856357 -0.07855541 -0.0777511  -0.07772893 -0.07859039
 -0.0777235  -0.07797068 -0.0784322  -0.07883036 -0.07746774 -0.07746285
 -0.07747084 -0.07750028 -0.07750022 -0.0774675  -0.07750046 -0.07749546
 -0.07748276 -0.07746971 -0.07749242 -0.07749307 -0.07749265 -0.077492  ]"
2018-09-06,"[3.48165679e-04 1.92218388e-04 9.72320775e-05 7.03362504e-05
 1.42879886e-04 1.01640829e-04 1.35321710e-04 5.71712662e-05
 4.86741667e-04 8.44778285e-05 1.16577794e-04 7.15149831e-05
 1.61342515e-04 1.33911193e-04 1.50821764e-04 5.25111426e-05
 7.34665050e-05 4.81334612e-04 5.20708985e-05 8.33717956e-05
 7.98832036e-05 6.75433361e-05 1.16694738e-04 7.98392502e-05]","[-0.07912242 -0.0784353  -0.0784328  -0.07768917 -0.07767653 -0.07847333
 -0.0776816  -0.07794374 -0.07837439 -0.0787155  -0.07743782 -0.07743466
 -0.07744217 -0.07746994 -0.07746959 -0.07743949 -0.07746971 -0.0774647
 -0.07745266 -0.07744116 -0.07746208 -0.07746273 -0.07746261 -0.07746148]"
2018-09-07,"[3.09579384e-05 5.49768263e-05 3.39809037e-05 2.59705156e-05
 2.42434532e-05 1.02385489e-04 3.23909713e-05 5.77269814e-05
 2.17030103e-05 2.30264329e-04 7.45394588e-05 7.20779898e-05
 5.56884656e-05 8.96173490e-05 1.19387763e-04 1.76681166e-04
 9.05776123e-05 5.08748971e-05 3.71301492e-05 7.22580508e-05
 9.55781466e-05 3.96639855e-05 3.05758857e-05 4.10891617e-05]","[-0.07916254 -0.07847989 -0.07844836 -0.0776999  -0.07768673 -0.07848817
 -0.07769674 -0.07796323 -0.078385   -0.0787223  -0.07744235 -0.07743955
 -0.07744724 -0.07747465 -0.07747483 -0.07744461 -0.07747489 -0.07746983
 -0.07745779 -0.0774461  -0.0774672  -0.07746786 -0.07746774 -0.07746691]"
2018-09-08,"[3.24606076e-05 2.15296234e-05 3.29418062e-05 3.06990462e-05
 1.27800685e-05 2.44606190e-05 1.62152037e-05 3.25968379e-05
 1.80573649e-05 3.55112134e-05 1.73914488e-04 9.54980961e-05
 8.33150648e-05 1.01714517e-03 4.33665346e-04 1.05968371e-04
 1.92543359e-04 4.79907383e-05 3.67116679e-05 3.10944870e-05
 3.62634646e-05]","[-0.07913625 -0.07845563 -0.07844275 -0.07768857 -0.0776729  -0.07847494
 -0.07767493 -0.0779407  -0.07836688 -0.07870829 -0.0774318  -0.07742876
 -0.07743615 -0.07746404 -0.07746369 -0.07743335 -0.0774641  -0.07745904
 -0.07744688 -0.07743549 -0.07745624]"
2018-09-09,"[4.99520516e-05 6.22263802e-05 5.02697765e-04 4.09947781e-05
 3.41292390e-05 3.50174065e-05 3.52305071e-05 9.81909559e-04
 1.20579945e-04 1.19266619e-04 1.17913014e-04 1.46529471e-04
 6.60095320e-05 6.13864393e-05 3.43688412e-05 3.32474960e-05
 3.91019222e-05 2.61371623e-05 3.09549348e-05 4.58278912e-05
 3.92059267e-04 1.19737431e-04 7.22509092e-05]","[-0.07874763 -0.07808161 -0.07807422 -0.07732958 -0.07731456 -0.07810318
 -0.07730711 -0.07757819 -0.07800066 -0.07834184 -0.07706493 -0.07706201
 -0.07706952 -0.0770964  -0.07709658 -0.07706642 -0.07709724 -0.07709199
 -0.07707989 -0.07706845 -0.07708919 -0.07708997 -0.07708943]"
2018-09-10,"[1.24753365e-04 5.74573696e-05 3.35085401e-05 4.23900932e-05
 3.47802370e-05 1.66104900e-05 3.87769815e-05 2.53485034e-05
 5.71598836e-05 4.94029187e-05 3.43515969e-05 2.34982680e-05
 3.43220161e-05 6.98732157e-05 4.19675691e-05 8.22591016e-05
 7.26446179e-05 2.90856770e-05 2.45886558e-05 4.16780412e-05
 7.24228992e-05 7.36730619e-05 5.07746783e-05]","[-0.0791145  -0.07843411 -0.07842797 -0.07767588 -0.07766843 -0.07847869
 -0.0776881  -0.07796091 -0.07838738 -0.07872504 -0.07744747 -0.07744449
 -0.07745218 -0.07747972 -0.07747924 -0.07744908 -0.07747936 -0.0774743
 -0.07746202 -0.07745075 -0.07747173 -0.07747239 -0.07747215]"
2018-09-11,"[8.10422554e-05 1.03632638e-04 3.51082944e-05 3.31460553e-05
 3.99495437e-05 4.43228726e-05 6.35269212e-05 4.16783107e-05
 6.31181229e-05 2.99379693e-05 1.90782491e-04 8.08251268e-05
 6.32830946e-05 1.52637163e-04 5.64603379e-05 3.67640515e-05
 1.42820452e-04 7.42998185e-05 1.06662142e-04 2.29886373e-04
 5.03248169e-05 2.56741871e-05 3.41335770e-05]","[-0.07873338 -0.07806098 -0.07805246 -0.07730037 -0.07728481 -0.0780865
 -0.07729137 -0.07756436 -0.07799023 -0.0783332  -0.07705551 -0.0770523
 -0.07705998 -0.07708752 -0.0770874  -0.07705736 -0.07708758 -0.07708251
 -0.07707077 -0.07705897 -0.07708001 -0.07708073 -0.07708025]"
2018-09-12,"[2.33047249e-05 2.49546981e-05 4.34131554e-05 2.70622458e-05
 2.79344961e-05 4.40073952e-05 4.51938338e-05 7.30261742e-05
 1.61704592e-05 3.06414739e-05 4.59123631e-05 5.02866934e-05
 5.21769934e-05 3.18106989e-05 1.62405236e-05 2.19262111e-05
 3.57201990e-05 6.95988061e-05 4.32352953e-05 2.47872426e-05
 5.03903940e-05 4.42275211e-05 2.95843253e-05 9.02411636e-05]","[-0.07907599 -0.0783996  -0.07840151 -0.07765216 -0.07764482 -0.07844144
 -0.07764924 -0.07790846 -0.07833403 -0.07867444 -0.07739753 -0.07739466
 -0.07740182 -0.07742941 -0.07742923 -0.07739884 -0.07742947 -0.07742441
 -0.07741249 -0.07740086 -0.07742167 -0.07742262 -0.07742226 -0.07742155]"
2018-09-13,"[2.93567631e-05 3.83028601e-05 1.26578583e-05 1.34876535e-05
 3.26709521e-05 1.25012186e-05 3.10955311e-05 1.90792302e-05
 1.17857002e-04 2.90205168e-05 2.64596000e-05 1.21918947e-04
 8.59949565e-05 8.28990370e-05 6.76405660e-05 1.52595291e-04
 4.55081986e-05 5.18224897e-05 9.64528647e-05 1.02777425e-04
 1.04802511e-04 7.77291469e-05 1.07715308e-04 5.76036318e-05]","[-0.07901043 -0.07833463 -0.07832164 -0.07756668 -0.07755989 -0.07836318
 -0.07757163 -0.07783908 -0.07826269 -0.07860035 -0.07732403 -0.07732087
 -0.07732856 -0.0773561  -0.07735592 -0.07732558 -0.07735598 -0.07735097
 -0.07733917 -0.07732749 -0.07734853 -0.07734913 -0.07734877 -0.07734805]"
2018-09-14,"[5.35568335e-05 9.42096503e-05 5.53284757e-05 3.42554601e-05
 3.04299166e-05 5.72641004e-06 5.42753964e-05 3.34611884e-04
 8.28894999e-05 3.45312854e-05 3.42095251e-05 4.94427045e-05
 9.58827439e-05 5.01571586e-05 4.07834439e-05 6.25806638e-05
 9.61897224e-05 3.94822126e-05 6.16096026e-05 8.18800631e-05
 4.78020995e-05 7.59764233e-05 8.25333394e-05 4.67066370e-05]","[-0.07910967 -0.0784331  -0.07840222 -0.07765138 -0.07764548 -0.07843584
 -0.07764298 -0.07789809 -0.07832468 -0.0786646  -0.07738656 -0.07738346
 -0.07739103 -0.0774188  -0.07741821 -0.07738823 -0.07741821 -0.07741362
 -0.07740182 -0.07739019 -0.07741129 -0.07741201 -0.07741171 -0.07741064]"
2018-09-15,"[3.91713306e-05 3.77448587e-05 3.36880722e-05 2.43126311e-05
 1.50470988e-05 8.92312189e-06 6.19275228e-05 2.54799673e-05
 7.14509381e-05 6.66824958e-05 3.79341352e-05 7.96745647e-05
 6.45420544e-05 4.63227322e-05 2.60049853e-05 2.81111259e-05
 5.00255127e-05 4.14125665e-05 1.22833114e-05 8.39047574e-05
 3.64663225e-05 1.90565408e-05 2.41026798e-05]","[-0.07900876 -0.07832748 -0.07832694 -0.07757604 -0.07756782 -0.07836449
 -0.0775739  -0.07783508 -0.07826078 -0.07860154 -0.07732677 -0.07732403
 -0.07733136 -0.07735878 -0.07735842 -0.0773285  -0.0773586  -0.07735384
 -0.07734209 -0.07733035 -0.07735115 -0.07735199 -0.07735145]"
2018-09-16,"[1.84828376e-05 3.94158952e-05 2.39551565e-05 4.01785301e-04
 5.97974169e-05 2.72251764e-05 3.17779570e-05 5.06530266e-05
 5.11226902e-05 3.52328318e-05 3.54292966e-05 4.77084464e-05
 8.40770140e-05 3.81982416e-05 7.63444494e-05 8.76724734e-05
 8.27938199e-05 4.25405297e-05 2.95857671e-05 6.72294600e-05
 4.07431482e-05 3.57635589e-05 6.04525223e-05 3.60401871e-05]","[-0.07906044 -0.07838231 -0.0783748  -0.07762009 -0.07761216 -0.07840872
 -0.07761866 -0.07788426 -0.07830828 -0.07864892 -0.07737339 -0.07737046
 -0.07737786 -0.07740545 -0.07740521 -0.07737523 -0.07740527 -0.07740015
 -0.07738841 -0.07737702 -0.07739741 -0.0773983  -0.07739824 -0.07739717]"
2018-09-17,"[7.65605201e-06 3.41262690e-05 2.55204820e-05 4.72333069e-05
 3.76132436e-05 3.37168960e-05 2.12785966e-05 5.50444810e-05
 2.10585817e-04 8.19606946e-05 3.11003869e-05 6.76376393e-05
 1.13487047e-04 3.07469907e-04 4.54123610e-04 8.03929764e-05
 1.05967312e-04 8.40150758e-05 9.60668536e-05 1.96134397e-04
 8.55003108e-05 6.00651894e-05 5.13138133e-05 3.55709681e-05]","[-0.07912481 -0.07845247 -0.07844752 -0.07768965 -0.0776794  -0.0784775
 -0.07767206 -0.0779348  -0.0783605  -0.07869989 -0.07741398 -0.07741058
 -0.07741815 -0.07744616 -0.07744545 -0.07741523 -0.07744598 -0.07744116
 -0.07742888 -0.07741767 -0.07743841 -0.07743913 -0.07743877 -0.07743812]"
2018-09-18,"[1.41035714e-05 1.75833052e-05 1.60847301e-05 3.68747371e-05
 2.59119496e-05 2.14987653e-05 1.81495835e-05 6.45368525e-05
 4.67767466e-05 5.96713067e-05 5.63620737e-05 1.43157924e-04
 1.11871432e-04 6.92430854e-05 3.98372163e-05 3.13820324e-05
 5.29542351e-05 5.60899342e-05 5.36573100e-04 3.96796384e-05
 7.44045369e-05 1.07122084e-04 3.92351322e-05 2.28254753e-05]","[-0.07883358 -0.07815135 -0.07814389 -0.07739711 -0.07739723 -0.07818198
 -0.07739705 -0.07766348 -0.07809049 -0.07843322 -0.07716447 -0.07716155
 -0.0771687  -0.0771963  -0.077196   -0.0771662  -0.07719612 -0.07719117
 -0.07717913 -0.07716805 -0.07718849 -0.07718927 -0.07718897 -0.07718837]"
2018-09-19,"[1.50274636e-05 1.11759726e-05 5.42170760e-05 2.31431901e-05
 1.08055347e-05 1.01728767e-05 2.20460289e-05 6.26998106e-06
 2.65084421e-05 6.02338368e-06 5.88751880e-05 5.09413073e-05
 3.46690893e-05 5.00092047e-05 1.41559244e-05 1.90613452e-05
 3.11578069e-05 3.16257017e-04 1.34926315e-03 6.02261749e-05
 9.63670060e-05 8.49795057e-05 2.59421690e-05 2.62751058e-05]","[-0.07916224 -0.07845855 -0.07845461 -0.07770687 -0.07771891 -0.07850021
 -0.0777114  -0.07797885 -0.07840443 -0.07874715 -0.07746857 -0.07746667
 -0.07747382 -0.07750142 -0.07750064 -0.07747096 -0.077501   -0.07749623
 -0.07748419 -0.07747263 -0.07749331 -0.07749408 -0.07749403 -0.07749307]"
2018-09-20,"[7.95060590e-05 6.33981432e-05 2.49392434e-05 2.15766076e-05
 1.10395205e-05 2.40883451e-05 1.76176591e-05 2.71497875e-05
 1.12881670e-05 1.26524564e-05 6.33124140e-05 3.36910596e-05
 4.16715017e-05 1.11999186e-05 1.03749117e-05 1.23212904e-05
 1.92026295e-05 3.38980780e-05 2.37432481e-05 1.47801669e-04
 2.62936527e-04 2.52853651e-04 1.31029964e-04 1.46278471e-04]","[-0.07878447 -0.0781135  -0.07811296 -0.07735956 -0.0773437  -0.0781405
 -0.07734972 -0.0776177  -0.07804251 -0.07838804 -0.07711059 -0.07710701
 -0.07711464 -0.07714194 -0.07714206 -0.07711196 -0.0771423  -0.07713705
 -0.07712513 -0.07711387 -0.07713425 -0.07713532 -0.07713497 -0.07713413]"
2018-09-21,"[3.33650150e-05 5.99264077e-05 4.57434212e-05 2.65240370e-05
 4.16657199e-05 1.92277254e-05 1.31154557e-04 3.07472465e-04
 3.79398767e-04 5.02290370e-05 1.50134055e-04 1.25146260e-04
 1.75927301e-04 1.98187862e-04 4.63942766e-04 3.52080344e-04
 2.45985393e-04 6.56246033e-05 1.13287668e-04 1.45848314e-04
 1.39852503e-04 7.62542576e-05 6.59699903e-05 1.93691634e-04]","[-0.07915133 -0.0784691  -0.07846463 -0.0777086  -0.07770211 -0.07851112
 -0.07771981 -0.07798392 -0.07840663 -0.07874686 -0.0774681  -0.0774647
 -0.07747179 -0.07749975 -0.07749939 -0.07746917 -0.07749927 -0.07749438
 -0.07748222 -0.07747084 -0.07749164 -0.07749236 -0.07749212 -0.07749104]"
2018-09-22,"[5.63745954e-05 3.94191307e-05 6.78522422e-05 1.65023118e-04
 7.54535490e-05 4.27751896e-05 4.66509581e-05 1.77399323e-04
 8.04798923e-05 2.82553280e-05 7.17999827e-05 6.11754405e-05
 6.79053415e-05 1.87095354e-05 6.33809815e-05 4.22993766e-05
 2.03562893e-05 2.08756566e-04 2.39156519e-05 4.64700720e-05
 4.54216625e-05 1.01156133e-05 7.53067800e-06 3.58106287e-05]","[-0.07913673 -0.07845712 -0.0784514  -0.07770276 -0.07768965 -0.07849091
 -0.07769954 -0.07796669 -0.07839429 -0.07873392 -0.07745588 -0.07745302
 -0.07746041 -0.07748801 -0.07748783 -0.07745761 -0.07748801 -0.077483
 -0.07747078 -0.07745957 -0.07748044 -0.07748109 -0.07748085 -0.07748002]"
2018-09-23,"[1.51337587e-05 2.06600727e-06 6.25203674e-06 8.58368953e-06
 8.09629155e-06 9.33003877e-06 2.58127487e-06 1.44045824e-05
 1.17570495e-04 7.38886801e-05 2.06512333e-05 5.14241159e-05
 1.06396824e-05 8.37926756e-05 9.08655579e-05 4.32641174e-05
 2.02673574e-05 1.62693635e-05 2.67997808e-05 2.30279637e-05
 3.97480703e-05 6.56624709e-05 1.70038693e-05 1.67941725e-05]","[-0.07866764 -0.07800454 -0.07800096 -0.07725382 -0.07724315 -0.07803965
 -0.07723117 -0.07749993 -0.07792473 -0.07826549 -0.07698524 -0.0769816
 -0.07698935 -0.07701701 -0.07701659 -0.07698631 -0.07701683 -0.077012
 -0.07699978 -0.07698834 -0.07700932 -0.07701015 -0.07700992 -0.07700872]"
2018-09-24,"[1.38102345e-05 5.97492425e-06 6.40243252e-06 2.13550445e-05
 1.01293407e-05 5.61896695e-05 2.19701685e-05 3.44173049e-05
 1.87729472e-04 2.40787511e-05 3.04223239e-05 4.98608762e-05
 1.71552934e-05 1.26620125e-05 9.46302510e-06 1.31816937e-05
 2.81992813e-05 1.85401610e-05 1.10682238e-05 3.74486050e-05
 3.55194298e-05 7.53976259e-05 1.06941374e-04 1.55435713e-04]","[-0.07915825 -0.0784775  -0.07847595 -0.0777238  -0.07771581 -0.07852185
 -0.07772309 -0.07798827 -0.07841271 -0.07875299 -0.07747418 -0.07747132
 -0.07747859 -0.0775063  -0.07750595 -0.07747579 -0.07750612 -0.07750136
 -0.07748908 -0.07747769 -0.07749867 -0.07749933 -0.07749873 -0.07749838]"
2018-09-25,"[1.61942564e-04 5.82299860e-05 7.22144913e-05 3.48124482e-05
 1.02814373e-05 3.37535323e-05 8.29641040e-05 4.87818944e-05
 2.63622488e-05 2.10153789e-05 3.36663634e-05 5.24293538e-05
 5.57506663e-05 4.20566003e-05 8.86675527e-05 3.28594025e-05
 4.71374488e-05 1.59060875e-04 4.61117806e-05 2.95065426e-04
 2.15368511e-04 4.51286224e-05 1.04439048e-04 2.25104657e-05]","[-0.07906514 -0.07839584 -0.07838738 -0.07762957 -0.07761633 -0.07841587
 -0.07761627 -0.07787937 -0.07830828 -0.07864547 -0.07736236 -0.07735932
 -0.07736671 -0.07739443 -0.07739431 -0.07736391 -0.0773946  -0.0773896
 -0.0773775  -0.07736599 -0.07738709 -0.07738775 -0.07738715 -0.07738656]"
2018-09-26,"[1.89876054e-05 1.06678409e-05 1.79138022e-05 4.31944399e-06
 4.53508853e-05 1.07640910e-05 2.52898145e-05 2.17461137e-05
 3.25750846e-05 2.28680526e-05 9.55163008e-05 4.35269910e-05
 2.07198489e-05 2.20643525e-05 7.92838086e-05 5.08115330e-05
 2.28995659e-05 1.22782411e-05 1.82245171e-05 5.74841743e-06
 5.58924940e-05 7.18378561e-05 5.91895173e-05 7.52670782e-05]","[-0.07918274 -0.07850516 -0.07847232 -0.07771611 -0.07770449 -0.07850319
 -0.07770902 -0.0779742  -0.07840455 -0.07874274 -0.07746267 -0.07745987
 -0.0774672  -0.07749522 -0.07749474 -0.07746476 -0.07749504 -0.07749033
 -0.07747805 -0.07746637 -0.07748735 -0.07748824 -0.07748789 -0.07748717]"
2018-09-27,"[2.13406956e-05 1.11729002e-05 7.54378072e-06 8.30406495e-06
 8.12554551e-06 2.34441124e-05 2.75547134e-05 3.44456726e-05
 3.28824456e-05 3.00686401e-05 3.09828906e-05 3.42624253e-05
 6.09996773e-05 2.28794810e-05 2.31689400e-05 1.34581263e-05
 1.29080724e-05 1.76985618e-05 2.39312455e-04 2.56221055e-04
 5.24113746e-05 7.74690126e-05 5.98127938e-05 2.81052003e-05]","[-0.07883054 -0.07816291 -0.07812846 -0.07739198 -0.0773831  -0.07817239
 -0.07737023 -0.07763368 -0.07805753 -0.07839555 -0.07711506 -0.0771119
 -0.07712024 -0.0771479  -0.07714748 -0.07711768 -0.07714802 -0.07714313
 -0.07713085 -0.07711977 -0.07714045 -0.07714117 -0.07714075 -0.07714009]"
2018-09-28,"[1.33370319e-05 4.49291819e-05 1.22871829e-05 6.93730255e-06
 6.21435257e-06 5.76165896e-05 1.07308270e-04 3.86465695e-05
 2.67029688e-04 4.31282556e-05 6.01681268e-05 9.07010030e-05
 7.64188889e-05 7.27362961e-05 5.75129855e-05 2.61307093e-05
 3.72888936e-05 1.74004701e-05 4.01475864e-04 4.75019819e-05
 2.87475714e-05 2.98896686e-05 1.97709409e-05 2.33609526e-05]","[-0.07910478 -0.07840937 -0.07839292 -0.07763714 -0.07763672 -0.07843477
 -0.07764387 -0.07791352 -0.07833922 -0.07868016 -0.07740086 -0.07739842
 -0.07740605 -0.077434   -0.07743365 -0.07740331 -0.07743382 -0.07742852
 -0.07741654 -0.07740492 -0.07742584 -0.07742697 -0.07742637 -0.07742578]"
2018-09-29,"[1.10673242e-04 5.46641512e-05 3.49445651e-05 5.91882182e-05
 2.02898998e-05 5.25545251e-05 7.06256368e-05 5.57860952e-05
 8.87605592e-05 9.16856211e-05 8.14414033e-05 1.05792456e-04
 7.79377169e-05 1.25826214e-04 5.38241095e-05 5.61958119e-05
 3.55552884e-05 4.06646493e-05 1.76217686e-04 1.21356455e-04
 5.29057934e-05 1.64748750e-04 1.50698560e-04]","[-0.07918477 -0.07850158 -0.07849938 -0.07774329 -0.07773715 -0.07854503
 -0.07775176 -0.07801795 -0.07844627 -0.07878673 -0.07750487 -0.07750183
 -0.07750916 -0.07753706 -0.07753646 -0.07750654 -0.07753694 -0.07753181
 -0.0775196  -0.07750815 -0.07752895 -0.07752991 -0.07752955]"
2018-09-30,"[1.11347286e-04 2.27357771e-05 1.68399008e-05 7.73899926e-06
 8.26794817e-06 5.08496188e-06 1.35602789e-05 1.49713406e-05
 1.97211790e-05 7.37309417e-05 2.31743003e-05 3.39023666e-05
 9.72342468e-06 1.63763332e-05 3.20414942e-05 2.53478602e-05
 2.53589057e-05 1.36620630e-05 2.38850409e-05 8.92033869e-05
 3.41105242e-05]","[-0.08582139 -0.0850082  -0.08500671 -0.08416331 -0.08416742 -0.0850476
 -0.08414626 -0.08443427 -0.08486176 -0.08517593 -0.08379126 -0.08378989
 -0.08379954 -0.0838297  -0.08382773 -0.08379567 -0.0838291  -0.08382303
 -0.08381069 -0.08380049 -0.08382255]"
