datetime,ARIMAX
2018-07-03 23:00:00,0.00022264288135306147
2018-07-04 00:00:00,0.0001799691019640837
2018-07-04 01:00:00,0.00021267652122349508
2018-07-04 02:00:00,0.0002109950757339859
2018-07-04 03:00:00,0.00015115941000859234
2018-07-04 04:00:00,0.00014418712768233348
2018-07-04 05:00:00,0.000154820646889221
2018-07-04 06:00:00,0.00014976166323870738
2018-07-04 07:00:00,0.000148929622330801
2018-07-04 08:00:00,0.0001504866770309877
2018-07-04 09:00:00,0.0001827331137212295
2018-07-04 10:00:00,0.00012746151181490208
2018-07-04 11:00:00,0.0001524407410360931
2018-07-04 12:00:00,0.00014909783818285328
2018-07-04 13:00:00,0.00023886623781960267
2018-07-04 14:00:00,0.00033677867721776774
2018-07-04 15:00:00,0.00022086126069691275
2018-07-04 16:00:00,0.00015869523578023164
2018-07-04 17:00:00,0.0001424176960589859
2018-07-04 18:00:00,0.00012050904152771116
2018-07-04 19:00:00,0.00013195929512128615
2018-07-04 20:00:00,0.000138980115506822
2018-07-04 21:00:00,0.00013784160803360164
2018-07-04 22:00:00,0.0001886132397568245
2018-07-04 23:00:00,0.00025916047486242773
2018-07-05 00:00:00,0.00019672277168952164
2018-07-05 01:00:00,0.00027051159209071914
2018-07-05 02:00:00,0.0002655297556670344
2018-07-05 03:00:00,0.0002403128612515764
2018-07-05 04:00:00,0.00014296169130479687
2018-07-05 06:00:00,0.00011425620094604391
2018-07-05 07:00:00,9.143912297717214e-05
2018-07-05 08:00:00,0.0001165009545520361
2018-07-05 09:00:00,0.0001015477567202807
2018-07-05 10:00:00,0.0001544257956915769
2018-07-05 11:00:00,0.0001289198857925395
2018-07-05 12:00:00,0.0001168908243332371
2018-07-05 13:00:00,0.00013643950674584583
2018-07-05 14:00:00,0.00012735906562573763
2018-07-05 15:00:00,0.0001225678982980269
2018-07-05 16:00:00,0.0001383129504416441
2018-07-05 17:00:00,0.00012060374906163645
2018-07-05 18:00:00,0.00012473362364461726
2018-07-05 19:00:00,0.00015464275096797715
2018-07-05 20:00:00,0.00013829810345208752
2018-07-05 21:00:00,0.00012416954453712796
2018-07-05 22:00:00,0.00017825723184862024
2018-07-05 23:00:00,0.0001608353391214163
2018-07-06 00:00:00,0.00015076281316905589
2018-07-06 01:00:00,0.00010337898183732646
2018-07-06 02:00:00,8.754002504962425e-05
2018-07-06 03:00:00,8.009086947956138e-05
2018-07-06 04:00:00,6.160932374672139e-05
2018-07-06 05:00:00,0.0001241516869978595
2018-07-06 06:00:00,8.749624442486226e-05
2018-07-06 07:00:00,0.00014349559045761614
2018-07-06 08:00:00,0.0002010711101445332
2018-07-06 09:00:00,0.00017903021023309162
2018-07-06 10:00:00,0.00012106195246651978
2018-07-06 11:00:00,0.00011740383048865787
2018-07-06 12:00:00,0.00011525439527090145
2018-07-06 13:00:00,0.0002098877312217939
2018-07-06 14:00:00,0.000225330515202029
2018-07-06 15:00:00,0.00013938923214489808
2018-07-06 16:00:00,0.00011495950963875064
2018-07-06 17:00:00,9.117169225564022e-05
2018-07-06 18:00:00,0.00010536404433547269
2018-07-06 19:00:00,0.00013940380114639962
2018-07-06 20:00:00,7.763106130516631e-05
2018-07-06 21:00:00,9.76269117550236e-05
2018-07-06 22:00:00,0.00014026507454331077
2018-07-06 23:00:00,0.00019094933701957402
2018-07-07 00:00:00,0.00013589598554449283
2018-07-07 01:00:00,8.350187252391413e-05
2018-07-07 02:00:00,0.00011279420606988822
2018-07-07 03:00:00,0.00011584369437266701
2018-07-07 04:00:00,0.00011396937164056318
2018-07-07 05:00:00,0.00011452596889173014
2018-07-07 06:00:00,7.228900827281394e-05
2018-07-07 07:00:00,5.498669068855221e-05
2018-07-07 08:00:00,7.793768817309334e-05
2018-07-07 09:00:00,7.816540517681007e-05
2018-07-07 10:00:00,6.272144818023866e-05
2018-07-07 11:00:00,7.0759515945261e-05
2018-07-07 12:00:00,0.00010279793567257838
2018-07-07 13:00:00,0.00017199518472237724
2018-07-07 14:00:00,0.00021142126676942152
2018-07-07 15:00:00,0.00016694988062308599
2018-07-07 16:00:00,0.00012612818843091544
2018-07-07 17:00:00,0.00013957157146979028
2018-07-07 18:00:00,0.0001262343244049109
2018-07-07 19:00:00,0.00010949033067875113
2018-07-07 20:00:00,0.0001302102512139311
2018-07-07 21:00:00,0.00011713395177894246
2018-07-07 22:00:00,8.94576838961575e-05
2018-07-07 23:00:00,0.00015401403702309608
2018-07-08 00:00:00,0.0003908031587213619
2018-07-08 01:00:00,0.00034765669055148644
2018-07-08 02:00:00,0.00024037570782877587
2018-07-08 03:00:00,0.00021068756370834827
2018-07-08 04:00:00,0.00015948778598227052
2018-07-08 05:00:00,9.011656863107224e-05
2018-07-08 06:00:00,0.0001511022728133929
2018-07-08 07:00:00,0.00012129086788350913
2018-07-08 08:00:00,9.935648541799272e-05
2018-07-08 09:00:00,0.0001181072509019886
2018-07-08 10:00:00,0.00013325200382232897
2018-07-08 11:00:00,0.00014625270184090804
2018-07-08 12:00:00,0.00011545848530765315
2018-07-08 13:00:00,0.00013842400916215243
2018-07-08 14:00:00,0.00014882034669141527
2018-07-08 15:00:00,0.00024532985913085703
2018-07-08 16:00:00,0.0001913148766985041
2018-07-08 17:00:00,9.706376918956738e-05
2018-07-08 18:00:00,5.7088070665294464e-05
2018-07-08 19:00:00,4.9373100291562676e-05
2018-07-08 20:00:00,6.225352550657446e-05
2018-07-08 21:00:00,0.00011285830118099457
2018-07-08 22:00:00,7.356766502439148e-05
2018-07-08 23:00:00,8.06130862191912e-05
2018-07-09 00:00:00,0.00018442801031942483
2018-07-09 01:00:00,0.00012499618632237508
2018-07-09 02:00:00,0.00010070693519235984
2018-07-09 03:00:00,7.552978866568456e-05
2018-07-09 04:00:00,7.849957291354367e-05
2018-07-09 05:00:00,0.0001097943114767895
2018-07-09 06:00:00,8.251909939047443e-05
2018-07-09 07:00:00,0.0001012183942427327
2018-07-09 08:00:00,9.872177817816102e-05
2018-07-09 09:00:00,9.701332718386053e-05
2018-07-09 10:00:00,0.00013639131365959822
2018-07-09 11:00:00,0.00011459166645720954
2018-07-09 12:00:00,0.0001069573735084594
2018-07-09 13:00:00,0.0001234642290790093
2018-07-09 15:00:00,8.008130129871645e-05
2018-07-09 16:00:00,0.00010032209849361873
2018-07-09 17:00:00,0.0001390866454548082
2018-07-09 18:00:00,0.00015837940890770394
2018-07-09 19:00:00,7.978320575045722e-05
2018-07-09 20:00:00,6.641980123968783e-05
2018-07-09 21:00:00,8.14553639474117e-05
2018-07-09 22:00:00,8.411104290033057e-05
2018-07-09 23:00:00,0.0002650614349240212
2018-07-10 00:00:00,0.00038613449639410757
2018-07-10 01:00:00,0.00021024240734739548
2018-07-10 02:00:00,0.00010987088574507484
2018-07-10 03:00:00,0.00012562313327810538
2018-07-10 04:00:00,0.0001134044690458949
2018-07-10 05:00:00,0.00010051123683070033
2018-07-10 06:00:00,9.808292889724761e-05
2018-07-10 07:00:00,0.00021467835000154692
2018-07-10 08:00:00,0.00014168644443265154
2018-07-10 09:00:00,0.00011843348905000955
2018-07-10 10:00:00,0.00027562911636064226
2018-07-10 11:00:00,0.00024460388602551677
2018-07-10 12:00:00,0.0003385211792032979
2018-07-10 13:00:00,0.00026311956010413736
2018-07-10 14:00:00,0.0001824476014920105
2018-07-10 15:00:00,0.00014613239017725166
2018-07-10 16:00:00,9.12042063457482e-05
2018-07-10 17:00:00,0.00014268192589929134
2018-07-10 18:00:00,0.00011140275512985565
2018-07-10 19:00:00,9.582524820803148e-05
2018-07-10 20:00:00,0.0001007085954576092
2018-07-10 21:00:00,0.00012802388083591685
2018-07-10 22:00:00,0.000194264312936427
2018-07-11 00:00:00,0.00027073930699326445
2018-07-11 01:00:00,0.00022770542751271344
2018-07-11 02:00:00,0.00012324544355090544
2018-07-11 03:00:00,0.00012339630869301024
2018-07-11 04:00:00,0.00013084094489835172
2018-07-11 05:00:00,0.00012934206883556147
2018-07-11 06:00:00,0.00016632556892672658
2018-07-11 07:00:00,0.00015951283006595288
2018-07-11 08:00:00,0.0001439029626664307
2018-07-11 09:00:00,0.00012322061702403517
2018-07-11 10:00:00,0.00011621582820076052
2018-07-11 12:00:00,0.00016412637499847211
2018-07-11 13:00:00,0.00010244763698980081
2018-07-11 14:00:00,0.0001440043555154598
2018-07-11 15:00:00,0.00011443876770862691
2018-07-11 16:00:00,8.226622451410006e-05
2018-07-11 17:00:00,9.033548719373178e-05
2018-07-11 18:00:00,0.0001020984790990743
2018-07-11 19:00:00,7.907352253393479e-05
2018-07-11 20:00:00,0.00016918598608631807
2018-07-11 21:00:00,9.652485341029909e-05
2018-07-11 22:00:00,0.00022316731816693532
2018-07-11 23:00:00,0.00012432657743733267
2018-07-12 00:00:00,9.032561055154221e-05
2018-07-12 01:00:00,7.210700700137212e-05
2018-07-12 02:00:00,8.121471224247658e-05
2018-07-12 03:00:00,9.751713836826099e-05
2018-07-12 04:00:00,6.41044301922143e-05
2018-07-12 05:00:00,6.13870125344606e-05
2018-07-12 06:00:00,7.312402386248244e-05
2018-07-12 07:00:00,0.00021638614720106506
2018-07-12 08:00:00,0.0002462206297700042
2018-07-12 09:00:00,0.00035856216265199993
2018-07-12 10:00:00,0.00021559471633542972
2018-07-12 11:00:00,0.00014406522219854458
2018-07-12 12:00:00,0.00014461950537673088
2018-07-12 13:00:00,0.0001420491188970074
2018-07-12 14:00:00,0.00012377122111295843
2018-07-12 15:00:00,0.00011430855963040689
2018-07-12 16:00:00,9.50808041249706e-05
2018-07-12 17:00:00,0.00012905644566981397
2018-07-12 18:00:00,0.00011296204905751859
2018-07-12 19:00:00,8.402142580087141e-05
2018-07-12 20:00:00,8.720449705716413e-05
2018-07-12 21:00:00,0.00011372723671058352
2018-07-12 22:00:00,0.00014259620014738238
2018-07-12 23:00:00,0.00023160486652505093
2018-07-13 00:00:00,0.0003099906447182768
2018-07-13 01:00:00,0.00022647171967302192
2018-07-13 02:00:00,0.00012838644794890868
2018-07-13 03:00:00,0.00013132750479423905
2018-07-13 04:00:00,0.00013275696335594622
2018-07-13 05:00:00,0.00015349007399775142
2018-07-13 06:00:00,0.00014266032213875317
2018-07-13 07:00:00,0.00011636130444217632
2018-07-13 08:00:00,0.00011268827592445503
2018-07-13 09:00:00,9.847788611970482e-05
2018-07-13 10:00:00,0.00010365983735606306
2018-07-13 11:00:00,8.064003138477775e-05
2018-07-13 12:00:00,6.501777677163825e-05
2018-07-13 13:00:00,0.00014712344398878368
2018-07-13 14:00:00,0.00015156011540665268
2018-07-13 15:00:00,0.00012041530700974477
2018-07-13 16:00:00,0.00010318353795504606
2018-07-13 17:00:00,0.00010051610726564957
2018-07-13 18:00:00,6.520218713199941e-05
2018-07-13 19:00:00,0.00014586912070666276
2018-07-13 20:00:00,0.00018736256804774908
2018-07-13 21:00:00,0.0002867275776406376
2018-07-13 22:00:00,0.00025639627143519067
2018-07-13 23:00:00,0.0001403208923186424
2018-07-14 00:00:00,0.00011822635987334556
2018-07-14 01:00:00,0.00015026268858695492
2018-07-14 02:00:00,0.00013173577476503792
2018-07-14 03:00:00,7.568240884340046e-05
2018-07-14 04:00:00,8.60083224645984e-05
2018-07-14 05:00:00,7.101179024618948e-05
2018-07-14 06:00:00,7.644731278439826e-05
2018-07-14 07:00:00,7.221628317192555e-05
2018-07-14 08:00:00,9.562140521995348e-05
2018-07-14 09:00:00,8.097017489050443e-05
2018-07-14 10:00:00,9.642832039775139e-05
2018-07-14 11:00:00,7.617385087459076e-05
2018-07-14 12:00:00,9.315342544733124e-05
2018-07-14 13:00:00,0.0001011500193692383
2018-07-14 14:00:00,5.9579252996403334e-05
2018-07-14 15:00:00,6.0023086230897556e-05
2018-07-14 16:00:00,6.872745297594322e-05
2018-07-14 17:00:00,9.500114614339478e-05
2018-07-14 18:00:00,9.751548503999586e-05
2018-07-14 19:00:00,7.362279298346555e-05
2018-07-14 20:00:00,0.00011859194158922425
2018-07-14 21:00:00,0.00016487836264560823
2018-07-14 22:00:00,0.00011893195470680656
2018-07-14 23:00:00,8.336667658565724e-05
2018-07-15 00:00:00,8.661070110775128e-05
2018-07-15 01:00:00,7.858864180191146e-05
2018-07-15 02:00:00,7.531596401992586e-05
2018-07-15 03:00:00,7.590216128852317e-05
2018-07-15 04:00:00,0.00013409021141744514
2018-07-15 05:00:00,9.51028527941016e-05
2018-07-15 06:00:00,7.399389079881525e-05
2018-07-15 07:00:00,0.00011392952191835909
2018-07-15 08:00:00,6.439115362491726e-05
2018-07-15 09:00:00,0.00020504903820892776
2018-07-15 10:00:00,0.00015025947033701757
2018-07-15 11:00:00,0.0002153633809799054
2018-07-15 12:00:00,0.00016810935304700995
2018-07-15 13:00:00,9.878677433319512e-05
2018-07-15 14:00:00,9.247868041752734e-05
2018-07-15 15:00:00,9.895716445544272e-05
2018-07-16 08:00:00,7.71958543988838e-05
2018-07-16 09:00:00,0.00012151127860740652
2018-07-16 10:00:00,0.00037413712550873315
2018-07-16 11:00:00,0.00029820856071423676
2018-07-16 12:00:00,0.0004141232132040306
2018-07-16 13:00:00,0.00029128376670070914
2018-07-16 14:00:00,0.00023252337543112526
2018-07-16 15:00:00,0.00022002930329141022
2018-07-16 16:00:00,0.00016399731012329573
2018-07-16 17:00:00,0.00019051088671022414
2018-07-16 18:00:00,0.0002247462475640786
2018-07-16 19:00:00,0.00016310383519749298
2018-07-16 20:00:00,0.00010006292579377812
2018-07-16 21:00:00,0.00010521629901597846
2018-07-16 22:00:00,0.00013564983972018732
2018-07-16 23:00:00,0.00016480527337426774
2018-07-17 00:00:00,0.0002632402927742958
2018-07-17 01:00:00,0.00016094322736426233
2018-07-17 02:00:00,0.00013180925014420611
2018-07-17 03:00:00,0.00011549638495150007
2018-07-17 04:00:00,0.00011949645644920997
2018-07-17 05:00:00,0.0001241870686434047
2018-07-17 06:00:00,0.00011696554831079614
2018-07-17 07:00:00,0.0001341929641235654
2018-07-17 08:00:00,9.12901687534236e-05
2018-07-17 09:00:00,0.00011789459347635621
2018-07-17 10:00:00,0.00010429868609569497
2018-07-17 11:00:00,7.822474891083846e-05
2018-07-17 12:00:00,8.518348460581122e-05
2018-07-17 13:00:00,0.00010744630558566513
2018-07-17 14:00:00,9.395336502786961e-05
2018-07-17 15:00:00,0.00013611758272515995
2018-07-17 16:00:00,0.0001460395215784151
2018-07-17 17:00:00,0.00012161960512214928
2018-07-17 18:00:00,0.0006089795918530507
2018-07-17 19:00:00,0.0007970241482425671
2018-07-17 21:00:00,0.00033409322648251746
2018-07-17 22:00:00,0.00043018836335338175
2018-07-17 23:00:00,0.0003520270159280523
2018-07-18 00:00:00,0.00025461013005164415
2018-07-18 01:00:00,0.00017635277167630525
2018-07-18 02:00:00,0.00012883241947445596
2018-07-18 03:00:00,0.00023796029873478068
2018-07-18 04:00:00,0.000467242234637686
2018-07-18 05:00:00,0.00025654736069840683
2018-07-18 06:00:00,0.000189926197089985
2018-07-18 07:00:00,0.0002023772035433767
2018-07-18 08:00:00,0.0002808471828643852
2018-07-18 09:00:00,0.00028615677363566657
2018-07-18 10:00:00,0.00020875213732293263
2018-07-18 11:00:00,0.00019618745101143806
2018-07-18 12:00:00,0.00019740033794582473
2018-07-18 13:00:00,0.00016769125560062745
2018-07-18 14:00:00,0.00015976895964396468
2018-07-18 15:00:00,0.0002052772597933904
2018-07-18 16:00:00,0.00020727775122479777
2018-07-18 17:00:00,0.0001136606287173299
2018-07-18 18:00:00,0.00016960939338071668
2018-07-18 19:00:00,0.00024513837330870675
2018-07-18 20:00:00,0.0001825449189186329
2018-07-18 21:00:00,0.0003882053366928463
2018-07-18 22:00:00,0.0003527228739616697
2018-07-18 23:00:00,0.0003657669956104553
2018-07-19 00:00:00,0.0003163607689919087
2018-07-19 01:00:00,0.00018098721281021934
2018-07-19 02:00:00,0.0001532003660836557
2018-07-19 03:00:00,0.00015865633238719805
2018-07-19 04:00:00,9.507252174603369e-05
2018-07-19 05:00:00,0.0001274816974023696
2018-07-19 06:00:00,0.00010743865511725723
2018-07-19 07:00:00,0.00011304582663627042
2018-07-19 08:00:00,0.00012073812236763985
2018-07-19 09:00:00,0.0001325542378728444
2018-07-19 10:00:00,0.00016557415568784997
2018-07-19 11:00:00,0.00012502799334932776
2018-07-19 12:00:00,0.00020074071118273413
2018-07-19 13:00:00,0.0001501426530598104
2018-07-19 14:00:00,0.00020924745831588372
2018-07-19 15:00:00,0.00017333399652690924
2018-07-19 16:00:00,0.0002267564279224494
2018-07-19 17:00:00,0.00019042487177284366
2018-07-19 18:00:00,0.0001447066620117855
2018-07-19 19:00:00,0.00011007236138000711
2018-07-19 20:00:00,0.0001209519531169556
2018-07-19 21:00:00,0.00019160131451433294
2018-07-19 22:00:00,0.00013550362047491142
2018-07-19 23:00:00,0.0003277126737881684
2018-07-20 00:00:00,0.00012710161708464162
2018-07-20 02:00:00,0.00011006222508832074
2018-07-20 03:00:00,9.545534344885417e-05
2018-07-20 04:00:00,9.05426306841691e-05
2018-07-20 05:00:00,7.749419353772908e-05
2018-07-20 06:00:00,0.00010145864854986292
2018-07-20 07:00:00,0.00016225946360515453
2018-07-20 08:00:00,0.00017548673380500011
2018-07-20 09:00:00,0.00014905122582078813
2018-07-20 10:00:00,0.00011595348836605
2018-07-20 11:00:00,9.065023826439798e-05
2018-07-20 12:00:00,0.00011017656095852611
2018-07-20 13:00:00,9.767930543311108e-05
2018-07-20 14:00:00,7.617217626539725e-05
2018-07-20 15:00:00,0.00010201864024099933
2018-07-20 16:00:00,0.00010470705495372797
2018-07-20 17:00:00,0.00027462465954649544
2018-07-20 18:00:00,0.00033966881401216497
2018-07-20 19:00:00,0.00023644226856317215
2018-07-20 20:00:00,0.00017711928435830703
2018-07-20 21:00:00,0.00015352947977217708
2018-07-20 22:00:00,0.00019447868556200258
2018-07-20 23:00:00,0.00023668894090353042
2018-07-21 00:00:00,0.00035945364631275004
2018-07-21 01:00:00,0.000489976865751679
2018-07-21 02:00:00,0.0002089346221994729
2018-07-21 03:00:00,0.00021555463853724656
2018-07-21 04:00:00,0.00014972521596348686
2018-07-21 05:00:00,0.00012039722111523965
2018-07-21 06:00:00,0.00014796577811790164
2018-07-21 07:00:00,0.00016697425907500338
2018-07-21 08:00:00,0.00018354933888242253
2018-07-21 09:00:00,0.00014570938749935758
2018-07-21 10:00:00,0.00012613582613248716
2018-07-21 11:00:00,0.00021180287906095383
2018-07-21 12:00:00,0.0001414187918343778
2018-07-21 13:00:00,0.00012026828959163695
2018-07-21 14:00:00,0.00012632239903829934
2018-07-21 15:00:00,0.00010359937904406864
2018-07-21 16:00:00,0.0001716445716574573
2018-07-21 17:00:00,0.00012427470531266663
2018-07-21 18:00:00,0.00012633536729355572
2018-07-21 19:00:00,9.050775778262593e-05
2018-07-21 20:00:00,9.16755087162287e-05
2018-07-21 21:00:00,7.58766356625424e-05
2018-07-21 22:00:00,7.474194799407515e-05
2018-07-21 23:00:00,5.456840248245378e-05
2018-07-22 00:00:00,6.347236671224356e-05
2018-07-22 01:00:00,0.0001895960217319398
2018-07-22 02:00:00,0.00010768756909097338
2018-07-22 03:00:00,0.00014978137531169484
2018-07-22 04:00:00,0.0001439863018140171
2018-07-22 05:00:00,0.00017377651181387614
2018-07-22 06:00:00,0.00010179511262728256
2018-07-22 07:00:00,8.593154066096152e-05
2018-07-22 08:00:00,0.00012000196464094654
2018-07-22 09:00:00,0.00017277787806829054
2018-07-22 10:00:00,0.00010250735718913053
2018-07-22 11:00:00,0.0001313177234091482
2018-07-22 12:00:00,0.00011098900648828004
2018-07-22 13:00:00,0.0001220096281958395
2018-07-22 14:00:00,0.00012093056282371684
2018-07-22 15:00:00,0.00017525194064701765
2018-07-22 16:00:00,0.0002719597061730431
2018-07-22 17:00:00,0.00015740457349811032
2018-07-22 18:00:00,0.00010201559596662965
2018-07-22 19:00:00,6.168839059928864e-05
2018-07-22 20:00:00,9.807677550405149e-05
2018-07-22 21:00:00,9.51461130471336e-05
2018-07-22 22:00:00,0.0003476454643820875
2018-07-22 23:00:00,0.00017339073551738532
2018-07-23 00:00:00,0.0001159006035303009
2018-07-23 01:00:00,0.00019447393692804144
2018-07-23 02:00:00,0.0001237770744732878
2018-07-23 03:00:00,0.00028041111373022684
2018-07-23 04:00:00,0.00011343715170046663
2018-07-23 05:00:00,0.0001812892656015406
2018-07-23 06:00:00,0.00010705246508198955
2018-07-23 07:00:00,0.00014479656919925648
2018-07-23 08:00:00,0.00024277631448063676
2018-07-23 09:00:00,0.00016260269827928075
2018-07-23 10:00:00,0.00013354366106854985
2018-07-23 11:00:00,0.00011155403937707652
2018-07-23 12:00:00,0.00011829999745428131
2018-07-23 13:00:00,0.00010786470253813782
2018-07-23 14:00:00,0.00014693654808151164
2018-07-23 15:00:00,0.00014925434899139663
2018-07-23 16:00:00,0.00017466648423899146
2018-07-23 17:00:00,0.0001939720430809764
2018-07-23 18:00:00,0.0001497342209578238
2018-07-23 19:00:00,0.00037111528789045745
2018-07-23 20:00:00,0.00027772103526956145
2018-07-23 21:00:00,0.00022929289993940883
2018-07-23 22:00:00,0.00026874982443261716
2018-07-23 23:00:00,0.00023293921378354053
2018-07-24 00:00:00,0.0003115009713901514
2018-07-24 01:00:00,0.00013828817081673646
2018-07-24 02:00:00,0.00012835581866198027
2018-07-24 03:00:00,9.6906745235158e-05
2018-07-24 04:00:00,0.00015177622563119643
2018-07-24 05:00:00,0.00027523749017168455
2018-07-24 06:00:00,0.0002778360396064832
2018-07-24 07:00:00,0.00014900918536371298
2018-07-24 08:00:00,0.00012978443276709186
2018-07-24 09:00:00,0.0001287844812605914
2018-07-24 10:00:00,0.00010711713858246645
2018-07-24 11:00:00,0.00018725144887009876
2018-07-24 12:00:00,0.00027337775792015827
2018-07-24 13:00:00,0.00039431060910405434
2018-07-24 14:00:00,0.0002653887535001489
2018-07-24 15:00:00,0.00021171371394509435
2018-07-24 16:00:00,0.00015734275810956944
2018-07-24 17:00:00,0.00012343992700603566
2018-07-24 18:00:00,0.00018614336593600093
2018-07-24 19:00:00,0.00016734415570950748
2018-07-24 20:00:00,0.00016046280830737792
2018-07-24 21:00:00,0.00019339099676384338
2018-07-24 22:00:00,0.0002963537746229401
2018-07-25 00:00:00,0.0002720463171371147
2018-07-25 01:00:00,0.0002130215980324031
2018-07-25 02:00:00,0.00011497822330372906
2018-07-25 03:00:00,0.00017473588474126089
2018-07-25 04:00:00,0.00016130481436780317
2018-07-25 05:00:00,0.00013237265679729958
2018-07-25 06:00:00,0.00012931434930269907
2018-07-25 07:00:00,0.0001960148998122533
2018-07-25 08:00:00,0.00014243863899779337
2018-07-25 09:00:00,0.00019206194170269585
2018-07-25 10:00:00,0.00018636625831301083
2018-07-25 11:00:00,0.0001979337152287009
2018-07-25 12:00:00,0.00013930766855923618
2018-07-25 13:00:00,0.0001305250944520292
2018-07-25 14:00:00,0.00012890015644666074
2018-07-25 15:00:00,9.619405058848869e-05
2018-07-25 16:00:00,0.00021473722012447545
2018-07-25 17:00:00,0.00013488284003030388
2018-07-25 18:00:00,8.272775536814226e-05
2018-07-25 19:00:00,7.283268610471785e-05
2018-07-25 20:00:00,9.707827032531143e-05
2018-07-25 21:00:00,0.0001423923975858585
2018-07-25 22:00:00,0.00023234104776071783
2018-07-25 23:00:00,0.00029446286991520416
2018-07-26 00:00:00,0.00026483653251004936
2018-07-26 01:00:00,0.00018812302539684023
2018-07-26 02:00:00,8.158756218171648e-05
2018-07-26 03:00:00,8.082704697684123e-05
2018-07-26 04:00:00,8.361424341653814e-05
2018-07-26 05:00:00,6.479419394251423e-05
2018-07-26 06:00:00,4.137006183406704e-05
2018-07-26 07:00:00,9.679223674412126e-05
2018-07-26 08:00:00,0.00011433077396507142
2018-07-26 09:00:00,0.0001412118606509039
2018-07-26 10:00:00,8.113936902839242e-05
2018-07-26 11:00:00,0.00013693746706613502
2018-07-26 12:00:00,8.333407338038125e-05
2018-07-26 13:00:00,0.00011060887653781729
2018-07-26 14:00:00,7.4681416718999e-05
2018-07-26 15:00:00,7.374641394570236e-05
2018-07-26 16:00:00,5.746373779691573e-05
2018-07-26 17:00:00,7.431670783667794e-05
2018-07-26 18:00:00,7.054798786740555e-05
2018-07-26 19:00:00,4.995065110575489e-05
2018-07-26 20:00:00,6.622237334551176e-05
2018-07-26 21:00:00,0.0001412304968252172
2018-07-26 22:00:00,0.0005550873494989384
2018-07-26 23:00:00,0.0003677040713240037
2018-07-27 00:00:00,0.00046177999660971294
2018-07-27 01:00:00,0.0002048048111372217
2018-07-27 02:00:00,0.0002070425271957813
2018-07-27 03:00:00,0.0001091199177965668
2018-07-27 04:00:00,0.00010068396979367918
2018-07-27 05:00:00,9.005406771123003e-05
2018-07-27 06:00:00,0.00010564054333418007
2018-07-27 07:00:00,0.00015484479612489882
2018-07-27 08:00:00,9.447781992277374e-05
2018-07-27 09:00:00,0.00012805067618345566
2018-07-27 10:00:00,8.433426319008882e-05
2018-07-27 11:00:00,9.376899969091937e-05
2018-07-27 12:00:00,0.00010071974664454535
2018-07-27 13:00:00,0.00018134380250845776
2018-07-27 14:00:00,0.00014995954398785042
2018-07-27 15:00:00,0.00018267956538569108
2018-07-27 16:00:00,0.00029715987325481375
2018-07-27 17:00:00,0.0002938210061022562
2018-07-27 18:00:00,0.00011421636396849031
2018-07-27 19:00:00,0.00012512612864373326
2018-07-27 20:00:00,0.00011382049932225236
2018-07-27 21:00:00,6.75392761839332e-05
2018-07-27 22:00:00,8.629385810013874e-05
2018-07-27 23:00:00,6.559938014273033e-05
2018-07-28 00:00:00,0.00014127702599444519
2018-07-28 01:00:00,0.00013359043630455192
2018-07-28 02:00:00,8.374993767237502e-05
2018-07-28 03:00:00,6.43445803982995e-05
2018-07-28 04:00:00,4.647524325666461e-05
2018-07-28 05:00:00,9.24503367332987e-05
2018-07-28 06:00:00,6.915314014035694e-05
2018-07-28 07:00:00,4.2598847113570094e-05
2018-07-28 08:00:00,6.464001081841283e-05
2018-07-28 09:00:00,5.740833480960129e-05
2018-07-28 10:00:00,0.00010479457449346434
2018-07-28 11:00:00,7.447487355272845e-05
2018-07-28 12:00:00,0.00013951528791064107
2018-07-28 13:00:00,6.486846272376095e-05
2018-07-28 14:00:00,4.775788365145376e-05
2018-07-28 15:00:00,9.398951700905079e-05
2018-07-28 16:00:00,0.0001545717798710962
2018-07-28 17:00:00,0.0001506528874484569
2018-07-28 18:00:00,9.867719490659015e-05
2018-07-28 19:00:00,5.016865906019418e-05
2018-07-28 20:00:00,4.1953518000641814e-05
2018-07-28 21:00:00,4.68330194920574e-05
2018-07-28 22:00:00,5.7317697696251156e-05
2018-07-28 23:00:00,4.369168200432975e-05
2018-07-29 00:00:00,7.515779040016954e-05
2018-07-29 01:00:00,0.00012907281546552574
2018-07-29 02:00:00,8.35673047027453e-05
2018-07-29 03:00:00,0.00011196688072447018
2018-07-29 04:00:00,9.672900273276204e-05
2018-07-29 05:00:00,7.508706597823941e-05
2018-07-29 06:00:00,8.638142843787335e-05
2018-07-29 07:00:00,7.938802799992121e-05
2018-07-29 08:00:00,6.764665173659543e-05
2018-07-29 09:00:00,0.00011191635550080328
2018-07-29 10:00:00,6.276967660583751e-05
2018-07-29 11:00:00,5.64471850959001e-05
2018-07-29 12:00:00,9.367276081479743e-05
2018-07-29 13:00:00,0.00011162085577934706
2018-07-29 14:00:00,8.724723717397518e-05
2018-07-29 15:00:00,7.254361877077911e-05
2018-07-29 16:00:00,3.889785837828678e-05
2018-07-29 17:00:00,5.752843097705514e-05
2018-07-29 18:00:00,2.3055400148090744e-05
2018-07-29 19:00:00,3.0060787683782678e-05
2018-07-29 20:00:00,5.881726912438435e-05
2018-07-29 21:00:00,4.2901383656340056e-05
2018-07-29 22:00:00,6.876739372073614e-05
2018-07-29 23:00:00,5.4646553276668145e-05
2018-07-30 00:00:00,0.0001328560362785829
2018-07-30 01:00:00,0.00024245389961240075
2018-07-30 02:00:00,0.0001413125789566088
2018-07-30 03:00:00,4.5015456752706324e-05
2018-07-30 04:00:00,5.001141936474167e-05
2018-07-30 05:00:00,4.929553923577193e-05
2018-07-30 06:00:00,3.921300772727289e-05
2018-07-30 07:00:00,0.00020762055114582776
2018-07-30 08:00:00,0.00023198429831784495
2018-07-30 09:00:00,9.657110068071964e-05
2018-07-30 10:00:00,6.649991073350826e-05
2018-07-30 11:00:00,0.00012911592507254923
2018-07-30 12:00:00,0.0001039335520570673
2018-07-30 13:00:00,8.935042499403147e-05
2018-07-30 14:00:00,0.00010855996932771254
2018-07-30 15:00:00,0.00013300720848015857
2018-07-30 16:00:00,0.0001120645300312761
2018-07-30 17:00:00,0.00013482801050108145
2018-07-30 18:00:00,0.00023024016185676198
2018-07-30 19:00:00,0.00021764325305331507
2018-07-30 20:00:00,0.0002633838937433007
2018-07-30 21:00:00,0.0003083241841457436
2018-07-30 22:00:00,0.0002101393959415301
2018-07-30 23:00:00,0.00013064859162335388
2018-07-31 00:00:00,9.838409900035796e-05
2018-07-31 01:00:00,0.00011565146880811052
2018-07-31 02:00:00,9.288256180740218e-05
2018-07-31 03:00:00,5.5194082236251887e-05
2018-07-31 04:00:00,5.6784227218395734e-05
2018-07-31 05:00:00,6.652939831144277e-05
2018-07-31 06:00:00,5.241841680057737e-05
2018-07-31 07:00:00,7.050973766720172e-05
2018-07-31 08:00:00,8.986090015277705e-05
2018-07-31 09:00:00,9.857366913133178e-05
2018-07-31 10:00:00,0.00013315856785114908
2018-07-31 11:00:00,0.00015888258985809412
2018-07-31 12:00:00,0.00012822562206500393
2018-07-31 13:00:00,0.0003488430348179863
2018-07-31 14:00:00,0.000335750358074432
2018-07-31 15:00:00,0.0003142919221117754
2018-07-31 16:00:00,0.0002579408991349811
2018-07-31 17:00:00,0.0001921926533652818
2018-07-31 18:00:00,0.0001916263688518611
2018-07-31 19:00:00,0.00012423517939394874
2018-07-31 20:00:00,0.00010819002281231185
2018-07-31 21:00:00,0.00012730995820483507
2018-07-31 22:00:00,0.00018324556657611945
2018-08-03 23:00:00,6.974878289965774e-05
2018-08-04 00:00:00,8.722416252973196e-05
2018-08-04 01:00:00,0.00012382322461337554
2018-08-04 02:00:00,8.834539090704935e-05
2018-08-04 03:00:00,8.633804473713983e-05
2018-08-04 04:00:00,6.345865011651335e-05
2018-08-04 05:00:00,5.551543689208898e-05
2018-08-04 06:00:00,4.583524526570161e-05
2018-08-04 07:00:00,5.8881698177018966e-05
2018-08-04 08:00:00,4.35670493085525e-05
2018-08-04 09:00:00,7.170156484349379e-05
2018-08-04 10:00:00,5.676473446342376e-05
2018-08-04 11:00:00,0.00010649247831198862
2018-08-04 12:00:00,6.583897456079785e-05
2018-08-04 13:00:00,0.0001939265358816968
2018-08-04 14:00:00,0.00013141162000978514
2018-08-04 15:00:00,0.0004890586755065754
2018-08-04 16:00:00,0.00041354526497909804
2018-08-04 17:00:00,0.0002924209743713485
2018-08-04 18:00:00,0.000300131167929585
2018-08-04 19:00:00,0.00013938925601932617
2018-08-04 20:00:00,0.00011186093849014991
2018-08-04 21:00:00,9.186508815923058e-05
2018-08-04 22:00:00,0.00016132805598248685
2018-08-04 23:00:00,0.00010052178268827798
2018-08-05 00:00:00,8.9231487315049e-05
2018-08-05 01:00:00,0.00024960347636771544
2018-08-05 02:00:00,0.0002971130228690739
2018-08-05 03:00:00,0.0001508652985119479
2018-08-05 04:00:00,0.00015909149286403066
2018-08-05 05:00:00,0.00014458256759016406
2018-08-05 06:00:00,6.477257274196858e-05
2018-08-05 07:00:00,6.1011550316015565e-05
2018-08-05 08:00:00,6.52998137344503e-05
2018-08-05 09:00:00,0.00011868762969973815
2018-08-05 10:00:00,0.00014769454189801534
2018-08-05 11:00:00,0.00013073499558204457
2018-08-05 12:00:00,8.826600180128354e-05
2018-08-05 13:00:00,6.994700299152341e-05
2018-08-05 14:00:00,0.00014789121533299429
2018-08-05 15:00:00,0.00019759709724228214
2018-08-05 16:00:00,0.00016010589212003525
2018-08-05 17:00:00,8.026420276079759e-05
2018-08-05 18:00:00,0.00012405283217512675
2018-08-05 19:00:00,9.437047125920726e-05
2018-08-05 20:00:00,0.0001238289096274891
2018-08-05 21:00:00,9.983353091254843e-05
2018-08-05 22:00:00,0.00015241035212481982
2018-08-05 23:00:00,9.238473988171136e-05
2018-08-06 00:00:00,8.174046981954316e-05
2018-08-06 01:00:00,9.505474650396498e-05
2018-08-06 02:00:00,0.00011496074930472738
2018-08-06 03:00:00,6.752399806399049e-05
2018-08-06 04:00:00,5.6482427019329584e-05
2018-08-06 05:00:00,5.72309196401154e-05
2018-08-06 06:00:00,8.611781874246394e-05
2018-08-06 07:00:00,5.5481063483394193e-05
2018-08-06 08:00:00,9.453986949699971e-05
2018-08-06 09:00:00,9.310287398425508e-05
2018-08-06 10:00:00,9.375215955430998e-05
2018-08-06 11:00:00,7.202644444663626e-05
2018-08-06 12:00:00,0.00010260640900997275
2018-08-06 13:00:00,8.577117158719213e-05
2018-08-06 14:00:00,0.00020176148041743658
2018-08-06 15:00:00,9.710144033776838e-05
2018-08-06 16:00:00,8.159732510260041e-05
2018-08-06 17:00:00,0.00014887353084328556
2018-08-06 18:00:00,6.929914301474276e-05
2018-08-06 19:00:00,0.00010286213939743203
2018-08-06 20:00:00,5.900957427037877e-05
2018-08-06 21:00:00,8.7483587484926e-05
2018-08-06 22:00:00,0.00024241047497749573
2018-08-06 23:00:00,0.00018493721190620467
2018-08-07 00:00:00,0.00013680410230281124
2018-08-07 01:00:00,0.00012598479941965696
2018-08-07 02:00:00,7.960613021011562e-05
2018-08-07 03:00:00,7.704580858312945e-05
2018-08-07 04:00:00,5.7709481133932926e-05
2018-08-07 05:00:00,6.015905006210263e-05
2018-08-07 06:00:00,5.97227693305016e-05
2018-08-07 07:00:00,6.16461987212017e-05
2018-08-07 08:00:00,0.00013115584742335383
2018-08-07 09:00:00,9.313824222603945e-05
2018-08-07 10:00:00,8.690079569307398e-05
2018-08-07 11:00:00,8.728093410736675e-05
2018-08-07 12:00:00,0.00010556013744909686
2018-08-07 13:00:00,0.00012973284474933838
2018-08-07 14:00:00,0.00010884086070655862
2018-08-07 15:00:00,8.37928959682437e-05
2018-08-07 16:00:00,7.44511936293836e-05
2018-08-07 17:00:00,6.799156633394793e-05
2018-08-07 18:00:00,5.127333790706714e-05
2018-08-07 19:00:00,6.144843096092134e-05
2018-08-07 20:00:00,7.650817023619255e-05
2018-08-07 21:00:00,0.00022998498707072228
2018-08-07 22:00:00,0.0006565433917956952
2018-08-07 23:00:00,0.0002443569651812006
2018-08-08 00:00:00,0.00017756419367809001
2018-08-08 01:00:00,0.0002929218551785121
2018-08-08 02:00:00,0.00011482275694162184
2018-08-08 03:00:00,0.0001238838825006541
2018-08-08 04:00:00,0.00011659186399535141
2018-08-08 05:00:00,0.0002432814231347885
2018-08-08 06:00:00,0.0002874768032121046
2018-08-08 07:00:00,0.0001493358899127854
2018-08-08 08:00:00,0.00016952071011442212
2018-08-08 09:00:00,0.00017744979170476358
2018-08-08 10:00:00,0.00016535884108543364
2018-08-08 11:00:00,0.0001385889753047837
2018-08-08 12:00:00,0.00013485979384261323
2018-08-08 13:00:00,0.0001266304691358841
2018-08-08 14:00:00,0.00013613758247803408
2018-08-08 15:00:00,0.0001695385950194987
2018-08-08 16:00:00,0.00012258644783737322
2018-08-08 17:00:00,0.00034105233600801866
2018-08-08 18:00:00,0.00021703607480670487
2018-08-08 19:00:00,0.0003439363515046609
2018-08-08 20:00:00,0.000302749942649945
2018-08-08 21:00:00,0.00017390030032299466
2018-08-08 22:00:00,0.00027331497804111243
2018-08-08 23:00:00,0.00022467812179134892
2018-08-09 00:00:00,0.0002205013739796968
2018-08-09 01:00:00,0.0001317112201155205
2018-08-09 02:00:00,0.00010847641081489859
2018-08-09 03:00:00,8.769509028930558e-05
2018-08-09 04:00:00,7.912198779648558e-05
2018-08-09 05:00:00,8.181221836564276e-05
2018-08-09 06:00:00,0.00011892547140192267
2018-08-09 07:00:00,0.00014254679322919683
2018-08-09 08:00:00,0.00022469321626802894
2018-08-09 09:00:00,0.00013533495252805201
2018-08-09 10:00:00,9.003637260497932e-05
2018-08-09 11:00:00,8.00193913342994e-05
2018-08-09 12:00:00,8.210114303894345e-05
2018-08-09 13:00:00,0.00019232753813452991
2018-08-09 14:00:00,0.000380748098586027
2018-08-09 15:00:00,0.00032799863522128223
2018-08-09 16:00:00,0.0002450302613110426
2018-08-09 17:00:00,0.0001350578711576962
2018-08-09 18:00:00,0.00012157027611460079
2018-08-09 19:00:00,7.45568047859505e-05
2018-08-09 20:00:00,0.00011627378093861455
2018-08-09 21:00:00,0.00010645645466584538
2018-08-09 22:00:00,0.00041714990324141814
2018-08-09 23:00:00,0.00017235022000849375
2018-08-10 00:00:00,0.0001756560392143306
2018-08-10 01:00:00,8.713359775236469e-05
2018-08-10 02:00:00,0.00011141047768057361
2018-08-10 03:00:00,0.00012410024314194541
2018-08-10 04:00:00,8.052781212226287e-05
2018-08-10 05:00:00,0.00015703432375562855
2018-08-10 06:00:00,0.00010014985384364786
2018-08-10 07:00:00,0.00011336339264403138
2018-08-10 08:00:00,0.00012141543425398362
2018-08-10 09:00:00,0.00020941301494303076
2018-08-10 10:00:00,0.0003161722600204254
2018-08-10 11:00:00,0.00014542429350239658
2018-08-10 12:00:00,0.00024058403170934754
2018-08-10 13:00:00,0.0003031564102608546
2018-08-10 14:00:00,0.000159512662490068
2018-08-10 15:00:00,0.00019062865827563128
2018-08-10 16:00:00,0.00012593132247138867
2018-08-10 17:00:00,0.00012324564834599982
2018-08-10 18:00:00,0.00016100350111175051
2018-08-10 19:00:00,0.0001292352067205572
2018-08-10 20:00:00,0.00014327968719221997
2018-08-10 21:00:00,0.00036038997289496264
2018-08-10 22:00:00,0.0016874626519770269
2018-08-10 23:00:00,0.00046836863686062265
2018-08-11 00:00:00,0.0006094236903942852
2018-08-11 01:00:00,0.0003971497642569225
2018-08-11 02:00:00,0.00020105703158449553
2018-08-11 03:00:00,0.00026299361460394455
2018-08-11 04:00:00,0.00016861190627860074
2018-08-11 05:00:00,0.00018476501406730416
2018-08-11 06:00:00,0.0003251191314775793
2018-08-11 07:00:00,0.0002056404501167246
2018-08-11 08:00:00,0.0001823664923593207
2018-08-11 09:00:00,0.0002037719355254177
2018-08-11 10:00:00,0.0001536440779594105
2018-08-11 11:00:00,0.00014201937225604246
2018-08-11 12:00:00,0.00012364165296769333
2018-08-11 13:00:00,0.00018470712988754255
2018-08-11 14:00:00,0.00015592386588517598
2018-08-11 15:00:00,0.0001956771947874151
2018-08-11 16:00:00,0.00019335676654197206
2018-08-11 17:00:00,0.00022721057413592024
2018-08-11 18:00:00,0.0007318142113526214
2018-08-11 19:00:00,0.0004075322704263733
2018-08-11 20:00:00,0.00018691795142483736
2018-08-11 21:00:00,0.00014963733146767822
2018-08-11 22:00:00,0.00012609661236520265
2018-08-11 23:00:00,5.408508964917741e-05
2018-08-12 00:00:00,0.00021398929139778685
2018-08-12 01:00:00,0.0004002997858198027
2018-08-12 02:00:00,0.00025418208407611807
2018-08-12 03:00:00,0.00010901751095039136
2018-08-12 04:00:00,6.321823533768667e-05
2018-08-12 05:00:00,0.00012901943629004507
2018-08-12 06:00:00,0.0003269169676007354
2018-08-12 07:00:00,0.00025109544879883653
2018-08-12 08:00:00,0.00015332501133314428
2018-08-12 09:00:00,0.0001367258039943924
2018-08-12 10:00:00,0.00010753496333547612
2018-08-12 11:00:00,0.00010714707611064063
2018-08-12 12:00:00,0.00013068141210850396
2018-08-12 13:00:00,0.00022658371035114494
2018-08-12 14:00:00,0.00019501697421763506
2018-08-12 15:00:00,0.0002744411596409302
2018-08-12 16:00:00,0.00029166974172829054
2018-08-12 17:00:00,0.00026356731665143015
2018-08-12 18:00:00,0.0001980219492064531
2018-08-12 19:00:00,0.00016533560570925938
2018-08-12 20:00:00,0.0005073362125652338
2018-08-12 21:00:00,0.00030554988724025843
2018-08-12 22:00:00,0.0001928837300712698
2018-08-12 23:00:00,0.00015001199868997452
2018-08-13 00:00:00,0.00017720674413428263
2018-08-13 01:00:00,0.00010582085998368875
2018-08-13 02:00:00,7.103725684997294e-05
2018-08-13 03:00:00,7.157850922263171e-05
2018-08-13 04:00:00,0.00011354257977320952
2018-08-13 05:00:00,0.00012193432802471467
2018-08-13 06:00:00,0.00010152406940942516
2018-08-13 07:00:00,0.00024310942733402386
2018-08-13 08:00:00,0.00019152773478992596
2018-08-13 09:00:00,0.0003940795195068863
2018-08-13 10:00:00,0.00018567772036370605
2018-08-13 11:00:00,9.833085909743317e-05
2018-08-13 12:00:00,0.00010634843024975154
2018-08-13 13:00:00,0.00011114299569888603
2018-08-13 14:00:00,0.00022037864108255206
2018-08-13 15:00:00,0.00017718823182431937
2018-08-13 16:00:00,0.00030590070333865317
2018-08-13 17:00:00,0.0002285736064816659
2018-08-13 18:00:00,0.0005612922971496278
2018-08-13 19:00:00,0.00028868660187182963
2018-08-13 20:00:00,0.00022241152948234143
2018-08-13 21:00:00,0.00019049920873362222
2018-08-13 22:00:00,0.00024433467454830764
2018-08-13 23:00:00,0.00015896487679959576
2018-08-14 00:00:00,0.00016806286297185708
2018-08-14 01:00:00,0.00021528967829306166
2018-08-14 02:00:00,0.0003741673106270444
2018-08-14 03:00:00,0.000518996531550178
2018-08-14 04:00:00,0.0002946311038082262
2018-08-14 05:00:00,0.00016328189663610386
2018-08-14 06:00:00,0.0001271102915864211
2018-08-14 07:00:00,0.0001401546015354889
2018-08-14 08:00:00,0.0002766777233059381
2018-08-14 09:00:00,0.0001324028514586648
2018-08-14 10:00:00,0.00011154188601230735
2018-08-14 11:00:00,0.000115616514282614
2018-08-14 12:00:00,0.0001451787888035184
2018-08-14 13:00:00,0.0002527343942208863
2018-08-14 14:00:00,0.00017904901350521585
2018-08-14 15:00:00,0.00021100098698519817
2018-08-14 16:00:00,0.00018333240584917368
2018-08-14 17:00:00,0.0001970907760406904
2018-08-14 18:00:00,0.00015482408041239267
2018-08-14 19:00:00,0.00012914476277231765
2018-08-14 20:00:00,0.00024406764779522498
2018-08-14 21:00:00,0.00014586198695474783
2018-08-14 22:00:00,0.00023179162482764317
2018-08-14 23:00:00,0.0003198638135516828
2018-08-15 00:00:00,0.00018719460904264787
2018-08-15 01:00:00,0.00014388109723054976
2018-08-15 02:00:00,9.740137050707603e-05
2018-08-15 03:00:00,0.00013167196884721757
2018-08-15 04:00:00,0.0001526802573368287
2018-08-15 05:00:00,0.00017468693353751534
2018-08-15 06:00:00,8.530266286456793e-05
2018-08-15 07:00:00,7.474792827591446e-05
2018-08-15 08:00:00,0.00018236895572339048
2018-08-15 09:00:00,0.00021028656611909503
2018-08-15 10:00:00,0.0002578855713001159
2018-08-15 11:00:00,0.00018674581194832443
2018-08-15 12:00:00,0.00014481554639181085
2018-08-15 13:00:00,0.00011851974068421732
2018-08-15 14:00:00,0.00013671338892335885
2018-08-15 15:00:00,0.00011819458933475022
2018-08-15 16:00:00,0.00021714225106595514
2018-08-15 17:00:00,0.0003001893470703228
2018-08-15 18:00:00,0.00016783059957798874
2018-08-15 19:00:00,0.00011679054422304767
2018-08-15 20:00:00,0.00021801144050964539
2018-08-15 21:00:00,0.00020223134615931793
2018-08-15 22:00:00,0.00020704275322012977
2018-08-15 23:00:00,0.0003253456097189199
2018-08-16 00:00:00,0.00022332437233069642
2018-08-16 01:00:00,0.00021268050327884552
2018-08-16 02:00:00,0.0001240985012431196
2018-08-16 03:00:00,7.796330325182292e-05
2018-08-16 04:00:00,0.000105594300899631
2018-08-16 05:00:00,0.00013563549006707145
2018-08-16 06:00:00,0.00011356386214649177
2018-08-16 07:00:00,0.0001092116305364839
2018-08-16 08:00:00,0.000159888886350283
2018-08-16 09:00:00,0.0001466032384561107
2018-08-16 10:00:00,0.0001285984760597598
2018-08-16 11:00:00,0.00017000657827863393
2018-08-16 12:00:00,0.0001594351511136198
2018-08-16 13:00:00,0.0002507153483786931
2018-08-16 14:00:00,0.00015496243378138692
2018-08-16 15:00:00,0.00014647985621719613
2018-08-16 16:00:00,0.0001749342590962168
2018-08-16 17:00:00,0.0001364700128805781
2018-08-16 18:00:00,0.0001365703560119986
2018-08-16 19:00:00,9.821239865534779e-05
2018-08-16 20:00:00,7.352344440967835e-05
2018-08-16 21:00:00,0.00026642302395186925
2018-08-16 22:00:00,0.0002833871912390441
2018-08-16 23:00:00,0.00024165914846792258
2018-08-17 00:00:00,0.0001282325568054141
2018-08-17 01:00:00,0.0001315851626111017
2018-08-17 02:00:00,8.848366733620405e-05
2018-08-17 03:00:00,0.00011460515964584966
2018-08-17 04:00:00,7.814764331496293e-05
2018-08-17 05:00:00,0.00015479229267758955
2018-08-17 06:00:00,0.0001054598755028786
2018-08-17 07:00:00,0.00010486783567462596
2018-08-17 08:00:00,0.0001896124531064742
2018-08-17 10:00:00,0.00013736196470362792
2018-08-17 11:00:00,0.00018999611237731836
2018-08-17 12:00:00,9.679874815576377e-05
2018-08-17 13:00:00,9.426533688528126e-05
2018-08-17 14:00:00,0.00010735293699574016
2018-08-17 15:00:00,0.00011536335710133255
2018-08-17 16:00:00,0.00010355639488796815
2018-08-17 17:00:00,0.00013184407632662378
2018-08-17 18:00:00,0.000173730128815019
2018-08-17 19:00:00,9.88368828590774e-05
2018-08-17 20:00:00,6.286405531795924e-05
2018-08-17 21:00:00,0.00011663301782626598
2018-08-17 22:00:00,0.0002088263867122693
2018-08-17 23:00:00,0.0002923304610078876
2018-08-18 00:00:00,0.00014643932321844956
2018-08-18 01:00:00,0.0002523578598416774
2018-08-18 02:00:00,0.00017080277837973416
2018-08-18 03:00:00,0.00012014863756591275
2018-08-18 04:00:00,0.00012727235477193947
2018-08-18 05:00:00,9.778312955245948e-05
2018-08-18 06:00:00,0.0001082793182484723
2018-08-18 07:00:00,0.00012282115129001186
2018-08-18 08:00:00,0.00024828039933514587
2018-08-18 09:00:00,0.00011157311325439947
2018-08-18 10:00:00,5.873220573190976e-05
2018-08-18 11:00:00,8.078795005001396e-05
2018-08-18 12:00:00,0.00014606829364507113
2018-08-18 13:00:00,0.00016986564365830369
2018-08-18 14:00:00,0.00031881451704694817
2018-08-18 15:00:00,0.00015223087139888499
2018-08-18 16:00:00,0.00016270394090668906
2018-08-18 17:00:00,0.00025752628803062626
2018-08-18 18:00:00,0.00015335165511567243
2018-08-18 19:00:00,0.00012018691436039403
2018-08-18 20:00:00,0.00011144067465379877
2018-08-18 21:00:00,0.00019231175171871564
2018-08-18 22:00:00,0.00017579394931493695
2018-08-18 23:00:00,0.00017274273439470004
2018-08-19 00:00:00,8.010431148638783e-05
2018-08-19 01:00:00,0.00011259420206318475
2018-08-19 02:00:00,0.00010936152572863964
2018-08-19 03:00:00,6.926978032789535e-05
2018-08-19 04:00:00,0.00014090871529791928
2018-08-19 05:00:00,8.046521543807744e-05
2018-08-19 06:00:00,0.0001497049199654205
2018-08-19 07:00:00,9.711611858460832e-05
2018-08-19 08:00:00,9.234333591773007e-05
2018-08-19 09:00:00,9.506553972560623e-05
2018-08-19 10:00:00,0.00011156348669516742
2018-08-19 11:00:00,5.690023090052962e-05
2018-08-19 12:00:00,0.0001154629704145719
2018-08-19 13:00:00,8.813422600326319e-05
2018-08-19 14:00:00,0.00013188939618594424
2018-08-19 15:00:00,0.00018730301601696804
2018-08-19 16:00:00,0.0001625794455421797
2018-08-19 17:00:00,0.00013982294060588388
2018-08-19 18:00:00,9.971299929546057e-05
2018-08-19 19:00:00,8.144826628571042e-05
2018-08-19 20:00:00,8.717510518028316e-05
2018-08-19 21:00:00,0.00015723801766849725
2018-08-19 22:00:00,0.0001721208721742154
2018-08-19 23:00:00,7.315997132125641e-05
2018-08-20 00:00:00,5.8124327451217286e-05
2018-08-20 01:00:00,6.027356700198467e-05
2018-08-20 02:00:00,4.311581163567087e-05
2018-08-20 03:00:00,5.9690000987712536e-05
2018-08-20 04:00:00,5.521271105155921e-05
2018-08-20 05:00:00,7.529862635199955e-05
2018-08-20 06:00:00,6.76587358769236e-05
2018-08-20 07:00:00,8.456282589516643e-05
2018-08-20 08:00:00,4.767319705918416e-05
2018-08-20 09:00:00,6.522908348536014e-05
2018-08-20 10:00:00,0.0001123752657073379
2018-08-20 11:00:00,8.531221728652734e-05
2018-08-20 12:00:00,6.493859527759927e-05
2018-08-20 13:00:00,7.643637622669739e-05
2018-08-20 14:00:00,9.896568724432866e-05
2018-08-20 15:00:00,7.740407137853207e-05
2018-08-20 16:00:00,9.533728583932245e-05
2018-08-20 17:00:00,0.00011843820796464346
2018-08-20 18:00:00,0.00011526971931057991
2018-08-20 19:00:00,8.367955664484506e-05
2018-08-20 20:00:00,7.197744237549876e-05
2018-08-20 21:00:00,9.44212417413946e-05
2018-08-20 22:00:00,8.625299204376444e-05
2018-08-20 23:00:00,0.00035567922757971806
2018-08-21 00:00:00,0.00029015479427654134
2018-08-21 01:00:00,0.00017292919522604705
2018-08-21 02:00:00,8.088922465547905e-05
2018-08-21 03:00:00,5.752769931921899e-05
2018-08-21 04:00:00,5.604498965716536e-05
2018-08-21 05:00:00,5.7741869245159265e-05
2018-08-21 06:00:00,0.00011010004377205071
2018-08-21 07:00:00,0.0001388651544941193
2018-08-21 08:00:00,0.00013112331626739294
2018-08-21 09:00:00,0.0001486401974934866
2018-08-21 10:00:00,0.00010210678744943006
2018-08-21 11:00:00,7.719826588839312e-05
2018-08-21 12:00:00,7.533505616951989e-05
2018-08-21 13:00:00,7.548204080204506e-05
2018-08-21 14:00:00,8.734284516596491e-05
2018-08-21 15:00:00,0.00012672568640608895
2018-08-21 16:00:00,8.558052895697904e-05
2018-08-21 17:00:00,0.0001278768521471768
2018-08-21 18:00:00,9.746968157839642e-05
2018-08-21 19:00:00,0.00011143730827790209
2018-08-21 20:00:00,0.00012141478578631586
2018-08-21 21:00:00,0.00010905109835268239
2018-08-21 22:00:00,0.00031679274192184204
2018-08-21 23:00:00,0.0001093115597442539
2018-08-22 00:00:00,9.028883048719601e-05
2018-08-22 01:00:00,9.598551591302699e-05
2018-08-22 02:00:00,0.0008648937302659338
2018-08-22 03:00:00,0.0005029116167188581
2018-08-22 04:00:00,0.0001669817608004587
2018-08-22 05:00:00,0.00014827840761468154
2018-08-22 06:00:00,0.0001527374579826686
2018-08-22 07:00:00,0.00010809198261810145
2018-08-22 08:00:00,0.00010948986441147578
2018-08-22 09:00:00,0.0001176409606085169
2018-08-22 10:00:00,9.55373345498241e-05
2018-08-22 11:00:00,9.876800615852746e-05
2018-08-22 12:00:00,0.00011410745681457621
2018-08-22 13:00:00,0.00011884661626570559
2018-08-22 14:00:00,9.078476288293247e-05
2018-08-22 15:00:00,8.128223219896486e-05
2018-08-22 16:00:00,0.00019190270712031953
2018-08-22 17:00:00,0.0007344900760128414
2018-08-22 18:00:00,0.00022390710101833925
2018-08-22 19:00:00,0.0001586131308257247
2018-08-22 20:00:00,0.00010032541602283567
2018-08-22 21:00:00,0.0005704342991509067
2018-08-22 22:00:00,0.0006346870499986656
2018-08-22 23:00:00,0.0009513336374730091
2018-08-23 00:00:00,0.00029895206752361995
2018-08-23 01:00:00,0.0003012717578050439
2018-08-23 02:00:00,0.0001283806753756162
2018-08-23 03:00:00,0.00010469998853300278
2018-08-23 04:00:00,0.00011150156699696277
2018-08-23 05:00:00,8.305262738249714e-05
2018-08-23 06:00:00,0.0001177907424835295
2018-08-23 07:00:00,9.383745827803568e-05
2018-08-23 08:00:00,9.872755445166648e-05
2018-08-23 09:00:00,9.528956825981354e-05
2018-08-23 10:00:00,0.00011804488835305416
2018-08-23 11:00:00,0.00011309713107442554
2018-08-23 12:00:00,0.0001649844669669605
2018-08-23 13:00:00,0.00012320183917262123
2018-08-23 14:00:00,0.0001327699745480702
2018-08-23 15:00:00,0.00018632516641162476
2018-08-23 16:00:00,0.00010342931053021268
2018-08-23 17:00:00,0.00011815200527947082
2018-08-23 18:00:00,8.84736171506945e-05
2018-08-23 19:00:00,9.032921116066906e-05
2018-08-23 20:00:00,0.00016615774934333058
2018-08-23 21:00:00,7.021760566816658e-05
2018-08-23 22:00:00,0.00026649112039815384
2018-08-23 23:00:00,0.00019297519916462057
2018-08-24 00:00:00,9.438276829813341e-05
2018-08-24 01:00:00,6.982150482185086e-05
2018-08-24 02:00:00,6.437156906220672e-05
2018-08-24 03:00:00,6.977495338251043e-05
2018-08-24 04:00:00,6.331468477664374e-05
2018-08-24 05:00:00,6.79824081760563e-05
2018-08-24 06:00:00,7.385483914464285e-05
2018-08-24 07:00:00,6.070709896672626e-05
2018-08-24 08:00:00,0.000105713428401953
2018-08-24 09:00:00,8.257734180432301e-05
2018-08-24 10:00:00,8.653036363396552e-05
2018-08-24 11:00:00,7.89689179652364e-05
2018-08-24 12:00:00,0.00011480948185162057
2018-08-24 13:00:00,8.125678588659079e-05
2018-08-24 14:00:00,0.00010599289098666093
2018-08-24 15:00:00,0.00013059538299996362
2018-08-24 16:00:00,0.00012195599273511432
2018-08-24 17:00:00,9.739830792592805e-05
2018-08-24 18:00:00,0.00017982668723345613
2018-08-24 19:00:00,0.0002219876771495744
2018-08-24 20:00:00,0.00013473243056437675
2018-08-24 21:00:00,8.302011513008575e-05
2018-08-24 22:00:00,0.0002237684540378798
2018-08-24 23:00:00,0.00017945860599976717
2018-08-25 00:00:00,0.00014347561824516717
2018-08-25 01:00:00,0.00021657975256288674
2018-08-25 02:00:00,0.00015255881471401786
2018-08-25 03:00:00,0.00015781701619755898
2018-08-25 04:00:00,0.00014109737749297231
2018-08-25 05:00:00,0.0002305838550095001
2018-08-25 06:00:00,6.95552230534763e-05
2018-08-25 07:00:00,9.679116577600687e-05
2018-08-25 08:00:00,0.00012348186533645865
2018-08-25 09:00:00,8.113104958863042e-05
2018-08-25 10:00:00,0.00011066373420198151
2018-08-25 11:00:00,0.00011688051164731275
2018-08-25 12:00:00,0.00015827426936567288
2018-08-25 13:00:00,0.0001214465606686644
2018-08-25 14:00:00,0.00012277582586498704
2018-08-25 15:00:00,0.00013488357857325823
2018-08-25 16:00:00,0.0001662798877134388
2018-08-25 17:00:00,0.00014438897486664286
2018-08-25 18:00:00,6.992006935659556e-05
2018-08-25 19:00:00,8.318317874405049e-05
2018-08-25 21:00:00,7.665364178560006e-05
2018-08-25 22:00:00,0.00014045445489351485
2018-08-25 23:00:00,7.742650650164579e-05
2018-08-26 00:00:00,0.00010208965163847773
2018-08-26 01:00:00,9.123644798151409e-05
2018-08-26 02:00:00,3.4019576286033034e-05
2018-08-26 03:00:00,0.00014174744043087654
2018-08-26 04:00:00,0.00012074018797420283
2018-08-26 05:00:00,6.18959772627896e-05
2018-08-26 06:00:00,5.198104798313523e-05
2018-08-26 07:00:00,9.682704006598373e-05
2018-08-26 08:00:00,0.00010843537365533859
2018-08-26 09:00:00,0.00012711174114956867
2018-08-26 10:00:00,8.78937080641597e-05
2018-08-26 11:00:00,0.0001080981307759798
2018-08-26 12:00:00,0.00010879107064631589
2018-08-26 13:00:00,8.474980271927484e-05
2018-08-26 14:00:00,9.478565166014292e-05
2018-08-26 15:00:00,9.30660130650659e-05
2018-08-26 16:00:00,6.99418296290655e-05
2018-08-26 17:00:00,0.0001367994818544481
2018-08-26 18:00:00,9.485857969957402e-05
2018-08-26 19:00:00,6.38540444718048e-05
2018-08-26 20:00:00,9.232229853402175e-05
2018-08-26 21:00:00,6.670865056428177e-05
2018-08-26 22:00:00,8.458696304078364e-05
2018-08-26 23:00:00,0.00010620302566956469
2018-08-27 00:00:00,0.00010577432487860294
2018-08-27 01:00:00,5.178142871662734e-05
2018-08-27 02:00:00,6.412704734673922e-05
2018-08-27 03:00:00,3.699445369918578e-05
2018-08-27 04:00:00,3.99000410821118e-05
2018-08-27 05:00:00,7.451243521207339e-05
2018-08-27 06:00:00,6.571028659030191e-05
2018-08-27 07:00:00,3.858866143027451e-05
2018-08-27 08:00:00,7.119820932223196e-05
2018-08-27 09:00:00,5.753811204254448e-05
2018-08-27 10:00:00,6.214663219888845e-05
2018-08-27 11:00:00,5.630207992899777e-05
2018-08-27 12:00:00,8.404175150038623e-05
2018-08-27 13:00:00,0.0001626651372242564
2018-08-27 14:00:00,0.00010172860928412525
2018-08-27 15:00:00,8.946175054649185e-05
2018-08-27 16:00:00,9.374843327124623e-05
2018-08-27 17:00:00,7.744423735609149e-05
2018-08-27 18:00:00,7.675264361413768e-05
2018-08-27 19:00:00,3.223554550205664e-05
2018-08-27 20:00:00,3.002054631582166e-05
2018-08-27 21:00:00,5.589724645189816e-05
2018-08-27 22:00:00,0.0001014096135801813
2018-08-27 23:00:00,0.00010585886335162824
2018-08-28 00:00:00,0.00033717756546683446
2018-08-28 01:00:00,0.00014347747561553484
2018-08-28 02:00:00,0.00013061401330373198
2018-08-28 03:00:00,8.099905033527974e-05
2018-08-28 04:00:00,5.310540205898739e-05
2018-08-28 05:00:00,5.453754503086507e-05
2018-08-28 06:00:00,5.288724294853854e-05
2018-08-28 07:00:00,9.814142432476171e-05
2018-08-28 08:00:00,0.00012175055989381351
2018-08-28 09:00:00,9.056323744256941e-05
2018-08-28 10:00:00,9.937777629352753e-05
2018-08-28 11:00:00,8.275918913378418e-05
2018-08-28 12:00:00,0.00023703576262809343
2018-08-28 13:00:00,0.00012230926754209245
2018-08-28 14:00:00,0.0001609838106552833
2018-08-28 15:00:00,0.00018182981521345753
2018-08-28 16:00:00,0.0001376712559430661
2018-08-28 17:00:00,0.0001311706729429149
2018-08-28 18:00:00,0.00013521768428031647
2018-08-28 19:00:00,7.593626882256467e-05
2018-08-28 20:00:00,0.00011834012063105312
2018-08-28 21:00:00,0.00015607853165843552
2018-08-28 22:00:00,0.00022773654886936982
2018-08-28 23:00:00,0.00014813237020835018
2018-08-29 00:00:00,0.0001131019930045348
2018-08-29 01:00:00,8.325904844459898e-05
2018-08-29 02:00:00,6.35544185434144e-05
2018-08-29 03:00:00,7.61502596127753e-05
2018-08-29 04:00:00,7.946530710593386e-05
2018-08-29 05:00:00,5.2677383187805634e-05
2018-08-29 06:00:00,3.0360575022848077e-05
2018-08-29 07:00:00,6.03857257485491e-05
2018-08-29 08:00:00,8.995753796458022e-05
2018-08-29 09:00:00,9.682699809864513e-05
2018-08-29 10:00:00,7.651899097099609e-05
2018-08-29 11:00:00,6.515435058310105e-05
2018-08-29 12:00:00,6.370089062092742e-05
2018-08-29 13:00:00,8.68482958816165e-05
2018-08-29 14:00:00,6.77498447386525e-05
2018-08-29 15:00:00,9.089801484941287e-05
2018-08-29 16:00:00,0.00020507106683673526
2018-08-29 17:00:00,0.00013857082316140213
2018-08-29 18:00:00,9.092083486056122e-05
2018-08-29 19:00:00,9.652153229645846e-05
2018-08-29 20:00:00,6.673827444703306e-05
2018-08-29 21:00:00,9.799519576739039e-05
2018-08-29 22:00:00,7.418364788535212e-05
2018-08-29 23:00:00,6.18439343271585e-05
2018-08-30 00:00:00,5.816099171905312e-05
2018-08-30 01:00:00,3.17376846102687e-05
2018-08-30 02:00:00,3.964929927542361e-05
2018-08-30 03:00:00,9.44395548148911e-05
2018-08-30 04:00:00,7.606954175522027e-05
2018-08-30 05:00:00,6.716909275630918e-05
2018-08-30 06:00:00,7.234318434046784e-05
2018-08-30 07:00:00,9.956857108523628e-05
2018-08-30 08:00:00,6.914371523768841e-05
2018-08-30 09:00:00,0.0001015329533218476
2018-08-30 10:00:00,0.00012724293864018707
2018-08-30 11:00:00,9.28456343280629e-05
2018-08-30 12:00:00,0.00010282148768666057
2018-08-30 13:00:00,0.0001048437283072799
2018-08-30 14:00:00,0.00012052495895403823
2018-08-30 15:00:00,0.00012161542088150633
2018-08-30 16:00:00,6.760183096141162e-05
2018-08-30 17:00:00,5.6853599593185546e-05
2018-08-30 18:00:00,9.259097313357842e-05
2018-08-30 19:00:00,7.44033303108363e-05
2018-08-30 20:00:00,4.9926459661346586e-05
2018-08-30 21:00:00,0.00013539005455710755
2018-08-30 22:00:00,0.00014614703872725682
2018-08-30 23:00:00,9.374204774889799e-05
2018-08-31 00:00:00,0.00017088896278921221
2018-08-31 01:00:00,0.00010306647624364128
2018-08-31 02:00:00,5.4285583459407686e-05
2018-08-31 03:00:00,3.5106376555252066e-05
2018-08-31 04:00:00,4.295968062809573e-05
2018-08-31 05:00:00,7.303834000977735e-05
2018-08-31 06:00:00,6.806334047479227e-05
2018-08-31 07:00:00,3.775240948331495e-05
2018-08-31 08:00:00,6.876981812456114e-05
2018-08-31 09:00:00,6.609794997427772e-05
2018-08-31 10:00:00,6.200884352792118e-05
2018-08-31 11:00:00,4.0362407530096845e-05
2018-08-31 12:00:00,6.450635923279109e-05
2018-08-31 13:00:00,0.00011116994526188036
2018-08-31 14:00:00,9.203316639771104e-05
2018-08-31 15:00:00,8.059925235413685e-05
2018-08-31 16:00:00,0.00014603586008458066
2018-08-31 17:00:00,7.995410795768047e-05
2018-08-31 18:00:00,0.0001026008513167358
2018-08-31 19:00:00,0.00015603744115800554
2018-08-31 20:00:00,7.95972561893582e-05
2018-08-31 21:00:00,6.046919315172602e-05
2018-08-31 22:00:00,0.00017583656035733382
2018-09-03 23:00:00,7.086513615532322e-05
2018-09-04 00:00:00,5.7395933019509236e-05
2018-09-04 01:00:00,2.4648949846094107e-05
2018-09-04 02:00:00,2.3817215700638092e-05
2018-09-04 03:00:00,5.715726486339171e-05
2018-09-04 04:00:00,2.539367938085693e-05
2018-09-04 05:00:00,3.259199872137046e-05
2018-09-04 06:00:00,4.151251473453353e-05
2018-09-04 07:00:00,5.9128709841510794e-05
2018-09-04 08:00:00,5.7821073658395675e-05
2018-09-04 09:00:00,6.127823638440426e-05
2018-09-04 10:00:00,5.975405531551685e-05
2018-09-04 11:00:00,6.71815214582354e-05
2018-09-04 12:00:00,6.356356868466201e-05
2018-09-04 13:00:00,0.00011595896885607802
2018-09-04 14:00:00,8.068733108598982e-05
2018-09-04 15:00:00,5.617118818596569e-05
2018-09-04 16:00:00,6.248607870161925e-05
2018-09-04 17:00:00,5.174671236589043e-05
2018-09-04 18:00:00,5.394051118921815e-05
2018-09-04 19:00:00,0.00011036098468036113
2018-09-04 20:00:00,7.789162365277638e-05
2018-09-04 21:00:00,8.310006383506096e-05
2018-09-04 22:00:00,0.0001252362493697039
2018-09-04 23:00:00,0.00010744927072013912
2018-09-05 00:00:00,5.7655015077776995e-05
2018-09-05 01:00:00,3.865585528563611e-05
2018-09-05 02:00:00,6.929913611252837e-05
2018-09-05 03:00:00,7.816990027549814e-05
2018-09-05 04:00:00,5.386140263517689e-05
2018-09-05 05:00:00,2.5999173233344302e-05
2018-09-05 06:00:00,4.7758668549838176e-05
2018-09-05 07:00:00,5.3268535277261764e-05
2018-09-05 08:00:00,5.427611123208747e-05
2018-09-05 09:00:00,7.817525836959373e-05
2018-09-05 10:00:00,0.00019421958580027838
2018-09-05 11:00:00,0.0005319664446648834
2018-09-05 12:00:00,0.00045019603286385946
2018-09-05 13:00:00,0.0003603812356615853
2018-09-05 14:00:00,0.00037670282218559193
2018-09-05 15:00:00,0.0003033350221792621
2018-09-05 16:00:00,0.0002628336736722373
2018-09-05 17:00:00,0.0004209914129456328
2018-09-05 18:00:00,0.0004252169669432146
2018-09-05 19:00:00,0.00020100036877467224
2018-09-05 20:00:00,0.00017497211293911004
2018-09-05 21:00:00,0.00020809091113870598
2018-09-05 22:00:00,0.0004553979997031541
2018-09-05 23:00:00,0.0002969213952472486
2018-09-06 00:00:00,0.000925126876528662
2018-09-06 01:00:00,0.0026615293681945588
2018-09-06 02:00:00,0.001049403583666387
2018-09-06 03:00:00,0.0005494550966012084
2018-09-06 04:00:00,0.0002855972260402934
2018-09-06 05:00:00,0.0002714328810396179
2018-09-06 06:00:00,0.00024747828610203587
2018-09-06 07:00:00,0.00031181808946886396
2018-09-06 08:00:00,0.0002538275958081824
2018-09-06 09:00:00,0.00016319780863358781
2018-09-06 10:00:00,0.0002560571020827392
2018-09-06 11:00:00,0.00019811759721999168
2018-09-06 12:00:00,0.00023647440508235153
2018-09-06 13:00:00,0.0001463497383887525
2018-09-06 14:00:00,0.0002332887210174768
2018-09-06 15:00:00,0.00020863406819356006
2018-09-06 16:00:00,0.00018764491026261723
2018-09-06 17:00:00,0.00017382611032788436
2018-09-06 18:00:00,0.00017527896310822746
2018-09-06 19:00:00,0.000245394109228662
2018-09-06 20:00:00,0.0001986479220138651
2018-09-06 21:00:00,0.00019764187413025744
2018-09-06 22:00:00,0.00023411860229741887
2018-09-06 23:00:00,0.00013117417082190086
2018-09-07 00:00:00,0.00022168069230430216
2018-09-07 01:00:00,0.00010644414731294709
2018-09-07 02:00:00,8.340589051958196e-05
2018-09-07 03:00:00,7.702855938600228e-05
2018-09-07 04:00:00,5.559899362048554e-05
2018-09-07 05:00:00,6.086466904461113e-05
2018-09-07 06:00:00,6.760071618972947e-05
2018-09-07 07:00:00,9.598393436222148e-05
2018-09-07 08:00:00,5.680724013417511e-05
2018-09-07 09:00:00,0.00010328535714565044
2018-09-07 10:00:00,4.552268532550049e-05
2018-09-07 11:00:00,0.0001588973808400423
2018-09-07 12:00:00,0.00012444450960870417
2018-09-07 13:00:00,0.00010805641629543707
2018-09-07 14:00:00,9.077102109718417e-05
2018-09-07 15:00:00,0.00010354485580802973
2018-09-07 16:00:00,0.00012076899344188394
2018-09-07 17:00:00,0.0001649016810853195
2018-09-07 18:00:00,0.00015786115357853978
2018-09-07 19:00:00,7.993847707490339e-05
2018-09-07 20:00:00,8.115966243641082e-05
2018-09-07 21:00:00,0.00010447607862682842
2018-09-07 22:00:00,0.00010833176032619663
2018-09-07 23:00:00,7.965445046174052e-05
2018-09-08 00:00:00,6.285887030003195e-05
2018-09-08 01:00:00,6.684781021902484e-05
2018-09-08 02:00:00,8.062449839666319e-05
2018-09-08 03:00:00,5.132877893580539e-05
2018-09-08 04:00:00,5.2678499324845874e-05
2018-09-08 05:00:00,4.875985343933481e-05
2018-09-08 06:00:00,3.250780667693392e-05
2018-09-08 07:00:00,8.483144907539807e-05
2018-09-08 09:00:00,9.257438746812673e-05
2018-09-08 10:00:00,6.706716540729828e-05
2018-09-08 11:00:00,3.5788059423855183e-05
2018-09-08 12:00:00,4.9591337016528515e-05
2018-09-08 13:00:00,0.0002826970036052251
2018-09-08 16:00:00,0.00013664653069310844
2018-09-08 17:00:00,0.00012077691479492721
2018-09-08 18:00:00,0.0005421252041694341
2018-09-08 19:00:00,0.0004674567464556128
2018-09-08 20:00:00,0.00023512878122768628
2018-09-08 21:00:00,0.00037346254710752424
2018-09-08 22:00:00,0.0002095804268864349
2018-09-08 23:00:00,7.568388282385548e-05
2018-09-09 00:00:00,6.922663520294129e-05
2018-09-09 02:00:00,0.00012409226066991248
2018-09-09 03:00:00,0.0001311962698375946
2018-09-09 04:00:00,0.000184907636842039
2018-09-09 05:00:00,0.0005539098686648922
2018-09-09 06:00:00,0.00022241630006337282
2018-09-09 07:00:00,9.509430867390011e-05
2018-09-09 08:00:00,6.70521205279012e-05
2018-09-09 09:00:00,0.00010952640620340828
2018-09-09 10:00:00,0.0005833306568993505
2018-09-09 11:00:00,0.0001899038787953781
2018-09-09 12:00:00,0.00017419428558670957
2018-09-09 13:00:00,0.00018082963749039427
2018-09-09 14:00:00,0.00024112791282700078
2018-09-09 15:00:00,0.00018482249759333452
2018-09-09 16:00:00,0.00017997569421394013
2018-09-09 17:00:00,8.633609124602711e-05
2018-09-09 18:00:00,0.00010177350806219091
2018-09-09 19:00:00,8.711657390489694e-05
2018-09-09 20:00:00,7.216048994024492e-05
2018-09-09 21:00:00,5.381971801705607e-05
2018-09-09 22:00:00,0.0001677382134479866
2018-09-09 23:00:00,0.00040233910697982456
2018-09-10 00:00:00,0.00016675984925383617
2018-09-10 01:00:00,0.00014829730842839104
2018-09-10 02:00:00,0.00019557976528748614
2018-09-10 03:00:00,7.10430157225527e-05
2018-09-10 04:00:00,8.761913751437871e-05
2018-09-10 05:00:00,0.00010684553277817318
2018-09-10 06:00:00,9.416379145657333e-05
2018-09-10 07:00:00,8.440084785036437e-05
2018-09-10 08:00:00,0.00010043845734011066
2018-09-10 09:00:00,5.5502026193877205e-05
2018-09-10 10:00:00,7.817773845780935e-05
2018-09-10 11:00:00,7.83892712164554e-05
2018-09-10 12:00:00,8.469299396367053e-05
2018-09-10 13:00:00,5.684794267678442e-05
2018-09-10 14:00:00,5.288735209247258e-05
2018-09-10 15:00:00,8.15654508755221e-05
2018-09-10 16:00:00,5.905170132223055e-05
2018-09-10 17:00:00,0.00010438435648396655
2018-09-10 18:00:00,9.759291596268104e-05
2018-09-10 19:00:00,8.854297105924143e-05
2018-09-10 20:00:00,4.98893364906023e-05
2018-09-10 21:00:00,5.29155930725432e-05
2018-09-10 22:00:00,0.00010163545280658197
2018-09-11 00:00:00,7.625191506222758e-05
2018-09-11 01:00:00,8.732082445965139e-05
2018-09-11 02:00:00,0.00012060754797943867
2018-09-11 03:00:00,0.00012080051414278852
2018-09-11 04:00:00,9.376608166882238e-05
2018-09-11 05:00:00,5.903597797450272e-05
2018-09-11 06:00:00,6.325879980549948e-05
2018-09-11 07:00:00,6.236674142164916e-05
2018-09-11 08:00:00,6.758401982291183e-05
2018-09-11 09:00:00,5.596887261458777e-05
2018-09-11 10:00:00,8.287588439390687e-05
2018-09-11 11:00:00,0.00010195178555786003
2018-09-11 12:00:00,0.0001298336264678796
2018-09-11 13:00:00,7.307491466311413e-05
2018-09-11 14:00:00,6.766575718858006e-05
2018-09-11 16:00:00,0.00014216943279606636
2018-09-11 17:00:00,8.017674641933103e-05
2018-09-11 18:00:00,6.973793116259088e-05
2018-09-11 19:00:00,0.00012235040571262484
2018-09-11 20:00:00,0.00011254629222998445
2018-09-11 21:00:00,0.0001111466301142665
2018-09-11 22:00:00,0.00021365901458762532
2018-09-11 23:00:00,9.372325472362503e-05
2018-09-12 00:00:00,7.202728670461383e-05
2018-09-12 01:00:00,8.276128084302077e-05
2018-09-12 02:00:00,4.858416758062235e-05
2018-09-12 03:00:00,5.486945919051799e-05
2018-09-12 04:00:00,6.317839593900796e-05
2018-09-12 05:00:00,6.60293828932797e-05
2018-09-12 06:00:00,4.656094581437311e-05
2018-09-12 07:00:00,5.236510057221216e-05
2018-09-12 08:00:00,5.3309299067020844e-05
2018-09-12 09:00:00,7.003258985451218e-05
2018-09-12 10:00:00,3.832223259369292e-05
2018-09-12 11:00:00,4.6577817050056896e-05
2018-09-12 12:00:00,6.472345347064704e-05
2018-09-12 13:00:00,7.610813832950349e-05
2018-09-12 14:00:00,9.01163725565364e-05
2018-09-12 15:00:00,6.48425497268127e-05
2018-09-12 16:00:00,4.2507406865295596e-05
2018-09-12 17:00:00,4.658757216489584e-05
2018-09-12 18:00:00,6.682432036832068e-05
2018-09-12 19:00:00,7.450879864897071e-05
2018-09-12 20:00:00,6.352610135643998e-05
2018-09-12 21:00:00,3.367536563072893e-05
2018-09-12 22:00:00,8.823817980288427e-05
2018-09-12 23:00:00,6.035992244330102e-05
2018-09-13 00:00:00,3.7285294988518075e-05
2018-09-13 01:00:00,8.242914106535106e-05
2018-09-13 02:00:00,3.9567037022260084e-05
2018-09-13 03:00:00,3.247383550198e-05
2018-09-13 04:00:00,5.7460241639644006e-05
2018-09-13 05:00:00,2.502936221641375e-05
2018-09-13 06:00:00,3.8380157319671255e-05
2018-09-13 07:00:00,2.4634584483771276e-05
2018-09-13 08:00:00,4.69010701490591e-05
2018-09-13 09:00:00,4.6641883022885344e-05
2018-09-13 10:00:00,7.852328534669498e-05
2018-09-13 11:00:00,5.7883994019533834e-05
2018-09-13 12:00:00,6.230942413502416e-05
2018-09-13 13:00:00,0.00010869714942201765
2018-09-13 14:00:00,0.00011777340657575192
2018-09-13 15:00:00,0.00010384924962443924
2018-09-13 16:00:00,8.746679619541264e-05
2018-09-13 17:00:00,0.00017512625925260184
2018-09-13 18:00:00,8.768969536546495e-05
2018-09-13 19:00:00,7.377380958999827e-05
2018-09-13 20:00:00,9.998695593671026e-05
2018-09-13 21:00:00,0.00010271575036337031
2018-09-13 22:00:00,0.00019582718459617207
2018-09-13 23:00:00,0.0001283990577164526
2018-09-14 00:00:00,0.0001371199127751467
2018-09-14 01:00:00,0.00010690034377743243
2018-09-14 02:00:00,6.407230349978483e-05
2018-09-14 03:00:00,0.00012150109464834343
2018-09-14 04:00:00,0.00010260233937050925
2018-09-14 05:00:00,7.677107446526784e-05
2018-09-14 06:00:00,6.280459039094276e-05
2018-09-14 07:00:00,3.305459053242146e-05
2018-09-14 08:00:00,6.119020877982892e-05
2018-09-14 09:00:00,0.0001348411647007543
2018-09-14 10:00:00,9.55239933394303e-05
2018-09-14 11:00:00,8.969092236555048e-05
2018-09-14 12:00:00,6.905830893231865e-05
2018-09-14 13:00:00,7.92657664140128e-05
2018-09-14 14:00:00,9.293034431601113e-05
2018-09-14 15:00:00,6.751410817495519e-05
2018-09-14 16:00:00,5.559565066906878e-05
2018-09-14 17:00:00,0.00010592963476564943
2018-09-14 18:00:00,0.00014575579007135094
2018-09-14 19:00:00,6.613705717440237e-05
2018-09-14 20:00:00,9.911519758501523e-05
2018-09-14 21:00:00,9.655604035041164e-05
2018-09-14 22:00:00,6.474275207308714e-05
2018-09-14 23:00:00,6.871377032796905e-05
2018-09-15 00:00:00,0.00010457301136104367
2018-09-15 01:00:00,7.952500411776184e-05
2018-09-15 02:00:00,5.9069650981852164e-05
2018-09-15 03:00:00,4.463757976707841e-05
2018-09-15 04:00:00,5.234068436843427e-05
2018-09-15 05:00:00,9.443237900838214e-05
2018-09-15 07:00:00,4.8885300165556877e-05
2018-09-15 08:00:00,3.169179995025767e-05
2018-09-15 09:00:00,6.049869524237806e-05
2018-09-15 10:00:00,3.645086170278192e-05
2018-09-15 11:00:00,5.339376299391451e-05
2018-09-15 12:00:00,6.507027997322559e-05
2018-09-15 13:00:00,5.846196516719993e-05
2018-09-15 14:00:00,0.00010950183225770556
2018-09-15 15:00:00,6.482657483092279e-05
2018-09-15 16:00:00,5.031003059640046e-05
2018-09-15 17:00:00,5.2615227426759544e-05
2018-09-15 18:00:00,5.577800544304727e-05
2018-09-15 19:00:00,5.031030835995714e-05
2018-09-15 20:00:00,9.086618070799054e-05
2018-09-15 21:00:00,4.1681856670245216e-05
2018-09-15 22:00:00,0.00012362409026284697
2018-09-15 23:00:00,4.598528582908027e-05
2018-09-16 00:00:00,3.161914414883178e-05
2018-09-16 01:00:00,4.733413371572406e-05
2018-09-16 02:00:00,2.0788803075302484e-05
2018-09-16 03:00:00,4.976802946609026e-05
2018-09-16 04:00:00,3.129118064201478e-05
2018-09-16 05:00:00,0.0002708630961042515
2018-09-16 06:00:00,0.00012706460707530116
2018-09-16 07:00:00,2.038567218933461e-05
2018-09-16 08:00:00,6.574861875861277e-05
2018-09-16 09:00:00,0.00010868885609876035
2018-09-16 10:00:00,0.00011340102965968113
2018-09-16 11:00:00,6.420571047635857e-05
2018-09-16 12:00:00,7.603452522331281e-05
2018-09-16 13:00:00,5.2852297379124785e-05
2018-09-16 14:00:00,0.00012183299885567479
2018-09-16 15:00:00,8.426962560007481e-05
2018-09-16 16:00:00,7.759191218605069e-05
2018-09-16 17:00:00,7.852999779855364e-05
2018-09-16 18:00:00,9.517958238061805e-05
2018-09-16 19:00:00,5.849069085013841e-05
2018-09-16 20:00:00,5.2692751786918996e-05
2018-09-16 21:00:00,0.00012389650140854158
2018-09-16 22:00:00,4.7234499806207864e-05
2018-09-16 23:00:00,3.5209922278255504e-05
2018-09-17 00:00:00,5.6091172912182526e-05
2018-09-17 01:00:00,7.787069363937761e-05
2018-09-17 02:00:00,1.95042343396917e-05
2018-09-17 03:00:00,3.753372339338828e-05
2018-09-17 04:00:00,2.875599938995455e-05
2018-09-17 05:00:00,7.460816948058075e-05
2018-09-17 06:00:00,4.998522597075163e-05
2018-09-17 07:00:00,5.731056094071386e-05
2018-09-17 08:00:00,5.578778181937504e-05
2018-09-17 09:00:00,0.00010015602545827658
2018-09-17 10:00:00,0.00017465082653326868
2018-09-17 11:00:00,7.932460361120132e-05
2018-09-17 12:00:00,5.1407867466832786e-05
2018-09-17 13:00:00,7.438222865311918e-05
2018-09-17 14:00:00,0.00015600133466261336
2018-09-17 15:00:00,0.00024004856346701765
2018-09-17 16:00:00,0.00042932047553053413
2018-09-17 17:00:00,0.0002080472435436945
2018-09-17 18:00:00,9.759398230228881e-05
2018-09-17 19:00:00,0.00013612965531256685
2018-09-17 20:00:00,0.00010744613507216399
2018-09-17 21:00:00,0.00018967084224715352
2018-09-17 22:00:00,0.000157648701591026
2018-09-17 23:00:00,0.0001337174558984667
2018-09-18 00:00:00,9.734958439662183e-05
2018-09-18 01:00:00,7.561495821145156e-05
2018-09-18 02:00:00,4.313197557260058e-05
2018-09-18 03:00:00,3.1761408729474944e-05
2018-09-18 04:00:00,3.775889775069764e-05
2018-09-18 05:00:00,6.050363130856617e-05
2018-09-18 06:00:00,5.35993197954469e-05
2018-09-18 07:00:00,4.7348691027323214e-05
2018-09-18 08:00:00,6.355468495678982e-05
2018-09-18 09:00:00,8.662364926241973e-05
2018-09-18 10:00:00,6.265166979702209e-05
2018-09-18 11:00:00,7.770051609027431e-05
2018-09-18 12:00:00,7.769463143083762e-05
2018-09-18 13:00:00,0.00014282540249112608
2018-09-18 14:00:00,0.00012165012826964363
2018-09-18 15:00:00,9.73166580442909e-05
2018-09-18 16:00:00,6.827066089053138e-05
2018-09-18 17:00:00,5.598287702543819e-05
2018-09-18 18:00:00,9.69617592937073e-05
2018-09-18 19:00:00,6.818613538805732e-05
2018-09-18 20:00:00,0.0001649307569152245
2018-09-18 21:00:00,9.636186050250886e-05
2018-09-18 22:00:00,0.00012786178376215557
2018-09-18 23:00:00,0.00010031080115202906
2018-09-19 00:00:00,8.122472516003912e-05
2018-09-19 01:00:00,4.875049391410822e-05
2018-09-19 02:00:00,4.2330822315262754e-05
2018-09-19 03:00:00,4.0138401854274934e-05
2018-09-19 04:00:00,6.6970164573685e-05
2018-09-19 05:00:00,4.895242262430504e-05
2018-09-19 06:00:00,4.078194469867952e-05
2018-09-19 07:00:00,3.513689283895307e-05
2018-09-19 08:00:00,3.7298551272886675e-05
2018-09-19 09:00:00,2.643275239657299e-05
2018-09-19 10:00:00,4.9546662148763286e-05
2018-09-19 11:00:00,3.039795314707722e-05
2018-09-19 12:00:00,6.181898587000894e-05
2018-09-19 13:00:00,7.512692265493512e-05
2018-09-19 14:00:00,5.5469566161963686e-05
2018-09-19 15:00:00,6.721473514414117e-05
2018-09-19 16:00:00,4.569623639081257e-05
2018-09-19 17:00:00,4.189156202937588e-05
2018-09-19 18:00:00,4.2327448819821785e-05
2018-09-19 19:00:00,0.00023432173192065127
2018-09-19 20:00:00,0.000532046188142494
2018-09-19 21:00:00,0.00015262506841986736
2018-09-19 22:00:00,0.0002523677673408356
2018-09-19 23:00:00,0.00027212547467469355
2018-09-20 00:00:00,9.236217453906812e-05
2018-09-20 01:00:00,9.450780803069554e-05
2018-09-20 02:00:00,0.00015040183338184746
2018-09-20 03:00:00,0.00014703444856472333
2018-09-20 04:00:00,7.477859564699594e-05
2018-09-20 05:00:00,0.00011146813875535756
2018-09-20 06:00:00,4.402104821310432e-05
2018-09-20 07:00:00,6.290340281034604e-05
2018-09-20 08:00:00,5.220795793867944e-05
2018-09-20 09:00:00,7.058891418976243e-05
2018-09-20 10:00:00,5.3115269281775544e-05
2018-09-20 11:00:00,3.500722755933671e-05
2018-09-20 12:00:00,8.558085201420851e-05
2018-09-20 13:00:00,8.415833370772522e-05
2018-09-20 14:00:00,7.635618206672362e-05
2018-09-20 15:00:00,3.9164276284001834e-05
2018-09-20 16:00:00,8.830211623354839e-05
2018-09-20 17:00:00,4.204760479233493e-05
2018-09-20 18:00:00,8.723104567333038e-05
2018-09-20 19:00:00,6.353850451071759e-05
2018-09-20 20:00:00,3.540050103209438e-05
2018-09-20 21:00:00,0.00011150389493811081
2018-09-20 22:00:00,0.00019118258786562277
2018-09-20 23:00:00,0.00018021679636778682
2018-09-21 00:00:00,0.00015169193450921342
2018-09-21 01:00:00,0.0001964979432454333
2018-09-21 02:00:00,9.159659857189456e-05
2018-09-21 03:00:00,0.00013749748457570418
2018-09-21 04:00:00,8.849755445013093e-05
2018-09-21 05:00:00,6.747806407029672e-05
2018-09-21 06:00:00,7.782551141235247e-05
2018-09-21 07:00:00,6.943403650807547e-05
2018-09-21 08:00:00,0.0001542746001737113
2018-09-21 09:00:00,0.00027391216018547953
2018-09-21 10:00:00,0.00027287010532483304
2018-09-21 11:00:00,0.00015156575549929538
2018-09-21 12:00:00,0.00018813129616942359
2018-09-21 13:00:00,0.00014853327199781493
2018-09-21 14:00:00,0.00023874453080031398
2018-09-21 15:00:00,0.0002748132071742969
2018-09-21 16:00:00,0.00037273909286734817
2018-09-21 17:00:00,0.000311345123750713
2018-09-21 18:00:00,0.00025915843445732634
2018-09-21 19:00:00,0.00017666356951028943
2018-09-21 20:00:00,0.00022585500595880028
2018-09-21 21:00:00,0.00020290796943063427
2018-09-21 22:00:00,0.000248949705407088
2018-09-21 23:00:00,0.00012049664021912208
2018-09-22 00:00:00,0.00015283979957899036
2018-09-22 01:00:00,0.0002413662165910907
2018-09-22 02:00:00,0.0001031097873902434
2018-09-22 03:00:00,7.361837209794027e-05
2018-09-22 04:00:00,9.587374540084139e-05
2018-09-22 05:00:00,0.00013534335178467415
2018-09-22 06:00:00,6.367974066972992e-05
2018-09-22 07:00:00,6.981886122323268e-05
2018-09-22 08:00:00,8.324384597926418e-05
2018-09-22 09:00:00,0.0001960334589997883
2018-09-22 10:00:00,0.00015907435346047827
2018-09-22 11:00:00,5.593520354708203e-05
2018-09-22 12:00:00,0.00011561901458191177
2018-09-22 13:00:00,0.00013737347656432567
2018-09-22 14:00:00,0.00010647096520483186
2018-09-22 15:00:00,5.733845347771937e-05
2018-09-22 16:00:00,9.218407130382702e-05
2018-09-22 17:00:00,6.0833466304306066e-05
2018-09-22 18:00:00,5.754682690238865e-05
2018-09-22 19:00:00,0.00012644247219044716
2018-09-22 20:00:00,6.397947666504594e-05
2018-09-22 21:00:00,6.972073955078687e-05
2018-09-22 22:00:00,7.091357726484164e-05
2018-09-22 23:00:00,4.3616018856508244e-05
2018-09-23 00:00:00,5.025599081188326e-05
2018-09-23 01:00:00,4.701713604798612e-05
2018-09-23 02:00:00,4.111165962944645e-05
2018-09-23 03:00:00,2.4382917746254312e-05
2018-09-23 04:00:00,3.5257647925157745e-05
2018-09-23 05:00:00,4.100425727722263e-05
2018-09-23 06:00:00,3.523391168462171e-05
2018-09-23 07:00:00,3.859798675172318e-05
2018-09-23 08:00:00,2.628414611980835e-05
2018-09-23 09:00:00,4.853323525190526e-05
2018-09-23 10:00:00,0.00012188948536642033
2018-09-23 11:00:00,0.00014166870649582832
2018-09-23 12:00:00,5.9758423047334596e-05
2018-09-23 13:00:00,8.528569277427318e-05
2018-09-23 14:00:00,3.3704652414434964e-05
2018-09-23 15:00:00,0.00015726380859111327
2018-09-23 16:00:00,0.0001945305935394616
2018-09-23 17:00:00,9.007502304129701e-05
2018-09-23 18:00:00,6.684974111173873e-05
2018-09-23 19:00:00,7.481297771487709e-05
2018-09-23 20:00:00,8.397027146341377e-05
2018-09-23 21:00:00,6.516995970740923e-05
2018-09-23 22:00:00,0.00013053067834605482
2018-09-23 23:00:00,0.00014007082665144527
2018-09-24 00:00:00,7.37135188531348e-05
2018-09-24 01:00:00,5.482208881504862e-05
2018-09-24 02:00:00,5.824862097259365e-05
2018-09-24 03:00:00,4.0582107479524127e-05
2018-09-24 04:00:00,2.9903950636030345e-05
2018-09-24 05:00:00,5.115403955217378e-05
2018-09-24 06:00:00,3.587342920440094e-05
2018-09-24 07:00:00,7.134362695075341e-05
2018-09-24 08:00:00,6.208282619576489e-05
2018-09-24 09:00:00,5.0886636419904705e-05
2018-09-24 10:00:00,0.00013384486612209802
2018-09-24 11:00:00,5.069379516637174e-05
2018-09-24 12:00:00,5.887910603099006e-05
2018-09-24 13:00:00,6.572952548027757e-05
2018-09-24 14:00:00,4.760173073198782e-05
2018-09-24 15:00:00,5.23161229620317e-05
2018-09-24 16:00:00,3.925678597302209e-05
2018-09-24 17:00:00,3.753336813624263e-05
2018-09-24 18:00:00,4.5974249086957485e-05
2018-09-24 19:00:00,4.084592252083356e-05
2018-09-24 20:00:00,2.9300306151508056e-05
2018-09-24 21:00:00,4.434369558802689e-05
2018-09-24 22:00:00,7.82910719087828e-05
2018-09-24 23:00:00,9.404861000735029e-05
2018-09-25 00:00:00,0.0001472966014115018
2018-09-25 01:00:00,0.0001633647954945415
2018-09-25 02:00:00,0.00019198745826452148
2018-09-25 03:00:00,0.00012129954504140125
2018-09-25 04:00:00,0.00014865337727174493
2018-09-25 05:00:00,6.479430783257722e-05
2018-09-25 06:00:00,4.3149119704199416e-05
2018-09-25 07:00:00,6.59749913195523e-05
2018-09-25 08:00:00,0.00011830690171488576
2018-09-25 09:00:00,0.00011995364928366535
2018-09-25 10:00:00,7.42445065246512e-05
2018-09-25 11:00:00,5.857549277131511e-05
2018-09-25 12:00:00,7.163850551241992e-05
2018-09-25 13:00:00,8.904824148662508e-05
2018-09-25 14:00:00,9.15315373190076e-05
2018-09-25 15:00:00,7.724514033783945e-05
2018-09-25 16:00:00,9.182424919437505e-05
2018-09-25 17:00:00,5.661934854393015e-05
2018-09-25 18:00:00,6.719145865758915e-05
2018-09-25 19:00:00,0.0001339785532672386
2018-09-25 20:00:00,7.013518610830816e-05
2018-09-25 21:00:00,0.0002065758089227121
2018-09-25 22:00:00,0.0003773295843417765
2018-09-25 23:00:00,0.0001008898557472122
2018-09-26 00:00:00,0.00012265939972257354
2018-09-26 01:00:00,6.32740924430418e-05
2018-09-26 02:00:00,6.303812103071406e-05
2018-09-26 03:00:00,4.021683118189033e-05
2018-09-26 04:00:00,4.181651596555793e-05
2018-09-26 05:00:00,3.636697484928847e-05
2018-09-26 06:00:00,8.044634355018405e-05
2018-09-26 07:00:00,3.980385743261626e-05
2018-09-26 08:00:00,7.908489902294522e-05
2018-09-26 09:00:00,5.6126851864650276e-05
2018-09-26 10:00:00,4.515035413059213e-05
2018-09-26 11:00:00,4.663026926019022e-05
2018-09-26 12:00:00,0.00011230861563816785
2018-09-26 13:00:00,0.00010315035467096028
2018-09-26 14:00:00,6.847443443119915e-05
2018-09-26 15:00:00,7.137956683347463e-05
2018-09-26 16:00:00,8.135932063661125e-05
2018-09-26 17:00:00,8.74774712312846e-05
2018-09-26 18:00:00,6.807197110986039e-05
2018-09-26 19:00:00,5.104911213701866e-05
2018-09-26 20:00:00,7.056851260542514e-05
2018-09-26 21:00:00,3.072087769315975e-05
2018-09-26 22:00:00,9.680659511931871e-05
2018-09-26 23:00:00,7.324260197798526e-05
2018-09-27 00:00:00,4.833050415391718e-05
2018-09-27 01:00:00,8.100106139304018e-05
2018-09-27 02:00:00,5.802801566731977e-05
2018-09-27 03:00:00,4.421283969082128e-05
2018-09-27 04:00:00,2.467530609174858e-05
2018-09-27 05:00:00,2.977279445193436e-05
2018-09-27 06:00:00,2.937508035697115e-05
2018-09-27 07:00:00,4.296084819191103e-05
2018-09-27 08:00:00,3.223311803627893e-05
2018-09-27 09:00:00,3.236160511043166e-05
2018-09-27 10:00:00,4.990622684817274e-05
2018-09-27 11:00:00,4.9643397830536694e-05
2018-09-27 12:00:00,4.753386411742689e-05
2018-09-27 13:00:00,4.7510402329113924e-05
2018-09-27 14:00:00,5.442279221910438e-05
2018-09-27 15:00:00,4.6249989580358735e-05
2018-09-27 16:00:00,3.468863029487203e-05
2018-09-27 17:00:00,2.586238477880497e-05
2018-09-27 18:00:00,3.224168518945478e-05
2018-09-27 19:00:00,3.2386615165552746e-05
2018-09-27 20:00:00,0.00012859443430329284
2018-09-27 21:00:00,0.00022526330811077543
2018-09-27 22:00:00,0.0001555347492695135
2018-09-27 23:00:00,0.00010857416827081123
2018-09-28 00:00:00,8.837383262764942e-05
2018-09-28 01:00:00,6.372563090802e-05
2018-09-28 02:00:00,4.660955004228554e-05
2018-09-28 03:00:00,7.168084991186612e-05
2018-09-28 04:00:00,4.4081355939608456e-05
2018-09-28 05:00:00,2.9539007773141563e-05
2018-09-28 06:00:00,2.4854782742044124e-05
2018-09-28 07:00:00,7.187645415966166e-05
2018-09-28 08:00:00,0.00011824010139714153
2018-09-28 09:00:00,7.697429463397158e-05
2018-09-28 10:00:00,0.0001829692011267179
2018-09-28 11:00:00,7.266093061667592e-05
2018-09-28 12:00:00,0.00010406095708394875
2018-09-28 13:00:00,0.00012699805550116962
2018-09-28 14:00:00,0.0001221560088125798
2018-09-28 15:00:00,9.623986378592468e-05
2018-09-28 16:00:00,7.022803583542845e-05
2018-09-28 17:00:00,6.067967413152519e-05
2018-09-28 18:00:00,7.082899135557616e-05
2018-09-28 19:00:00,4.622563230754275e-05
2018-09-28 20:00:00,0.0003009496215487197
2018-09-28 21:00:00,0.00011079822588864724
2018-09-28 22:00:00,8.868051747297831e-05
2018-09-28 23:00:00,8.915503132994352e-05
2018-09-29 00:00:00,7.073860579625924e-05
2018-09-29 01:00:00,5.673886747664398e-05
2018-09-29 02:00:00,0.00013279766774892927
2018-09-29 03:00:00,9.447106855059018e-05
2018-09-29 04:00:00,5.0276235549268124e-05
2018-09-29 05:00:00,5.1549783418640036e-05
2018-09-29 06:00:00,2.7128787497225126e-05
2018-09-29 07:00:00,6.676222011696977e-05
2018-09-29 09:00:00,8.236340241423285e-05
2018-09-29 10:00:00,0.00010424694313299023
2018-09-29 11:00:00,9.154433014306576e-05
2018-09-29 12:00:00,0.0001411761004641803
2018-09-29 13:00:00,8.627223608210051e-05
2018-09-29 14:00:00,0.00012228540294222022
2018-09-29 15:00:00,0.00012510080165975882
2018-09-29 16:00:00,0.0001223011673750411
2018-09-29 17:00:00,7.195729407239597e-05
2018-09-29 18:00:00,9.083753098144895e-05
2018-09-29 19:00:00,6.02565694492647e-05
2018-09-29 20:00:00,4.228265687338658e-05
2018-09-29 21:00:00,0.0001311934490752543
2018-09-29 22:00:00,0.00020178772647255105
2018-09-29 23:00:00,7.055584533037477e-05
2018-09-30 00:00:00,0.00017169764423728166
2018-09-30 01:00:00,0.0001566351990932477
2018-09-30 02:00:00,0.00011910895826742705
2018-09-30 03:00:00,8.120413872800623e-05
2018-09-30 04:00:00,4.63989285891309e-05
2018-09-30 05:00:00,3.0127205110995904e-05
2018-09-30 06:00:00,3.5546106870709346e-05
2018-09-30 07:00:00,2.5600060845659005e-05
2018-09-30 08:00:00,3.0420609762361595e-05
2018-09-30 09:00:00,4.640867236329066e-05
2018-09-30 10:00:00,4.656740811711733e-05
2018-09-30 11:00:00,8.629039747608537e-05
2018-09-30 12:00:00,4.939115463110519e-05
2018-09-30 13:00:00,4.287490604497288e-05
2018-09-30 14:00:00,2.9604564939748692e-05
2018-09-30 15:00:00,3.807808400745773e-05
2018-09-30 16:00:00,5.820604620123717e-05
2018-09-30 17:00:00,5.052069481406254e-05
2018-09-30 18:00:00,3.200244415353875e-05
2018-09-30 19:00:00,3.166662520116952e-05
2018-09-30 20:00:00,4.787191436284405e-05
2018-09-30 21:00:00,9.56098249275171e-05
