datetime,ARIMA
2018-07-03 23:00:00,0.00015123567304892256
2018-07-04 00:00:00,0.00021334058229563127
2018-07-04 01:00:00,0.00022154727210493873
2018-07-04 02:00:00,0.00022376144012371924
2018-07-04 03:00:00,0.0001935172516440531
2018-07-04 04:00:00,0.0001859851587596144
2018-07-04 05:00:00,0.00018561221151453338
2018-07-04 06:00:00,0.00015889549786900055
2018-07-04 07:00:00,0.00014944247240988433
2018-07-04 08:00:00,0.00014636313334760896
2018-07-04 09:00:00,0.00019135763295198782
2018-07-04 10:00:00,0.00017634595947871716
2018-07-04 11:00:00,0.00022927042414426293
2018-07-04 12:00:00,0.0002074771021807652
2018-07-04 13:00:00,0.0002221721811024523
2018-07-04 14:00:00,0.0004043544234876473
2018-07-04 15:00:00,0.0003220553981809766
2018-07-04 16:00:00,0.00020776684697981624
2018-07-04 17:00:00,0.00017797214389803575
2018-07-04 18:00:00,0.000161053408988416
2018-07-04 19:00:00,0.00018102154479460088
2018-07-04 20:00:00,0.00017352756143327512
2018-07-04 21:00:00,0.00012778193094888982
2018-07-04 22:00:00,0.00016919212456249145
2018-07-04 23:00:00,0.0002451568796823458
2018-07-05 00:00:00,0.0002497359383935456
2018-07-05 01:00:00,0.00029417824862947885
2018-07-05 02:00:00,0.0003087034104636808
2018-07-05 03:00:00,0.00025065988735099805
2018-07-05 04:00:00,0.0002034026034691711
2018-07-05 06:00:00,0.00019501630225089944
2018-07-05 07:00:00,0.00018254450239391733
2018-07-05 08:00:00,0.0001966224160718242
2018-07-05 09:00:00,0.00015499984759050233
2018-07-05 10:00:00,0.00021805274076596557
2018-07-05 11:00:00,0.0002040159535796311
2018-07-05 12:00:00,0.00020222606587313769
2018-07-05 13:00:00,0.00021141625426279089
2018-07-05 14:00:00,0.00021988962771901305
2018-07-05 15:00:00,0.00023059253209282505
2018-07-05 16:00:00,0.0002074842944846513
2018-07-05 17:00:00,0.00014363627908810448
2018-07-05 18:00:00,0.0001462958850380508
2018-07-05 19:00:00,0.0002185314537824226
2018-07-05 20:00:00,0.00017879055609938381
2018-07-05 21:00:00,0.00016097753275844972
2018-07-05 22:00:00,0.00018564427131924875
2018-07-05 23:00:00,0.0001756740203487647
2018-07-06 00:00:00,0.00015029701086267624
2018-07-06 01:00:00,0.00013632579171437325
2018-07-06 02:00:00,0.00010402753587523165
2018-07-06 03:00:00,0.00010282053283453818
2018-07-06 04:00:00,9.488435336419861e-05
2018-07-06 05:00:00,0.00015297073277573762
2018-07-06 06:00:00,0.00012276152719349024
2018-07-06 07:00:00,0.00017750899210555637
2018-07-06 08:00:00,0.00023817764906460114
2018-07-06 09:00:00,0.0002179704115746337
2018-07-06 10:00:00,0.00015840830989890224
2018-07-06 11:00:00,0.0001501231985075497
2018-07-06 12:00:00,0.00018381022804222306
2018-07-06 13:00:00,0.00028790727508516624
2018-07-06 14:00:00,0.0002463080842389419
2018-07-06 15:00:00,0.00016578089362504124
2018-07-06 16:00:00,0.00013881447303992225
2018-07-06 17:00:00,0.00011468309495757536
2018-07-06 18:00:00,0.0001838633915496558
2018-07-06 19:00:00,0.0002070144890123136
2018-07-06 20:00:00,0.00010333114773524148
2018-07-06 21:00:00,0.00014979491204099245
2018-07-06 22:00:00,0.00016438912885887225
2018-07-06 23:00:00,0.00018947146105487012
2018-07-07 00:00:00,0.00015724525208810457
2018-07-07 01:00:00,0.00012625632142430142
2018-07-07 02:00:00,0.00011476915214244164
2018-07-07 03:00:00,0.0001230797954006709
2018-07-07 04:00:00,0.00010233101933761478
2018-07-07 05:00:00,9.90410416183827e-05
2018-07-07 06:00:00,8.203710533820542e-05
2018-07-07 07:00:00,6.354498378998585e-05
2018-07-07 08:00:00,7.646287136982047e-05
2018-07-07 09:00:00,8.053969401093205e-05
2018-07-07 10:00:00,7.77721011057624e-05
2018-07-07 11:00:00,9.369542041285622e-05
2018-07-07 12:00:00,8.499296223470878e-05
2018-07-07 13:00:00,0.0001447910735945965
2018-07-07 14:00:00,0.0001992753477908837
2018-07-07 15:00:00,0.00016817233699683082
2018-07-07 16:00:00,0.00013727888902675028
2018-07-07 17:00:00,9.74552804015202e-05
2018-07-07 18:00:00,0.0001046328053144981
2018-07-07 19:00:00,8.906248967735602e-05
2018-07-07 20:00:00,9.709184863677181e-05
2018-07-07 21:00:00,0.00011070148589476836
2018-07-07 22:00:00,9.31460839732368e-05
2018-07-07 23:00:00,0.0001451080198290501
2018-07-08 00:00:00,0.0004272761660242718
2018-07-08 01:00:00,0.0004343096344587516
2018-07-08 02:00:00,0.00031441391387981106
2018-07-08 03:00:00,0.00028387729656769063
2018-07-08 04:00:00,0.0002098811206329051
2018-07-08 05:00:00,0.0001217341797237629
2018-07-08 06:00:00,0.00014764613570372343
2018-07-08 07:00:00,0.0001453175430071044
2018-07-08 08:00:00,0.0001295262338868046
2018-07-08 09:00:00,0.00013793144251327807
2018-07-08 10:00:00,0.00015178772726013416
2018-07-08 11:00:00,0.00015710725072479406
2018-07-08 12:00:00,9.539592049068443e-05
2018-07-08 13:00:00,0.00013652917106368482
2018-07-08 14:00:00,0.00015541007370278593
2018-07-08 15:00:00,0.0002469174522073398
2018-07-08 16:00:00,0.00016305769236401457
2018-07-08 17:00:00,0.00011808155206269715
2018-07-08 18:00:00,6.118027894930093e-05
2018-07-08 19:00:00,5.895617635809627e-05
2018-07-08 20:00:00,6.118635597478766e-05
2018-07-08 21:00:00,6.316360802559534e-05
2018-07-08 22:00:00,6.1016540449511255e-05
2018-07-08 23:00:00,8.22282541341893e-05
2018-07-09 00:00:00,0.00017166326834331305
2018-07-09 01:00:00,0.00015388970969120854
2018-07-09 02:00:00,0.00013606036272806728
2018-07-09 03:00:00,9.822413187398761e-05
2018-07-09 04:00:00,7.939869796556631e-05
2018-07-09 05:00:00,0.00013525491439407257
2018-07-09 06:00:00,6.141124528545294e-05
2018-07-09 07:00:00,0.00011614256720500611
2018-07-09 08:00:00,0.00012836967807110353
2018-07-09 09:00:00,0.00013828725610795688
2018-07-09 10:00:00,0.0001607038604810539
2018-07-09 11:00:00,9.19992425112698e-05
2018-07-09 12:00:00,0.00012788111781717728
2018-07-09 13:00:00,0.00015098616486452403
2018-07-09 15:00:00,0.0001306702188536369
2018-07-09 16:00:00,0.00011111480692256282
2018-07-09 17:00:00,0.00019715843722235162
2018-07-09 18:00:00,0.000199038649719159
2018-07-09 19:00:00,0.00012452039480057353
2018-07-09 20:00:00,8.783720248177468e-05
2018-07-09 21:00:00,9.099371620179741e-05
2018-07-09 22:00:00,8.904054549998058e-05
2018-07-09 23:00:00,0.00020637924838372136
2018-07-10 00:00:00,0.00034521392599128596
2018-07-10 01:00:00,0.00023938644189027718
2018-07-10 02:00:00,0.0001634083568350194
2018-07-10 03:00:00,0.00019052000029393706
2018-07-10 04:00:00,0.00017350541620610594
2018-07-10 05:00:00,0.00013951775380756148
2018-07-10 06:00:00,0.00011479541009289167
2018-07-10 07:00:00,0.0002840297006468281
2018-07-10 08:00:00,0.00019808652395074213
2018-07-10 09:00:00,0.00022152735482817515
2018-07-10 10:00:00,0.0003836055086241721
2018-07-10 11:00:00,0.00031497278466322904
2018-07-10 12:00:00,0.0004173349783067638
2018-07-10 13:00:00,0.0003376887391194879
2018-07-10 14:00:00,0.0002444263368030121
2018-07-10 15:00:00,0.00017618606522835798
2018-07-10 16:00:00,0.00010559724642610969
2018-07-10 17:00:00,0.00014433834539390847
2018-07-10 18:00:00,0.0001433425813426788
2018-07-10 19:00:00,9.105672496884229e-05
2018-07-10 20:00:00,7.612459498400441e-05
2018-07-10 21:00:00,9.590499293031248e-05
2018-07-10 22:00:00,0.0001492053269501226
2018-07-11 00:00:00,0.0001833208252719662
2018-07-11 01:00:00,0.0003026989635824651
2018-07-11 02:00:00,0.00017810993711314145
2018-07-11 03:00:00,0.00017302846519912758
2018-07-11 04:00:00,0.00013717372388529053
2018-07-11 05:00:00,0.00015209938093517028
2018-07-11 06:00:00,0.00017262679737724534
2018-07-11 07:00:00,0.000192643650842178
2018-07-11 08:00:00,0.0001736143036770797
2018-07-11 09:00:00,0.00014720879129803918
2018-07-11 10:00:00,0.00016922873738223733
2018-07-11 12:00:00,0.0001395103471635816
2018-07-11 13:00:00,0.00014344483807649967
2018-07-11 14:00:00,0.00013794924949796927
2018-07-11 15:00:00,0.00011844597563803107
2018-07-11 16:00:00,8.406693056708041e-05
2018-07-11 17:00:00,0.00010931151519386341
2018-07-11 18:00:00,0.00011783548414078792
2018-07-11 19:00:00,0.00011866223611263119
2018-07-11 20:00:00,0.00013551530286664244
2018-07-11 21:00:00,0.0001155855885122407
2018-07-11 22:00:00,0.00013703805766960135
2018-07-11 23:00:00,0.00014549080939873872
2018-07-12 00:00:00,0.00010319679762272677
2018-07-12 01:00:00,9.841235143360465e-05
2018-07-12 02:00:00,0.00010098510945062047
2018-07-12 03:00:00,0.00012887833979867948
2018-07-12 04:00:00,7.951186446724759e-05
2018-07-12 05:00:00,5.5912862245985484e-05
2018-07-12 06:00:00,8.129844853911123e-05
2018-07-12 07:00:00,0.00022060286534042055
2018-07-12 08:00:00,0.00028853185024685834
2018-07-12 09:00:00,0.0004443880866048365
2018-07-12 10:00:00,0.0002507908986366624
2018-07-12 11:00:00,0.0001668091336613304
2018-07-12 12:00:00,0.0001686536005321284
2018-07-12 13:00:00,0.00013299017343179932
2018-07-12 14:00:00,8.892408619003837e-05
2018-07-12 15:00:00,9.016375625033995e-05
2018-07-12 16:00:00,0.00011465580242564475
2018-07-12 17:00:00,0.00011993552130954568
2018-07-12 18:00:00,0.0001094302053379963
2018-07-12 19:00:00,7.270023693219903e-05
2018-07-12 20:00:00,8.81663805108325e-05
2018-07-12 21:00:00,9.56368965096635e-05
2018-07-12 22:00:00,0.00013010531978849133
2018-07-12 23:00:00,0.00018795460321117168
2018-07-13 00:00:00,0.0003637673950953603
2018-07-13 01:00:00,0.0003595079312728606
2018-07-13 02:00:00,0.00014375829243125826
2018-07-13 03:00:00,0.00015983059653113478
2018-07-13 04:00:00,0.0001670325711189014
2018-07-13 05:00:00,0.00015969551166264832
2018-07-13 06:00:00,0.00013716932923849855
2018-07-13 07:00:00,0.00011808520587345697
2018-07-13 08:00:00,0.0001107728617996528
2018-07-13 09:00:00,0.0001375084310502518
2018-07-13 10:00:00,0.00010435664999989485
2018-07-13 11:00:00,7.948280252731642e-05
2018-07-13 12:00:00,7.630987201259996e-05
2018-07-13 13:00:00,0.00013680406380415488
2018-07-13 14:00:00,0.0001376018284420525
2018-07-13 15:00:00,0.00012803649471359446
2018-07-13 16:00:00,0.00011028297874419173
2018-07-13 17:00:00,8.769089535866962e-05
2018-07-13 18:00:00,8.24279824325924e-05
2018-07-13 19:00:00,0.00016628650458000736
2018-07-13 20:00:00,0.0002584874027517997
2018-07-13 21:00:00,0.0003139628361868955
2018-07-13 22:00:00,0.0002793215928518903
2018-07-13 23:00:00,0.0001618817845085431
2018-07-14 00:00:00,0.00014323341508886296
2018-07-14 01:00:00,0.00017088213555499623
2018-07-14 02:00:00,0.00014647808459745942
2018-07-14 03:00:00,9.247712151148726e-05
2018-07-14 04:00:00,0.00010679214916297493
2018-07-14 05:00:00,9.065676691979862e-05
2018-07-14 06:00:00,9.535895097314484e-05
2018-07-14 07:00:00,9.149984514126176e-05
2018-07-14 08:00:00,7.53052906257882e-05
2018-07-14 09:00:00,5.205136002296393e-05
2018-07-14 10:00:00,9.488944030527802e-05
2018-07-14 11:00:00,0.000126645005067401
2018-07-14 12:00:00,0.0001127491070592893
2018-07-14 13:00:00,0.00010225196909786472
2018-07-14 14:00:00,7.54114129106509e-05
2018-07-14 15:00:00,7.476271675736887e-05
2018-07-14 16:00:00,7.741862221597728e-05
2018-07-14 17:00:00,9.601106522133494e-05
2018-07-14 18:00:00,7.020748560580553e-05
2018-07-14 19:00:00,9.028505882916046e-05
2018-07-14 20:00:00,0.0001037602353751568
2018-07-14 21:00:00,0.00012685466049631357
2018-07-14 22:00:00,0.00014348563251053456
2018-07-14 23:00:00,0.00010198139215697345
2018-07-15 00:00:00,7.408195997505517e-05
2018-07-15 01:00:00,8.29041860108358e-05
2018-07-15 02:00:00,9.10510054352103e-05
2018-07-15 03:00:00,8.694116833196427e-05
2018-07-15 04:00:00,7.262200171397191e-05
2018-07-15 05:00:00,9.541443789448401e-05
2018-07-15 06:00:00,8.050098588059264e-05
2018-07-15 07:00:00,0.00010466536418237084
2018-07-15 08:00:00,8.612514013752976e-05
2018-07-15 09:00:00,0.000202566776205189
2018-07-15 10:00:00,0.00013751274705684936
2018-07-15 11:00:00,0.00017387064877623013
2018-07-15 12:00:00,0.00013347886709322586
2018-07-15 13:00:00,0.00011007858538057085
2018-07-15 14:00:00,9.211005446614726e-05
2018-07-15 15:00:00,8.150577974771687e-05
2018-07-16 08:00:00,8.791027339128493e-05
2018-07-16 09:00:00,0.0001307019494088802
2018-07-16 10:00:00,0.0004898954356531233
2018-07-16 11:00:00,0.0003409209286563972
2018-07-16 12:00:00,0.0005275604772671564
2018-07-16 13:00:00,0.00033386043485799575
2018-07-16 14:00:00,0.0002428764954170642
2018-07-16 15:00:00,0.0002125726204109824
2018-07-16 16:00:00,0.0002025495693775093
2018-07-16 17:00:00,0.0001670809074217463
2018-07-16 18:00:00,0.00029805512956995105
2018-07-16 19:00:00,0.00018371069437988165
2018-07-16 20:00:00,0.00012632586217071595
2018-07-16 21:00:00,0.0001309683824311376
2018-07-16 22:00:00,0.00013254752964748706
2018-07-16 23:00:00,0.00016849539007064853
2018-07-17 00:00:00,0.0002766817177764276
2018-07-17 01:00:00,0.00019782691323277219
2018-07-17 02:00:00,0.00015361453785457988
2018-07-17 03:00:00,0.00012341662474017262
2018-07-17 04:00:00,0.00012284320457129255
2018-07-17 05:00:00,0.00013663803470672904
2018-07-17 06:00:00,0.0001747049251453548
2018-07-17 07:00:00,0.0001612034586799811
2018-07-17 08:00:00,0.00010793392068420724
2018-07-17 09:00:00,0.00013491509351711651
2018-07-17 10:00:00,0.00013147957479440542
2018-07-17 11:00:00,8.05369881616883e-05
2018-07-17 12:00:00,9.717448146511406e-05
2018-07-17 13:00:00,0.00012368921104600054
2018-07-17 14:00:00,0.00011254793287856754
2018-07-17 15:00:00,0.00015085702382792228
2018-07-17 16:00:00,0.0001742171758080475
2018-07-17 17:00:00,0.0001595134773320374
2018-07-17 18:00:00,0.0014234494116495558
2018-07-17 19:00:00,0.001741328577864525
2018-07-17 21:00:00,0.0005227242694533786
2018-07-17 22:00:00,0.0005275714911557205
2018-07-17 23:00:00,0.0005550782606119594
2018-07-18 00:00:00,0.00032864509152197194
2018-07-18 01:00:00,0.00023519294977530247
2018-07-18 02:00:00,0.00016807143477204004
2018-07-18 03:00:00,0.0003480046186979695
2018-07-18 04:00:00,0.0007276755967732448
2018-07-18 05:00:00,0.00036122801178034857
2018-07-18 06:00:00,0.000273553168057208
2018-07-18 07:00:00,0.0002465933881021038
2018-07-18 08:00:00,0.0003196047890695444
2018-07-18 09:00:00,0.0004826946056312952
2018-07-18 10:00:00,0.0002918632091503968
2018-07-18 11:00:00,0.0002677260622116409
2018-07-18 12:00:00,0.0002504812469398583
2018-07-18 13:00:00,0.00023249720387826021
2018-07-18 14:00:00,0.00024140156844759097
2018-07-18 15:00:00,0.00033091007616030784
2018-07-18 16:00:00,0.00023829286682881348
2018-07-18 17:00:00,0.0001500536336537567
2018-07-18 18:00:00,0.00023436784518698106
2018-07-18 19:00:00,0.0004097086288479403
2018-07-18 20:00:00,0.00029560302339896405
2018-07-18 21:00:00,0.00044626660585018053
2018-07-18 22:00:00,0.00043004118875142675
2018-07-18 23:00:00,0.0004523653136738394
2018-07-19 00:00:00,0.0002760034994890542
2018-07-19 01:00:00,0.00021969642810363305
2018-07-19 02:00:00,0.00020144548533880636
2018-07-19 03:00:00,0.00016411710359520376
2018-07-19 04:00:00,0.00010600316253742881
2018-07-19 05:00:00,0.00011566944318830693
2018-07-19 06:00:00,9.658088965496694e-05
2018-07-19 07:00:00,0.00010109150983469304
2018-07-19 08:00:00,0.00013750992284113187
2018-07-19 09:00:00,0.0001365328925111733
2018-07-19 10:00:00,0.00021885140496432883
2018-07-19 11:00:00,0.000197210465718165
2018-07-19 12:00:00,0.000283000788937794
2018-07-19 13:00:00,0.00021771314017481888
2018-07-19 14:00:00,0.0002472685352991713
2018-07-19 15:00:00,0.00019899697710831367
2018-07-19 16:00:00,0.00023972432751665792
2018-07-19 17:00:00,0.0002363319956285194
2018-07-19 18:00:00,0.00018721689194931278
2018-07-19 19:00:00,0.00012075101763564054
2018-07-19 20:00:00,0.00013523213928259584
2018-07-19 21:00:00,0.00020065725382772517
2018-07-19 22:00:00,0.00018424382998944407
2018-07-19 23:00:00,0.0003028912592860715
2018-07-20 00:00:00,0.00018748428570124342
2018-07-20 02:00:00,0.00019159032027145126
2018-07-20 03:00:00,9.318416454903742e-05
2018-07-20 04:00:00,7.777677598504855e-05
2018-07-20 05:00:00,7.420826024817202e-05
2018-07-20 06:00:00,9.562841634400135e-05
2018-07-20 07:00:00,0.00020016035313777302
2018-07-20 08:00:00,0.0001766614022248322
2018-07-20 09:00:00,0.00017506738409802308
2018-07-20 10:00:00,0.00011605801723244107
2018-07-20 11:00:00,8.115232688717439e-05
2018-07-20 12:00:00,0.00010648444766142139
2018-07-20 13:00:00,0.00010843822639051687
2018-07-20 14:00:00,0.00010106056392571792
2018-07-20 15:00:00,0.00010160622021328085
2018-07-20 16:00:00,0.00011637529116170921
2018-07-20 17:00:00,0.0004515559610168979
2018-07-20 18:00:00,0.0006420101141778176
2018-07-20 19:00:00,0.00034008000317204605
2018-07-20 20:00:00,0.00021987411306185274
2018-07-20 21:00:00,0.00017010517500299762
2018-07-20 22:00:00,0.00020883110669559014
2018-07-20 23:00:00,0.00026251271942281533
2018-07-21 00:00:00,0.0002244084577680305
2018-07-21 01:00:00,0.00034186816741895625
2018-07-21 02:00:00,0.00023481379244838868
2018-07-21 03:00:00,0.00021246913895969302
2018-07-21 04:00:00,0.0001550534995185371
2018-07-21 05:00:00,0.00012352217522610775
2018-07-21 06:00:00,0.00014093819359660322
2018-07-21 07:00:00,0.0001449244900512403
2018-07-21 08:00:00,0.00015170789691337297
2018-07-21 09:00:00,0.0001295705728407149
2018-07-21 10:00:00,0.00012277363007536684
2018-07-21 11:00:00,0.0001853125233453293
2018-07-21 12:00:00,0.00015494044875988345
2018-07-21 13:00:00,0.00011945289044176115
2018-07-21 14:00:00,0.00012024476178517297
2018-07-21 15:00:00,8.97831294080837e-05
2018-07-21 16:00:00,0.00012262088033487364
2018-07-21 17:00:00,0.00011638496116461672
2018-07-21 18:00:00,0.000110907095316101
2018-07-21 19:00:00,9.224252999920726e-05
2018-07-21 20:00:00,9.296733282609068e-05
2018-07-21 21:00:00,8.985479516022885e-05
2018-07-21 22:00:00,8.870987458843827e-05
2018-07-21 23:00:00,9.172252674203516e-05
2018-07-22 00:00:00,8.425928031460067e-05
2018-07-22 01:00:00,0.0001305308590369872
2018-07-22 02:00:00,0.00011469322816200621
2018-07-22 03:00:00,0.00012739536348545588
2018-07-22 04:00:00,0.0001309844130926271
2018-07-22 05:00:00,0.00013073016431026875
2018-07-22 06:00:00,0.00010504374019091761
2018-07-22 07:00:00,0.00013265863702130028
2018-07-22 08:00:00,0.00013171078010212932
2018-07-22 09:00:00,0.00015007092893549664
2018-07-22 10:00:00,0.00012164463015711168
2018-07-22 11:00:00,0.0001340687512408
2018-07-22 12:00:00,0.0001233173242988035
2018-07-22 13:00:00,0.00011233609662292913
2018-07-22 14:00:00,0.00010840270854210023
2018-07-22 15:00:00,0.0001552580264374019
2018-07-22 16:00:00,0.00020546887978096793
2018-07-22 17:00:00,0.0001727932596585131
2018-07-22 18:00:00,0.0001202952891790008
2018-07-22 19:00:00,7.261142317110017e-05
2018-07-22 20:00:00,7.375028077054686e-05
2018-07-22 21:00:00,8.619134916638923e-05
2018-07-22 22:00:00,0.0003685927460989947
2018-07-22 23:00:00,0.0002641856923687505
2018-07-23 00:00:00,0.0001289219308412534
2018-07-23 01:00:00,0.0001693127056366248
2018-07-23 02:00:00,0.0001438157549587637
2018-07-23 03:00:00,0.00047855651461093285
2018-07-23 04:00:00,0.00017021699578221577
2018-07-23 05:00:00,0.00019751716917060873
2018-07-23 06:00:00,0.0001346633122924807
2018-07-23 07:00:00,0.00015130489343294362
2018-07-23 08:00:00,0.00031638041819257855
2018-07-23 09:00:00,0.00020153251697010933
2018-07-23 10:00:00,0.0001281091166924547
2018-07-23 11:00:00,0.00011031867030192709
2018-07-23 12:00:00,0.00012056325942670016
2018-07-23 13:00:00,0.00011236242684455192
2018-07-23 14:00:00,0.0001298097538604606
2018-07-23 15:00:00,0.00011294177010249065
2018-07-23 16:00:00,0.00011695257131357617
2018-07-23 17:00:00,0.0001608994629651172
2018-07-23 18:00:00,0.00018091145326905764
2018-07-23 19:00:00,0.0004272800949140874
2018-07-23 20:00:00,0.0002805580449718578
2018-07-23 21:00:00,0.00019381486078086805
2018-07-23 22:00:00,0.00021116174857346872
2018-07-23 23:00:00,0.0001785289865327875
2018-07-24 00:00:00,0.00018165858658801784
2018-07-24 01:00:00,0.00013118160082928372
2018-07-24 02:00:00,0.00010157866392741487
2018-07-24 03:00:00,8.966426341396074e-05
2018-07-24 04:00:00,0.00010165552551812094
2018-07-24 05:00:00,0.00024225091417015237
2018-07-24 06:00:00,0.00040558716142721025
2018-07-24 07:00:00,0.00020597786263278726
2018-07-24 08:00:00,0.0001633188320661886
2018-07-24 09:00:00,0.0001369205257799683
2018-07-24 10:00:00,0.0001111400611592935
2018-07-24 11:00:00,0.0002649427194515282
2018-07-24 12:00:00,0.0003669249904731799
2018-07-24 13:00:00,0.000510279421693978
2018-07-24 14:00:00,0.0003302563000985191
2018-07-24 15:00:00,0.00027992103469193284
2018-07-24 16:00:00,0.00020871819878970195
2018-07-24 17:00:00,0.00010404642276283192
2018-07-24 18:00:00,0.00020057046433607966
2018-07-24 19:00:00,0.00015054309549629785
2018-07-24 20:00:00,0.00019033822379430174
2018-07-24 21:00:00,0.00019424123737860226
2018-07-24 22:00:00,0.000281873894099396
2018-07-25 00:00:00,0.00025739205533083584
2018-07-25 01:00:00,0.0002751279307106211
2018-07-25 02:00:00,0.00014785214960628552
2018-07-25 03:00:00,0.00022781985692806573
2018-07-25 04:00:00,0.00020360132752755418
2018-07-25 05:00:00,0.00015121622801222794
2018-07-25 06:00:00,0.00016538870269452286
2018-07-25 07:00:00,0.00021702978838119522
2018-07-25 08:00:00,0.00017864079951066396
2018-07-25 09:00:00,0.00019338859601736107
2018-07-25 10:00:00,0.00016791640684378611
2018-07-25 11:00:00,0.00018582446390750216
2018-07-25 12:00:00,0.00015403460722993148
2018-07-25 13:00:00,0.00010688841411687916
2018-07-25 14:00:00,0.00012955767678373832
2018-07-25 15:00:00,8.033871250206192e-05
2018-07-25 16:00:00,0.00021359322197141546
2018-07-25 17:00:00,0.00012913766445412172
2018-07-25 18:00:00,8.309144555206232e-05
2018-07-25 19:00:00,7.793631343307677e-05
2018-07-25 20:00:00,9.720326241946593e-05
2018-07-25 21:00:00,0.00010976074127633938
2018-07-25 22:00:00,0.0001901512427173554
2018-07-25 23:00:00,0.00015398408392748038
2018-07-26 00:00:00,0.00021521097081084016
2018-07-26 01:00:00,0.00017366231086867812
2018-07-26 02:00:00,9.802522750073064e-05
2018-07-26 03:00:00,0.00010104022415691992
2018-07-26 04:00:00,8.349604817212498e-05
2018-07-26 05:00:00,6.464072780226545e-05
2018-07-26 06:00:00,5.361356814685776e-05
2018-07-26 07:00:00,8.999488032853017e-05
2018-07-26 08:00:00,0.00011564859282322767
2018-07-26 09:00:00,0.00017131137258130804
2018-07-26 10:00:00,7.552096007676147e-05
2018-07-26 11:00:00,9.114697819589738e-05
2018-07-26 12:00:00,9.635854528463861e-05
2018-07-26 13:00:00,0.0001010283407089301
2018-07-26 14:00:00,8.95443817212261e-05
2018-07-26 15:00:00,7.368530072797762e-05
2018-07-26 16:00:00,5.1718933140002736e-05
2018-07-26 17:00:00,5.534216560379407e-05
2018-07-26 18:00:00,5.8168529820124814e-05
2018-07-26 19:00:00,4.029064637511924e-05
2018-07-26 20:00:00,4.958440084858885e-05
2018-07-26 21:00:00,0.0002195997103262673
2018-07-26 22:00:00,0.0006206105525953581
2018-07-26 23:00:00,0.0004254766634496038
2018-07-27 00:00:00,0.0003850632600515756
2018-07-27 01:00:00,0.0001605702577661081
2018-07-27 02:00:00,0.00017384080649213022
2018-07-27 03:00:00,0.0001131886733881005
2018-07-27 04:00:00,8.869830500986159e-05
2018-07-27 05:00:00,9.023822997697698e-05
2018-07-27 06:00:00,8.156743879848442e-05
2018-07-27 07:00:00,9.92944037110933e-05
2018-07-27 08:00:00,8.617244057346018e-05
2018-07-27 09:00:00,0.0001105736989907311
2018-07-27 10:00:00,8.549161137661392e-05
2018-07-27 11:00:00,8.202808074095912e-05
2018-07-27 12:00:00,7.575937410651076e-05
2018-07-27 13:00:00,0.00015466201236433763
2018-07-27 14:00:00,0.00015155842691206715
2018-07-27 15:00:00,0.00012991843849470623
2018-07-27 16:00:00,0.00036649308233277744
2018-07-27 17:00:00,0.0002573755233422026
2018-07-27 18:00:00,0.00010745572774299425
2018-07-27 19:00:00,0.0001396567842473371
2018-07-27 20:00:00,0.0001315718805120029
2018-07-27 21:00:00,9.390132796354022e-05
2018-07-27 22:00:00,9.785772659151461e-05
2018-07-27 23:00:00,9.026453813169196e-05
2018-07-28 00:00:00,0.0001419962675960901
2018-07-28 01:00:00,0.00015004138577843704
2018-07-28 02:00:00,0.00010931839583897267
2018-07-28 03:00:00,8.360959615212054e-05
2018-07-28 04:00:00,6.362605813478621e-05
2018-07-28 05:00:00,7.879840703231936e-05
2018-07-28 06:00:00,7.021070042772767e-05
2018-07-28 07:00:00,5.41647475822014e-05
2018-07-28 08:00:00,6.466211685359712e-05
2018-07-28 09:00:00,6.38147111616449e-05
2018-07-28 10:00:00,7.719964595258135e-05
2018-07-28 11:00:00,9.557356945392652e-05
2018-07-28 12:00:00,0.00015133565515576747
2018-07-28 13:00:00,7.149586154087206e-05
2018-07-28 14:00:00,5.359854735578662e-05
2018-07-28 15:00:00,7.966023901472551e-05
2018-07-28 16:00:00,0.00017843263398043457
2018-07-28 17:00:00,0.00012462410655164716
2018-07-28 18:00:00,9.643223776859863e-05
2018-07-28 19:00:00,6.099761037807108e-05
2018-07-28 20:00:00,6.188123968696206e-05
2018-07-28 21:00:00,4.1562855143253924e-05
2018-07-28 22:00:00,5.620611939351342e-05
2018-07-28 23:00:00,6.733366177350236e-05
2018-07-29 00:00:00,8.876177129700197e-05
2018-07-29 01:00:00,0.00017249749681623312
2018-07-29 02:00:00,0.00012819431223666186
2018-07-29 03:00:00,0.00012917976107127625
2018-07-29 04:00:00,0.000118594297025733
2018-07-29 05:00:00,0.0001005599282888375
2018-07-29 06:00:00,0.00012096663893494179
2018-07-29 07:00:00,7.715704747966456e-05
2018-07-29 08:00:00,7.047564828707243e-05
2018-07-29 09:00:00,9.591598247761464e-05
2018-07-29 10:00:00,6.768801496076603e-05
2018-07-29 11:00:00,5.389437895823677e-05
2018-07-29 12:00:00,8.0907136962045e-05
2018-07-29 13:00:00,9.198001541510033e-05
2018-07-29 14:00:00,8.75826202239215e-05
2018-07-29 15:00:00,7.273974870082384e-05
2018-07-29 16:00:00,4.997018957887732e-05
2018-07-29 17:00:00,6.424050370179175e-05
2018-07-29 18:00:00,2.9349901046346903e-05
2018-07-29 19:00:00,3.572179503607533e-05
2018-07-29 20:00:00,5.460958667255983e-05
2018-07-29 21:00:00,5.118541709276178e-05
2018-07-29 22:00:00,7.208633349741443e-05
2018-07-29 23:00:00,7.377429642707718e-05
2018-07-30 00:00:00,0.00011523014155587137
2018-07-30 01:00:00,0.0002161891556557527
2018-07-30 02:00:00,0.00020679980154905326
2018-07-30 03:00:00,6.784653510453384e-05
2018-07-30 04:00:00,4.978739255320437e-05
2018-07-30 05:00:00,5.312280293672011e-05
2018-07-30 06:00:00,4.303579592424794e-05
2018-07-30 07:00:00,0.00019255134894016637
2018-07-30 08:00:00,0.00032487416159562133
2018-07-30 09:00:00,0.0001306270389083581
2018-07-30 10:00:00,6.846866546463958e-05
2018-07-30 11:00:00,0.000193362004401858
2018-07-30 12:00:00,0.00014324403385106298
2018-07-30 13:00:00,0.00010438106803913906
2018-07-30 14:00:00,9.56905346645627e-05
2018-07-30 15:00:00,0.0001270762964082606
2018-07-30 16:00:00,0.00012005560988571765
2018-07-30 17:00:00,0.00010296427821656438
2018-07-30 18:00:00,0.0003020694002375356
2018-07-30 19:00:00,0.0003232949615280421
2018-07-30 20:00:00,0.00029675024432227067
2018-07-30 21:00:00,0.00032895413582443553
2018-07-30 22:00:00,0.0001549832321226622
2018-07-30 23:00:00,0.00014125993483724868
2018-07-31 00:00:00,0.00010943954658433165
2018-07-31 01:00:00,0.00010942177438281789
2018-07-31 02:00:00,8.759378417523308e-05
2018-07-31 03:00:00,5.644911295318464e-05
2018-07-31 04:00:00,4.2714021192285406e-05
2018-07-31 05:00:00,5.788108249859264e-05
2018-07-31 06:00:00,5.027009900158067e-05
2018-07-31 07:00:00,9.009182731867402e-05
2018-07-31 08:00:00,8.682778422447404e-05
2018-07-31 09:00:00,0.0001117877566336151
2018-07-31 10:00:00,0.00017141253416169203
2018-07-31 11:00:00,0.00017965706301487091
2018-07-31 12:00:00,0.00015876779038112443
2018-07-31 13:00:00,0.00046479553010713825
2018-07-31 14:00:00,0.000371508377090171
2018-07-31 15:00:00,0.00038347297603974825
2018-07-31 16:00:00,0.0002875817884689355
2018-07-31 17:00:00,0.00016686114660007453
2018-07-31 18:00:00,0.00021614080150481445
2018-07-31 19:00:00,0.00015768314665181137
2018-07-31 20:00:00,0.00011795165137957274
2018-07-31 21:00:00,0.00011913828987053217
2018-07-31 22:00:00,0.00018317694147301585
2018-08-03 23:00:00,0.00010518804813293679
2018-08-04 00:00:00,0.00010597739224099894
2018-08-04 01:00:00,0.00011680671181529865
2018-08-04 02:00:00,9.056175649555197e-05
2018-08-04 03:00:00,0.0001053119356804861
2018-08-04 04:00:00,7.478958792171189e-05
2018-08-04 05:00:00,6.492156896782663e-05
2018-08-04 06:00:00,5.2587292143367965e-05
2018-08-04 07:00:00,6.672361727922957e-05
2018-08-04 08:00:00,7.198627443549261e-05
2018-08-04 09:00:00,8.606731530687114e-05
2018-08-04 10:00:00,5.9873247403202865e-05
2018-08-04 11:00:00,8.588933789615014e-05
2018-08-04 12:00:00,6.591898600603004e-05
2018-08-04 13:00:00,0.0001739121633631005
2018-08-04 14:00:00,0.00012134298463588408
2018-08-04 15:00:00,0.0005128307501182502
2018-08-04 16:00:00,0.00048066340346907764
2018-08-04 17:00:00,0.0003121673336016008
2018-08-04 18:00:00,0.0002483348377885005
2018-08-04 19:00:00,0.0001306952576025224
2018-08-04 20:00:00,0.00010227372362802315
2018-08-04 21:00:00,7.46946759872477e-05
2018-08-04 22:00:00,0.00014856025678089112
2018-08-04 23:00:00,0.000119866556872191
2018-08-05 00:00:00,0.00011324129342577745
2018-08-05 01:00:00,0.00017341486758951893
2018-08-05 02:00:00,0.00026601863983038434
2018-08-05 03:00:00,0.00014533596823082848
2018-08-05 04:00:00,0.0001305732039550074
2018-08-05 05:00:00,0.00011008576162838795
2018-08-05 06:00:00,7.806392963633602e-05
2018-08-05 07:00:00,6.73135496439917e-05
2018-08-05 08:00:00,6.620400489728945e-05
2018-08-05 09:00:00,0.00010259944581263945
2018-08-05 10:00:00,0.00012463911381739584
2018-08-05 11:00:00,0.00010658392539728471
2018-08-05 12:00:00,8.360113389836126e-05
2018-08-05 13:00:00,8.188653248697267e-05
2018-08-05 14:00:00,0.00011430674413923684
2018-08-05 15:00:00,0.00016560664586673965
2018-08-05 16:00:00,0.00016814551186079807
2018-08-05 17:00:00,8.577344642589296e-05
2018-08-05 18:00:00,0.00010695482840221897
2018-08-05 19:00:00,8.8973877355016e-05
2018-08-05 20:00:00,0.00010663185709112191
2018-08-05 21:00:00,9.566517706609037e-05
2018-08-05 22:00:00,0.0001273005442365594
2018-08-05 23:00:00,0.00010953820566800661
2018-08-06 00:00:00,8.194142504060008e-05
2018-08-06 01:00:00,7.782651753015607e-05
2018-08-06 02:00:00,0.00012354110451497633
2018-08-06 03:00:00,7.486604939705632e-05
2018-08-06 04:00:00,5.829794696190046e-05
2018-08-06 05:00:00,4.682479836285509e-05
2018-08-06 06:00:00,7.091854109440634e-05
2018-08-06 07:00:00,4.878106317086025e-05
2018-08-06 08:00:00,6.805905726910642e-05
2018-08-06 09:00:00,8.903586736832154e-05
2018-08-06 10:00:00,9.797628106563199e-05
2018-08-06 11:00:00,8.715469894344259e-05
2018-08-06 12:00:00,0.00010864853373428249
2018-08-06 13:00:00,8.630793318404939e-05
2018-08-06 14:00:00,0.0002126540451349614
2018-08-06 15:00:00,0.00011930234285729955
2018-08-06 16:00:00,8.08045183905874e-05
2018-08-06 17:00:00,0.00012394779250100366
2018-08-06 18:00:00,6.262190642969444e-05
2018-08-06 19:00:00,7.643944744649032e-05
2018-08-06 20:00:00,7.082868384358836e-05
2018-08-06 21:00:00,7.296324288649614e-05
2018-08-06 22:00:00,0.00015753486313891866
2018-08-06 23:00:00,0.0001556527674087565
2018-08-07 00:00:00,0.00014220782980097795
2018-08-07 01:00:00,0.00012677325351956534
2018-08-07 02:00:00,7.147198364242807e-05
2018-08-07 03:00:00,7.768904871018288e-05
2018-08-07 04:00:00,6.00731685519143e-05
2018-08-07 05:00:00,5.090567616601708e-05
2018-08-07 06:00:00,5.18520842003351e-05
2018-08-07 07:00:00,4.914493737397076e-05
2018-08-07 08:00:00,0.00014305681032410094
2018-08-07 09:00:00,9.216334057362394e-05
2018-08-07 10:00:00,8.800874021923462e-05
2018-08-07 11:00:00,8.4261739915498e-05
2018-08-07 12:00:00,0.00011314691244398222
2018-08-07 13:00:00,0.00012012421752259277
2018-08-07 14:00:00,0.00010839633798156007
2018-08-07 15:00:00,7.386742950076016e-05
2018-08-07 16:00:00,7.287625701064439e-05
2018-08-07 17:00:00,6.85358499981331e-05
2018-08-07 18:00:00,4.9988508994403066e-05
2018-08-07 19:00:00,5.642992214257243e-05
2018-08-07 20:00:00,7.200568840764408e-05
2018-08-07 21:00:00,0.00026799197366079693
2018-08-07 22:00:00,0.0005644508859347382
2018-08-07 23:00:00,0.00026551049001018217
2018-08-08 00:00:00,0.0001826421717504637
2018-08-08 01:00:00,0.0002792496220047774
2018-08-08 02:00:00,0.00017872660463058785
2018-08-08 03:00:00,0.00015035722348434987
2018-08-08 04:00:00,0.00013460280890014605
2018-08-08 05:00:00,0.00022362430634032438
2018-08-08 06:00:00,0.00033925209932503947
2018-08-08 07:00:00,0.00018270380149284075
2018-08-08 08:00:00,0.00013078824870774551
2018-08-08 09:00:00,0.0001499824307192172
2018-08-08 10:00:00,0.00016660456125719823
2018-08-08 11:00:00,0.00013271255432905003
2018-08-08 12:00:00,0.00014352511428793348
2018-08-08 13:00:00,0.0001488869074862765
2018-08-08 14:00:00,0.0001636096862974756
2018-08-08 15:00:00,0.00019170995553416278
2018-08-08 16:00:00,0.00012318656989647624
2018-08-08 17:00:00,0.00038582387735861857
2018-08-08 18:00:00,0.0002700429935908971
2018-08-08 19:00:00,0.0004533032482207121
2018-08-08 20:00:00,0.00034590974550475064
2018-08-08 21:00:00,0.0002140851251625271
2018-08-08 22:00:00,0.00026973301150871523
2018-08-08 23:00:00,0.00022233489551351353
2018-08-09 00:00:00,0.0002596858875448815
2018-08-09 01:00:00,0.00014130224451787762
2018-08-09 02:00:00,0.00010101664792055866
2018-08-09 03:00:00,7.005376705018621e-05
2018-08-09 04:00:00,7.588777916078327e-05
2018-08-09 05:00:00,7.734803835464165e-05
2018-08-09 06:00:00,0.00011039704617953488
2018-08-09 07:00:00,0.00010977322639692533
2018-08-09 08:00:00,0.00020087445165179021
2018-08-09 09:00:00,0.00010459658065099122
2018-08-09 10:00:00,8.002700582017935e-05
2018-08-09 11:00:00,7.948002117277029e-05
2018-08-09 12:00:00,5.710609359905839e-05
2018-08-09 13:00:00,0.00019351225243854998
2018-08-09 14:00:00,0.0005399257442279252
2018-08-09 15:00:00,0.0003934006245664753
2018-08-09 16:00:00,0.0002496695121964488
2018-08-09 17:00:00,0.00014694462796373175
2018-08-09 18:00:00,0.00010741288596208148
2018-08-09 19:00:00,7.966230647959411e-05
2018-08-09 20:00:00,0.000119398314622019
2018-08-09 21:00:00,0.0001110461136351154
2018-08-09 22:00:00,0.00034524728744548747
2018-08-09 23:00:00,0.00018931382667828608
2018-08-10 00:00:00,0.00016294190198595256
2018-08-10 01:00:00,0.00011069931130795941
2018-08-10 02:00:00,9.898406462337371e-05
2018-08-10 03:00:00,0.00011724020503601994
2018-08-10 04:00:00,6.403410839795926e-05
2018-08-10 05:00:00,0.0001333609791111995
2018-08-10 06:00:00,8.505553863325106e-05
2018-08-10 07:00:00,9.51964327484065e-05
2018-08-10 08:00:00,9.506827249206589e-05
2018-08-10 09:00:00,0.000196667718943696
2018-08-10 10:00:00,0.0002868180928450666
2018-08-10 11:00:00,0.0001538187251361471
2018-08-10 12:00:00,0.00023266813436372913
2018-08-10 13:00:00,0.0003763213142576833
2018-08-10 14:00:00,0.00016709403861649562
2018-08-10 15:00:00,0.00021669781068286932
2018-08-10 16:00:00,0.00012819397329607356
2018-08-10 17:00:00,0.0001258329286536721
2018-08-10 18:00:00,0.00017534282262881635
2018-08-10 19:00:00,0.00017218193383052147
2018-08-10 20:00:00,0.00012805449654050587
2018-08-10 21:00:00,0.0005919981644141737
2018-08-10 22:00:00,0.0015580701827826006
2018-08-10 23:00:00,0.0006869019610635194
2018-08-11 00:00:00,0.0006374717045173694
2018-08-11 01:00:00,0.00042097013035654116
2018-08-11 02:00:00,0.00028168451665396775
2018-08-11 03:00:00,0.00019325442660410438
2018-08-11 04:00:00,0.00016029499684548366
2018-08-11 05:00:00,0.0001703531380506386
2018-08-11 06:00:00,0.0003562224260462218
2018-08-11 07:00:00,0.0002465922349818881
2018-08-11 08:00:00,0.00017510405674571778
2018-08-11 09:00:00,0.0001748900515351978
2018-08-11 10:00:00,0.00012830446625788078
2018-08-11 11:00:00,0.00013210528990315718
2018-08-11 12:00:00,9.711082444850533e-05
2018-08-11 13:00:00,0.00016513048733397492
2018-08-11 14:00:00,0.00014101121216865273
2018-08-11 15:00:00,0.00016200990074984414
2018-08-11 16:00:00,0.0001702455256377922
2018-08-11 17:00:00,0.0002161203508208709
2018-08-11 18:00:00,0.0008993515701690207
2018-08-11 19:00:00,0.0004095713678078631
2018-08-11 20:00:00,0.000255788964495438
2018-08-11 21:00:00,0.0001286097323980983
2018-08-11 22:00:00,7.858652088747098e-05
2018-08-11 23:00:00,4.516231684668041e-05
2018-08-12 00:00:00,0.00018512274397809158
2018-08-12 01:00:00,0.0003774000245735017
2018-08-12 02:00:00,0.00031457062472108017
2018-08-12 03:00:00,9.69518207706362e-05
2018-08-12 04:00:00,7.234212374308908e-05
2018-08-12 05:00:00,8.31335165369641e-05
2018-08-12 06:00:00,0.0002450790005823807
2018-08-12 07:00:00,0.00026052583038615454
2018-08-12 08:00:00,0.0001941796581301811
2018-08-12 09:00:00,0.0001472940886790703
2018-08-12 10:00:00,0.00013153850667048261
2018-08-12 11:00:00,0.00011407406987194511
2018-08-12 12:00:00,0.00016401409849746537
2018-08-12 13:00:00,0.0003300743291674079
2018-08-12 14:00:00,0.00019424689627151636
2018-08-12 15:00:00,0.00027908544035959253
2018-08-12 16:00:00,0.0002230721530140808
2018-08-12 17:00:00,0.0002691827793535043
2018-08-12 18:00:00,0.00017985049576364764
2018-08-12 19:00:00,0.00014408968031058423
2018-08-12 20:00:00,0.00075202894646111
2018-08-12 21:00:00,0.00030169571611216424
2018-08-12 22:00:00,0.0001674206703736173
2018-08-12 23:00:00,0.00017046862257066728
2018-08-13 00:00:00,0.00013748874079114323
2018-08-13 01:00:00,7.398950812405389e-05
2018-08-13 02:00:00,4.2167365095461416e-05
2018-08-13 03:00:00,3.9711642293627484e-05
2018-08-13 04:00:00,7.010364325355324e-05
2018-08-13 05:00:00,8.407194852219825e-05
2018-08-13 06:00:00,9.56192990056362e-05
2018-08-13 07:00:00,0.000341395841230137
2018-08-13 08:00:00,0.00014407540323300432
2018-08-13 09:00:00,0.0003334422023167216
2018-08-13 10:00:00,0.0001425143508223839
2018-08-13 11:00:00,9.110944764267066e-05
2018-08-13 12:00:00,8.846417958554458e-05
2018-08-13 13:00:00,9.149968110896487e-05
2018-08-13 14:00:00,0.000176643412533516
2018-08-13 15:00:00,0.00016089294166471226
2018-08-13 16:00:00,0.00033882057140833394
2018-08-13 17:00:00,0.00021925215007008374
2018-08-13 18:00:00,0.0005437136954467913
2018-08-13 19:00:00,0.0003159241346000085
2018-08-13 20:00:00,0.00020297034085388382
2018-08-13 21:00:00,0.00022513354792197063
2018-08-13 22:00:00,0.0002074970827589031
2018-08-13 23:00:00,0.0001878451703217247
2018-08-14 00:00:00,0.00013907792321958713
2018-08-14 01:00:00,0.00020199473876213157
2018-08-14 02:00:00,0.000327263674768166
2018-08-14 03:00:00,0.00046263675032362305
2018-08-14 04:00:00,0.00022810170722552866
2018-08-14 05:00:00,0.00015309276393769163
2018-08-14 06:00:00,9.671567284915053e-05
2018-08-14 07:00:00,0.0001078000937614389
2018-08-14 08:00:00,0.0002231104532462182
2018-08-14 09:00:00,0.0001275545745656734
2018-08-14 10:00:00,0.00011056730863646103
2018-08-14 11:00:00,0.00010251099709847392
2018-08-14 12:00:00,0.00012432628571676748
2018-08-14 13:00:00,0.00022887604221767126
2018-08-14 14:00:00,0.0002118704920788007
2018-08-14 15:00:00,0.00017305475028646716
2018-08-14 16:00:00,0.00017950523479368671
2018-08-14 17:00:00,0.00014793500568560105
2018-08-14 18:00:00,0.00017288380317280325
2018-08-14 19:00:00,0.00014630723653554534
2018-08-14 20:00:00,0.00026995064085689183
2018-08-14 21:00:00,0.00014509455565383763
2018-08-14 22:00:00,0.0001638098758973471
2018-08-14 23:00:00,0.00020380447226045752
2018-08-15 00:00:00,0.00020862560113074475
2018-08-15 01:00:00,0.00015094314564490662
2018-08-15 02:00:00,9.577759667812373e-05
2018-08-15 03:00:00,0.00012068899142217154
2018-08-15 04:00:00,0.00013500856913011236
2018-08-15 05:00:00,0.00015666488442579355
2018-08-15 06:00:00,8.46599412462267e-05
2018-08-15 07:00:00,6.643409501069757e-05
2018-08-15 08:00:00,0.00017201340392582033
2018-08-15 09:00:00,0.0001657205894869699
2018-08-15 10:00:00,0.0002578170734799596
2018-08-15 11:00:00,0.00017046852534966281
2018-08-15 12:00:00,0.00013062730784611527
2018-08-15 13:00:00,0.00013304509107129616
2018-08-15 14:00:00,0.00013916330709721285
2018-08-15 15:00:00,0.00011940281787752992
2018-08-15 16:00:00,0.00019918705465532427
2018-08-15 17:00:00,0.0003502227694920919
2018-08-15 18:00:00,0.0002158271104356075
2018-08-15 19:00:00,0.00013127318352893334
2018-08-15 20:00:00,0.00021953120944476085
2018-08-15 21:00:00,0.00020140167469583987
2018-08-15 22:00:00,0.00020900784908688957
2018-08-15 23:00:00,0.00019766336057977981
2018-08-16 00:00:00,0.0002270774787157518
2018-08-16 01:00:00,0.00019550559294107965
2018-08-16 02:00:00,0.00013368066473213965
2018-08-16 03:00:00,6.992130269055465e-05
2018-08-16 04:00:00,9.789253479519504e-05
2018-08-16 05:00:00,0.00011685459831903645
2018-08-16 06:00:00,0.00010896689894785028
2018-08-16 07:00:00,8.780466790599741e-05
2018-08-16 08:00:00,0.0001303829317882596
2018-08-16 09:00:00,0.00014967151047276097
2018-08-16 10:00:00,0.00012647525021346228
2018-08-16 11:00:00,0.0001691760205682504
2018-08-16 12:00:00,0.00015126205983920365
2018-08-16 13:00:00,0.00021511135875807713
2018-08-16 14:00:00,0.000164603567118447
2018-08-16 15:00:00,0.0001577501153253769
2018-08-16 16:00:00,0.00016891662380814985
2018-08-16 17:00:00,0.0001188733555688896
2018-08-16 18:00:00,0.00013478709582751116
2018-08-16 19:00:00,0.00010196658531164574
2018-08-16 20:00:00,9.695770937127482e-05
2018-08-16 21:00:00,0.00023822888259281583
2018-08-16 22:00:00,0.00027066906603796147
2018-08-16 23:00:00,0.00021621923607534566
2018-08-17 00:00:00,0.0001272442866254738
2018-08-17 01:00:00,0.00012345174975060983
2018-08-17 02:00:00,7.729564523640414e-05
2018-08-17 03:00:00,9.286800354687374e-05
2018-08-17 04:00:00,0.00010634704415530351
2018-08-17 05:00:00,0.00015783771267672035
2018-08-17 06:00:00,8.938882226070318e-05
2018-08-17 07:00:00,7.513317884996534e-05
2018-08-17 08:00:00,0.00016625330860993906
2018-08-17 10:00:00,0.00011484351910520249
2018-08-17 11:00:00,0.00017197473340134015
2018-08-17 12:00:00,9.53406758279179e-05
2018-08-17 13:00:00,8.484748561306324e-05
2018-08-17 14:00:00,0.00010563177810290904
2018-08-17 15:00:00,0.00010427446999600284
2018-08-17 16:00:00,0.00011127924573756649
2018-08-17 17:00:00,0.00014445712698478953
2018-08-17 18:00:00,0.00018543739667472035
2018-08-17 19:00:00,0.00010936639398129511
2018-08-17 20:00:00,7.706032924640309e-05
2018-08-17 21:00:00,0.00011676816725845362
2018-08-17 22:00:00,0.00018495533729022493
2018-08-17 23:00:00,0.00023615791109953522
2018-08-18 00:00:00,0.00018085179899880225
2018-08-18 01:00:00,0.0001722027025942052
2018-08-18 02:00:00,0.0001819487554432175
2018-08-18 03:00:00,0.00012746177610303553
2018-08-18 04:00:00,0.00011465129023776256
2018-08-18 05:00:00,0.00011562588484721846
2018-08-18 06:00:00,0.00011979050600703327
2018-08-18 07:00:00,0.00013432410749463275
2018-08-18 08:00:00,0.00017190081169993698
2018-08-18 09:00:00,0.00011021960777327265
2018-08-18 10:00:00,7.763576840351631e-05
2018-08-18 11:00:00,9.97655735355209e-05
2018-08-18 12:00:00,0.00011373691179672261
2018-08-18 13:00:00,0.00011113218620877993
2018-08-18 14:00:00,0.00027518575593086153
2018-08-18 15:00:00,0.00016511044363705396
2018-08-18 16:00:00,0.0002073613661081144
2018-08-18 17:00:00,0.00023318680186739987
2018-08-18 18:00:00,0.00019781592948089959
2018-08-18 19:00:00,0.00014896811572101293
2018-08-18 20:00:00,0.0001101249988107355
2018-08-18 21:00:00,0.00015233069723800488
2018-08-18 22:00:00,0.00016255039900179191
2018-08-18 23:00:00,0.00014487549805866843
2018-08-19 00:00:00,0.0001139459741229038
2018-08-19 01:00:00,0.00010664204079278068
2018-08-19 02:00:00,0.00010944994080043861
2018-08-19 03:00:00,6.754550648456175e-05
2018-08-19 04:00:00,9.520450568048318e-05
2018-08-19 05:00:00,7.249694974898534e-05
2018-08-19 06:00:00,0.00010528782504718497
2018-08-19 07:00:00,9.062892854746429e-05
2018-08-19 08:00:00,9.220336519027086e-05
2018-08-19 09:00:00,7.581552086784807e-05
2018-08-19 10:00:00,7.979701837254846e-05
2018-08-19 11:00:00,7.25321804492776e-05
2018-08-19 12:00:00,0.00011274612724032344
2018-08-19 13:00:00,9.973369573997286e-05
2018-08-19 14:00:00,0.00011210675898388247
2018-08-19 15:00:00,0.0001389911061716061
2018-08-19 16:00:00,0.00016966967727097742
2018-08-19 17:00:00,0.00012818830730680758
2018-08-19 18:00:00,0.00011186829550295368
2018-08-19 19:00:00,9.445442312271703e-05
2018-08-19 20:00:00,8.87943829656108e-05
2018-08-19 21:00:00,0.00014953220361844103
2018-08-19 22:00:00,0.00013968509016924012
2018-08-19 23:00:00,9.9886374072253e-05
2018-08-20 00:00:00,8.398363809898095e-05
2018-08-20 01:00:00,6.955907049188249e-05
2018-08-20 02:00:00,4.0301462062322275e-05
2018-08-20 03:00:00,5.80784956508387e-05
2018-08-20 04:00:00,5.235972122663252e-05
2018-08-20 05:00:00,6.25386037876296e-05
2018-08-20 06:00:00,5.784052931902666e-05
2018-08-20 07:00:00,7.345410422078194e-05
2018-08-20 08:00:00,5.169175299499256e-05
2018-08-20 09:00:00,6.230435276060867e-05
2018-08-20 10:00:00,9.96369811481198e-05
2018-08-20 11:00:00,6.929491257138145e-05
2018-08-20 12:00:00,6.85856398549385e-05
2018-08-20 13:00:00,8.786413509493487e-05
2018-08-20 14:00:00,9.06199490729071e-05
2018-08-20 15:00:00,6.741209312293891e-05
2018-08-20 16:00:00,9.32422042829139e-05
2018-08-20 17:00:00,9.930601448438225e-05
2018-08-20 18:00:00,8.09862213099764e-05
2018-08-20 19:00:00,5.839503777638072e-05
2018-08-20 20:00:00,5.571946566477157e-05
2018-08-20 21:00:00,6.532536664664339e-05
2018-08-20 22:00:00,7.168053405969647e-05
2018-08-20 23:00:00,0.0004177796844670411
2018-08-21 00:00:00,0.00031965420189677485
2018-08-21 01:00:00,0.00013622399833889467
2018-08-21 02:00:00,7.623041893024002e-05
2018-08-21 03:00:00,7.636703264857768e-05
2018-08-21 04:00:00,5.99569558794043e-05
2018-08-21 05:00:00,5.1338734268919086e-05
2018-08-21 06:00:00,8.745721889048407e-05
2018-08-21 07:00:00,0.00013238177372977593
2018-08-21 08:00:00,0.00010370654218699505
2018-08-21 09:00:00,0.00013156545678044161
2018-08-21 10:00:00,0.00010117072824429762
2018-08-21 11:00:00,7.903804039365363e-05
2018-08-21 12:00:00,6.562758834949765e-05
2018-08-21 13:00:00,7.164048232595802e-05
2018-08-21 14:00:00,0.00010798889604475258
2018-08-21 15:00:00,0.00014382059867973967
2018-08-21 16:00:00,0.00011696259739803184
2018-08-21 17:00:00,0.00013138412941624434
2018-08-21 18:00:00,0.000135803673286563
2018-08-21 19:00:00,0.00014109261386669936
2018-08-21 20:00:00,0.00011613422206810607
2018-08-21 21:00:00,0.00012662763680342762
2018-08-21 22:00:00,0.00023728074868005166
2018-08-21 23:00:00,0.00012588818119830413
2018-08-22 00:00:00,9.351159526704623e-05
2018-08-22 01:00:00,0.00010374993863997484
2018-08-22 02:00:00,0.0011092926449492104
2018-08-22 03:00:00,0.0007132402248775617
2018-08-22 04:00:00,0.0002311657030047644
2018-08-22 05:00:00,0.00015399286488422445
2018-08-22 06:00:00,0.00015310731521560986
2018-08-22 07:00:00,0.00013314477867789294
2018-08-22 08:00:00,0.00011002122981434679
2018-08-22 09:00:00,9.915956193793759e-05
2018-08-22 10:00:00,0.00010106069955566535
2018-08-22 11:00:00,8.686903743291446e-05
2018-08-22 12:00:00,9.321218962490068e-05
2018-08-22 13:00:00,9.983823094920123e-05
2018-08-22 14:00:00,6.865901948046739e-05
2018-08-22 15:00:00,6.676949680421925e-05
2018-08-22 16:00:00,0.0003163227789978277
2018-08-22 17:00:00,0.0008963202304554852
2018-08-22 18:00:00,0.00020910201469428715
2018-08-22 19:00:00,0.00016416985485659928
2018-08-22 20:00:00,0.00012017637246523056
2018-08-22 21:00:00,0.0005256107119404267
2018-08-22 22:00:00,0.0006496505111220678
2018-08-22 23:00:00,0.0012211698977294475
2018-08-23 00:00:00,0.0004192769533861369
2018-08-23 01:00:00,0.00030809537280727305
2018-08-23 02:00:00,0.00013750980530207992
2018-08-23 03:00:00,0.00010548837756569978
2018-08-23 04:00:00,0.0001284877342923363
2018-08-23 05:00:00,9.471834297591595e-05
2018-08-23 06:00:00,0.00012977481868242083
2018-08-23 07:00:00,0.00011329647097066834
2018-08-23 08:00:00,8.396787982649839e-05
2018-08-23 09:00:00,7.153966937341573e-05
2018-08-23 10:00:00,0.000101070279973212
2018-08-23 11:00:00,0.00010087129476384112
2018-08-23 12:00:00,0.00011532293502970223
2018-08-23 13:00:00,0.00010562695689636454
2018-08-23 14:00:00,0.0001363744231015908
2018-08-23 15:00:00,0.00020678639434293085
2018-08-23 16:00:00,0.0001182645614961977
2018-08-23 17:00:00,0.00011869260621584645
2018-08-23 18:00:00,9.704117878897777e-05
2018-08-23 19:00:00,8.007156059593268e-05
2018-08-23 20:00:00,0.00015906091726488851
2018-08-23 21:00:00,0.00010313972090238221
2018-08-23 22:00:00,0.00019212401260241223
2018-08-23 23:00:00,0.0002009553518972285
2018-08-24 00:00:00,0.00010478389077493305
2018-08-24 01:00:00,8.43112414496227e-05
2018-08-24 02:00:00,7.512498135251708e-05
2018-08-24 03:00:00,7.690863903664609e-05
2018-08-24 04:00:00,6.0055380032760625e-05
2018-08-24 05:00:00,5.2093037731079624e-05
2018-08-24 06:00:00,5.0841423405263266e-05
2018-08-24 07:00:00,5.501361819556626e-05
2018-08-24 08:00:00,9.37806757645136e-05
2018-08-24 09:00:00,6.595429993894816e-05
2018-08-24 10:00:00,6.0676840592759366e-05
2018-08-24 11:00:00,6.235631582978485e-05
2018-08-24 12:00:00,7.583900330205991e-05
2018-08-24 13:00:00,9.318527370297307e-05
2018-08-24 14:00:00,0.00011840867754319654
2018-08-24 15:00:00,0.00016079984455549177
2018-08-24 16:00:00,0.00016526773088059222
2018-08-24 17:00:00,0.00011133062592750965
2018-08-24 18:00:00,0.00024568408650062044
2018-08-24 19:00:00,0.00015458309015891047
2018-08-24 20:00:00,0.00010079669366500528
2018-08-24 21:00:00,8.26739075869693e-05
2018-08-24 22:00:00,0.00016713946493850888
2018-08-24 23:00:00,0.00020173264711731363
2018-08-25 00:00:00,0.00014131854668513613
2018-08-25 01:00:00,0.00023383197716613738
2018-08-25 02:00:00,0.00015780537422950251
2018-08-25 03:00:00,0.00015133919950898882
2018-08-25 04:00:00,0.00014115844718207368
2018-08-25 05:00:00,0.00018329581031647238
2018-08-25 06:00:00,0.00010124229732896652
2018-08-25 07:00:00,9.549860673087107e-05
2018-08-25 08:00:00,9.104220820491356e-05
2018-08-25 09:00:00,0.00011210946279077079
2018-08-25 10:00:00,0.00011140870421428963
2018-08-25 11:00:00,8.990346402454752e-05
2018-08-25 12:00:00,8.872337631951887e-05
2018-08-25 13:00:00,0.00010721359332299373
2018-08-25 14:00:00,8.843905007063798e-05
2018-08-25 15:00:00,0.00011065360307264561
2018-08-25 16:00:00,0.00013862861253676248
2018-08-25 17:00:00,0.00011351857890677891
2018-08-25 18:00:00,7.704560205058142e-05
2018-08-25 19:00:00,8.548171905718241e-05
2018-08-25 21:00:00,7.222979226975538e-05
2018-08-25 22:00:00,9.203597675438447e-05
2018-08-25 23:00:00,6.576897427970041e-05
2018-08-26 00:00:00,8.85638358523979e-05
2018-08-26 01:00:00,0.000110292543416964
2018-08-26 02:00:00,4.5244993320533204e-05
2018-08-26 03:00:00,0.00014565400817372688
2018-08-26 04:00:00,0.00011225942350556476
2018-08-26 05:00:00,8.40128439649963e-05
2018-08-26 06:00:00,5.4390835226453307e-05
2018-08-26 07:00:00,7.786857140327239e-05
2018-08-26 08:00:00,7.297817024167489e-05
2018-08-26 09:00:00,7.240079902065097e-05
2018-08-26 10:00:00,6.840726582399217e-05
2018-08-26 11:00:00,8.382499605981781e-05
2018-08-26 12:00:00,7.401993236924894e-05
2018-08-26 13:00:00,6.904543329361468e-05
2018-08-26 14:00:00,9.929227998044123e-05
2018-08-26 15:00:00,7.649563176729251e-05
2018-08-26 16:00:00,7.950883030614568e-05
2018-08-26 17:00:00,9.773733703898661e-05
2018-08-26 18:00:00,0.00011178564202411709
2018-08-26 19:00:00,8.281483970519876e-05
2018-08-26 20:00:00,7.842436487165191e-05
2018-08-26 21:00:00,9.265593869031813e-05
2018-08-26 22:00:00,9.0702546608806e-05
2018-08-26 23:00:00,9.551880557682937e-05
2018-08-27 00:00:00,8.19802589120494e-05
2018-08-27 01:00:00,6.366753210428583e-05
2018-08-27 02:00:00,5.726467427666987e-05
2018-08-27 03:00:00,3.687887218553505e-05
2018-08-27 04:00:00,4.3042347553744504e-05
2018-08-27 05:00:00,7.254556300556084e-05
2018-08-27 06:00:00,7.400983221827218e-05
2018-08-27 07:00:00,4.571749862022504e-05
2018-08-27 08:00:00,3.9460510621650294e-05
2018-08-27 09:00:00,5.330422980533811e-05
2018-08-27 10:00:00,5.019874593094647e-05
2018-08-27 11:00:00,5.562192921644752e-05
2018-08-27 12:00:00,7.812639426524449e-05
2018-08-27 13:00:00,0.00012454921659132328
2018-08-27 14:00:00,8.369691141969534e-05
2018-08-27 15:00:00,7.790909462695489e-05
2018-08-27 16:00:00,6.057603874139608e-05
2018-08-27 17:00:00,5.850799407406795e-05
2018-08-27 18:00:00,5.107389784817849e-05
2018-08-27 19:00:00,4.190058189243312e-05
2018-08-27 20:00:00,4.896305573743105e-05
2018-08-27 21:00:00,5.104385537211742e-05
2018-08-27 22:00:00,7.583944088619332e-05
2018-08-27 23:00:00,9.104110523096073e-05
2018-08-28 00:00:00,0.00043718463679067165
2018-08-28 01:00:00,0.00017243018500301099
2018-08-28 02:00:00,0.00014643231834587952
2018-08-28 03:00:00,8.055977091528977e-05
2018-08-28 04:00:00,4.741991151150239e-05
2018-08-28 05:00:00,5.3820222017104255e-05
2018-08-28 06:00:00,5.0170254715599947e-05
2018-08-28 07:00:00,0.00010345871604471679
2018-08-28 08:00:00,9.34132895443805e-05
2018-08-28 09:00:00,6.715722778523232e-05
2018-08-28 10:00:00,5.168987894392265e-05
2018-08-28 11:00:00,5.239598500338107e-05
2018-08-28 12:00:00,0.00030767455332175996
2018-08-28 13:00:00,0.00014470234435542644
2018-08-28 14:00:00,0.0001672429177545811
2018-08-28 15:00:00,0.0001719042238971323
2018-08-28 16:00:00,0.0001147802561882067
2018-08-28 17:00:00,0.0001217357745039576
2018-08-28 18:00:00,0.00014039336233841117
2018-08-28 19:00:00,9.867617503778608e-05
2018-08-28 20:00:00,0.0001306784259301616
2018-08-28 21:00:00,0.00014069950351958932
2018-08-28 22:00:00,0.00015902559400883694
2018-08-28 23:00:00,0.00014951964651849765
2018-08-29 00:00:00,0.00011681199101224392
2018-08-29 01:00:00,8.450802459533117e-05
2018-08-29 02:00:00,8.157949006804341e-05
2018-08-29 03:00:00,8.435130493319234e-05
2018-08-29 04:00:00,6.880765723490153e-05
2018-08-29 05:00:00,4.323462860882666e-05
2018-08-29 06:00:00,2.5180991982321314e-05
2018-08-29 07:00:00,5.3143250994872634e-05
2018-08-29 08:00:00,8.095890495026085e-05
2018-08-29 09:00:00,9.527538927578431e-05
2018-08-29 10:00:00,0.00010242390945343143
2018-08-29 11:00:00,8.215753145051548e-05
2018-08-29 12:00:00,6.815111844835326e-05
2018-08-29 13:00:00,8.363945096673167e-05
2018-08-29 14:00:00,7.545843546140468e-05
2018-08-29 15:00:00,7.017832220244686e-05
2018-08-29 16:00:00,0.00026627306299576884
2018-08-29 17:00:00,0.0001470180981952618
2018-08-29 18:00:00,0.00010283932756846089
2018-08-29 19:00:00,9.79169630435275e-05
2018-08-29 20:00:00,6.478091777461871e-05
2018-08-29 21:00:00,9.172078921923664e-05
2018-08-29 22:00:00,7.32900987934764e-05
2018-08-29 23:00:00,6.664010869325475e-05
2018-08-30 00:00:00,6.026815641653749e-05
2018-08-30 01:00:00,3.579954503987503e-05
2018-08-30 02:00:00,3.67267001330058e-05
2018-08-30 03:00:00,7.299867813661957e-05
2018-08-30 04:00:00,5.092963683013479e-05
2018-08-30 05:00:00,5.5061766712521604e-05
2018-08-30 06:00:00,8.26270978878499e-05
2018-08-30 07:00:00,0.00010349946352420321
2018-08-30 08:00:00,5.9943995516841067e-05
2018-08-30 09:00:00,7.964222507219936e-05
2018-08-30 10:00:00,0.00013292723153420335
2018-08-30 11:00:00,9.24383254253582e-05
2018-08-30 12:00:00,0.00010278465039234368
2018-08-30 13:00:00,0.000123212453790021
2018-08-30 14:00:00,0.00010617391592934347
2018-08-30 15:00:00,8.80324210899983e-05
2018-08-30 16:00:00,6.930745907700321e-05
2018-08-30 17:00:00,5.841319562285513e-05
2018-08-30 18:00:00,4.782185932414667e-05
2018-08-30 19:00:00,6.894809234262013e-05
2018-08-30 20:00:00,6.24743788364734e-05
2018-08-30 21:00:00,0.00013646422591693882
2018-08-30 22:00:00,0.00011639824500267163
2018-08-30 23:00:00,0.00010776761053647592
2018-08-31 00:00:00,0.00012075761652681353
2018-08-31 01:00:00,9.568723904539698e-05
2018-08-31 02:00:00,5.934773130448835e-05
2018-08-31 03:00:00,4.580355667616979e-05
2018-08-31 04:00:00,4.1831787384156756e-05
2018-08-31 05:00:00,6.622532182862587e-05
2018-08-31 06:00:00,6.096630200360034e-05
2018-08-31 07:00:00,4.7522834896594984e-05
2018-08-31 08:00:00,6.070273070046185e-05
2018-08-31 09:00:00,6.169830622319318e-05
2018-08-31 10:00:00,6.64550985716644e-05
2018-08-31 11:00:00,5.1595242682278736e-05
2018-08-31 12:00:00,5.36377274734884e-05
2018-08-31 13:00:00,0.00010708752304548203
2018-08-31 14:00:00,7.837855772774157e-05
2018-08-31 15:00:00,7.854261270844702e-05
2018-08-31 16:00:00,0.0001765060726053433
2018-08-31 17:00:00,0.00010968096488656692
2018-08-31 18:00:00,0.00011789250061774424
2018-08-31 19:00:00,0.00013189098038971197
2018-08-31 20:00:00,8.006680804770458e-05
2018-08-31 21:00:00,7.109936388104886e-05
2018-08-31 22:00:00,0.00010999658976673116
2018-09-03 23:00:00,5.87859073464567e-05
2018-09-04 00:00:00,4.837185937227371e-05
2018-09-04 01:00:00,3.38738118377761e-05
2018-09-04 02:00:00,2.582373465977342e-05
2018-09-04 03:00:00,5.19910488320156e-05
2018-09-04 04:00:00,4.035848801450174e-05
2018-09-04 05:00:00,4.855806387528101e-05
2018-09-04 06:00:00,5.456114824242062e-05
2018-09-04 07:00:00,4.527156281576059e-05
2018-09-04 08:00:00,5.229902254878126e-05
2018-09-04 09:00:00,5.592562583447345e-05
2018-09-04 10:00:00,5.407199164146366e-05
2018-09-04 11:00:00,5.167331259498112e-05
2018-09-04 12:00:00,7.121526219457901e-05
2018-09-04 13:00:00,0.00013520131267713743
2018-09-04 14:00:00,7.911893803916536e-05
2018-09-04 15:00:00,4.9644492968143826e-05
2018-09-04 16:00:00,7.08187416567136e-05
2018-09-04 17:00:00,7.123351624138318e-05
2018-09-04 18:00:00,7.485643036075108e-05
2018-09-04 19:00:00,0.00014488120784654433
2018-09-04 20:00:00,0.00010447975111955077
2018-09-04 21:00:00,0.00010017480475079117
2018-09-04 22:00:00,0.00010083486963865727
2018-09-04 23:00:00,6.963743756642458e-05
2018-09-05 00:00:00,6.787723751498442e-05
2018-09-05 01:00:00,4.838637556433157e-05
2018-09-05 02:00:00,7.916013638195275e-05
2018-09-05 03:00:00,9.440517058515276e-05
2018-09-05 04:00:00,5.213087927960106e-05
2018-09-05 05:00:00,3.6716342676993923e-05
2018-09-05 06:00:00,3.8151052374623906e-05
2018-09-05 07:00:00,4.693316022787244e-05
2018-09-05 08:00:00,5.806358684268178e-05
2018-09-05 09:00:00,5.514471725937435e-05
2018-09-05 10:00:00,0.0003265937546467049
2018-09-05 11:00:00,0.0010141874322795212
2018-09-05 12:00:00,0.0005903175775148105
2018-09-05 13:00:00,0.0004102590937335252
2018-09-05 14:00:00,0.0003258400330812713
2018-09-05 15:00:00,0.000360302330549329
2018-09-05 16:00:00,0.0003261185170890594
2018-09-05 17:00:00,0.0006577535977438133
2018-09-05 18:00:00,0.0005036250242784558
2018-09-05 19:00:00,0.00024778918523868967
2018-09-05 20:00:00,0.0001999898682702174
2018-09-05 21:00:00,0.00023762660635044393
2018-09-05 22:00:00,0.0004397880069231397
2018-09-05 23:00:00,0.00031427403422559693
2018-09-06 00:00:00,0.0012115188187128286
2018-09-06 01:00:00,0.003290248332426114
2018-09-06 02:00:00,0.0011892912902839458
2018-09-06 03:00:00,0.0006412986597375197
2018-09-06 04:00:00,0.0003493770195345064
2018-09-06 05:00:00,0.00022589494668167682
2018-09-06 06:00:00,0.00026015710340326025
2018-09-06 07:00:00,0.00022102500101021418
2018-09-06 08:00:00,0.0002336484389382393
2018-09-06 09:00:00,0.00015106466081288191
2018-09-06 10:00:00,0.0003792060671509829
2018-09-06 11:00:00,0.00019725000656309013
2018-09-06 12:00:00,0.0001942463944809706
2018-09-06 13:00:00,0.00015480639792741892
2018-09-06 14:00:00,0.00021488664792679028
2018-09-06 15:00:00,0.00021683957948763748
2018-09-06 16:00:00,0.00023075434301719668
2018-09-06 17:00:00,0.0001383810340616337
2018-09-06 18:00:00,0.00014129772967809155
2018-09-06 19:00:00,0.0003642557115821256
2018-09-06 20:00:00,0.0001633746304405251
2018-09-06 21:00:00,0.00016199877645791595
2018-09-06 22:00:00,0.00015739158076400467
2018-09-06 23:00:00,0.0001452308310621333
2018-09-07 00:00:00,0.00016251835769212075
2018-09-07 01:00:00,0.0001109444185109636
2018-09-07 02:00:00,6.697049511652255e-05
2018-09-07 03:00:00,7.668963539438485e-05
2018-09-07 04:00:00,6.417871481864933e-05
2018-09-07 05:00:00,5.456174798876381e-05
2018-09-07 06:00:00,5.120782102168829e-05
2018-09-07 07:00:00,0.00010253363150927685
2018-09-07 08:00:00,7.16338653970113e-05
2018-09-07 09:00:00,8.571265777879729e-05
2018-09-07 10:00:00,5.30491958830999e-05
2018-09-07 11:00:00,0.0001565075577087374
2018-09-07 12:00:00,0.00012095633861712638
2018-09-07 13:00:00,0.0001103578341536866
2018-09-07 14:00:00,9.307453082173104e-05
2018-09-07 15:00:00,0.00011184797422972532
2018-09-07 16:00:00,0.00013574763880365686
2018-09-07 17:00:00,0.0001784729106681431
2018-09-07 18:00:00,0.00013796260999833919
2018-09-07 19:00:00,8.837479344296788e-05
2018-09-07 20:00:00,6.807631761362346e-05
2018-09-07 21:00:00,8.770287180029371e-05
2018-09-07 22:00:00,0.00010906842431729576
2018-09-07 23:00:00,7.514689365615282e-05
2018-09-08 00:00:00,5.900278413875392e-05
2018-09-08 01:00:00,6.368463146680352e-05
2018-09-08 02:00:00,5.782137471958683e-05
2018-09-08 03:00:00,4.66272690679112e-05
2018-09-08 04:00:00,5.386614487752251e-05
2018-09-08 05:00:00,5.400994513566365e-05
2018-09-08 06:00:00,3.595906089635329e-05
2018-09-08 07:00:00,4.3823030873495306e-05
2018-09-08 09:00:00,3.905719438653822e-05
2018-09-08 10:00:00,5.246365762369268e-05
2018-09-08 11:00:00,4.1235233985968575e-05
2018-09-08 12:00:00,5.4151628451868376e-05
2018-09-08 13:00:00,0.0001350854148027373
2018-09-08 16:00:00,0.00012981665853161446
2018-09-08 17:00:00,0.00011528310008919446
2018-09-08 18:00:00,0.0004936021786165106
2018-09-08 19:00:00,0.00052031364972053
2018-09-08 20:00:00,0.0002546104584343827
2018-09-08 21:00:00,0.0002872519601889556
2018-09-08 22:00:00,0.00014584859168413294
2018-09-08 23:00:00,0.00010467517797823837
2018-09-09 00:00:00,8.723224554854675e-05
2018-09-09 02:00:00,9.155231577225319e-05
2018-09-09 03:00:00,0.00010582185310570987
2018-09-09 04:00:00,0.00012316372635830532
2018-09-09 05:00:00,0.0004041411945676632
2018-09-09 06:00:00,0.00014924897592071335
2018-09-09 07:00:00,0.00010175326000223009
2018-09-09 08:00:00,8.846468453416903e-05
2018-09-09 09:00:00,8.510544108936542e-05
2018-09-09 10:00:00,0.0005102225113765526
2018-09-09 11:00:00,0.0002750097771512426
2018-09-09 12:00:00,0.00022651279133471613
2018-09-09 13:00:00,0.00021262392678006366
2018-09-09 14:00:00,0.0002339904432775052
2018-09-09 15:00:00,0.0001575961152760665
2018-09-09 16:00:00,0.00013338602079136823
2018-09-09 17:00:00,9.761969184382371e-05
2018-09-09 18:00:00,7.764414711354966e-05
2018-09-09 19:00:00,7.687899046990315e-05
2018-09-09 20:00:00,6.480772878288719e-05
2018-09-09 21:00:00,6.580377388705339e-05
2018-09-09 22:00:00,8.083141693975762e-05
2018-09-09 23:00:00,0.0002678641560352543
2018-09-10 00:00:00,0.00020523111892013673
2018-09-10 01:00:00,0.00014601381470932232
2018-09-10 02:00:00,0.00017177056804356232
2018-09-10 03:00:00,0.00012247250996255755
2018-09-10 04:00:00,8.575426426869791e-05
2018-09-10 05:00:00,8.034761724029208e-05
2018-09-10 06:00:00,7.323743856061885e-05
2018-09-10 07:00:00,5.0693534846075276e-05
2018-09-10 08:00:00,6.870088099317104e-05
2018-09-10 09:00:00,6.146167174479605e-05
2018-09-10 10:00:00,7.588196823110156e-05
2018-09-10 11:00:00,7.783613871222003e-05
2018-09-10 12:00:00,6.503527201703005e-05
2018-09-10 13:00:00,5.100978607120756e-05
2018-09-10 14:00:00,5.607277307572746e-05
2018-09-10 15:00:00,8.298505718275645e-05
2018-09-10 16:00:00,7.207935266382723e-05
2018-09-10 17:00:00,9.73414374378301e-05
2018-09-10 18:00:00,9.989904991143738e-05
2018-09-10 19:00:00,6.393207934189412e-05
2018-09-10 20:00:00,5.150740309404536e-05
2018-09-10 21:00:00,6.26589134173479e-05
2018-09-10 22:00:00,8.792985317145124e-05
2018-09-11 00:00:00,8.844173737416543e-05
2018-09-11 01:00:00,7.54285201849445e-05
2018-09-11 02:00:00,8.965270868484781e-05
2018-09-11 03:00:00,0.00010879519722290339
2018-09-11 04:00:00,6.667850535736593e-05
2018-09-11 05:00:00,5.614308616143554e-05
2018-09-11 06:00:00,5.849296507332287e-05
2018-09-11 07:00:00,6.104648449668967e-05
2018-09-11 08:00:00,7.461614706657501e-05
2018-09-11 09:00:00,6.35661424506692e-05
2018-09-11 10:00:00,7.487604068920022e-05
2018-09-11 11:00:00,5.434152089194898e-05
2018-09-11 12:00:00,0.00012949381208004774
2018-09-11 13:00:00,0.00010668836534676125
2018-09-11 14:00:00,8.900689089811791e-05
2018-09-11 16:00:00,0.000134491439759353
2018-09-11 17:00:00,9.143581242734858e-05
2018-09-11 18:00:00,6.601238310959261e-05
2018-09-11 19:00:00,0.00011918689312102265
2018-09-11 20:00:00,0.00010030071960649679
2018-09-11 21:00:00,0.00011503876011562662
2018-09-11 22:00:00,0.0001820709509753924
2018-09-11 23:00:00,9.668902157487032e-05
2018-09-12 00:00:00,5.796104118070725e-05
2018-09-12 01:00:00,5.703482757629102e-05
2018-09-12 02:00:00,4.782766602790203e-05
2018-09-12 03:00:00,4.6940469189788266e-05
2018-09-12 04:00:00,6.09142112886725e-05
2018-09-12 05:00:00,5.2718426689747905e-05
2018-09-12 06:00:00,5.1509111105495834e-05
2018-09-12 07:00:00,6.380410537496302e-05
2018-09-12 08:00:00,6.915053314301075e-05
2018-09-12 09:00:00,8.977665243348404e-05
2018-09-12 10:00:00,4.787179725934079e-05
2018-09-12 11:00:00,5.3313223911285024e-05
2018-09-12 12:00:00,6.4855088087643e-05
2018-09-12 13:00:00,7.256753640944556e-05
2018-09-12 14:00:00,7.655885015626251e-05
2018-09-12 15:00:00,5.9418501693086535e-05
2018-09-12 16:00:00,4.0298269847507796e-05
2018-09-12 17:00:00,4.151505397725957e-05
2018-09-12 18:00:00,5.316792602640671e-05
2018-09-12 19:00:00,7.767928102203016e-05
2018-09-12 20:00:00,6.920856776404279e-05
2018-09-12 21:00:00,4.998953296461535e-05
2018-09-12 22:00:00,6.0092791145195607e-05
2018-09-12 23:00:00,6.089582280781472e-05
2018-09-13 00:00:00,5.012174687259046e-05
2018-09-13 01:00:00,8.31804168685672e-05
2018-09-13 02:00:00,5.5568293638033045e-05
2018-09-13 03:00:00,5.571539938935008e-05
2018-09-13 04:00:00,3.3104383310388035e-05
2018-09-13 05:00:00,2.9333562524630882e-05
2018-09-13 06:00:00,4.3385635522160144e-05
2018-09-13 07:00:00,3.115640824887857e-05
2018-09-13 08:00:00,4.364358358525364e-05
2018-09-13 09:00:00,3.779668999197313e-05
2018-09-13 10:00:00,9.113671183086159e-05
2018-09-13 11:00:00,5.971880656082674e-05
2018-09-13 12:00:00,4.993163073000317e-05
2018-09-13 13:00:00,0.00010344452257603975
2018-09-13 14:00:00,0.0001098314594647866
2018-09-13 15:00:00,0.00011108988257750924
2018-09-13 16:00:00,9.973844500916412e-05
2018-09-13 17:00:00,0.0001487103078765828
2018-09-13 18:00:00,9.195597426822908e-05
2018-09-13 19:00:00,8.398020567610426e-05
2018-09-13 20:00:00,0.00011261697970324227
2018-09-13 21:00:00,0.0001278363248795435
2018-09-13 22:00:00,0.00013583043539763492
2018-09-13 23:00:00,0.00011957783014661975
2018-09-14 00:00:00,0.00013574761176206554
2018-09-14 01:00:00,0.00010282091755881152
2018-09-14 02:00:00,9.061635061472622e-05
2018-09-14 03:00:00,0.00011589981679766185
2018-09-14 04:00:00,9.199343105443685e-05
2018-09-14 05:00:00,6.59803405689319e-05
2018-09-14 06:00:00,5.687335490660708e-05
2018-09-14 07:00:00,2.536871418373957e-05
2018-09-14 08:00:00,5.806690800201629e-05
2018-09-14 09:00:00,0.00019067707580648134
2018-09-14 10:00:00,0.00013682530762731656
2018-09-14 11:00:00,7.989649416616413e-05
2018-09-14 12:00:00,6.678020728895385e-05
2018-09-14 13:00:00,7.532557777997309e-05
2018-09-14 14:00:00,0.00010880427354472914
2018-09-14 15:00:00,8.860208388477782e-05
2018-09-14 16:00:00,7.529764800997492e-05
2018-09-14 17:00:00,8.664126131775518e-05
2018-09-14 18:00:00,0.00011292433405423588
2018-09-14 19:00:00,7.928739243799325e-05
2018-09-14 20:00:00,8.784343581859419e-05
2018-09-14 21:00:00,0.00010404804744949175
2018-09-14 22:00:00,8.366731002877794e-05
2018-09-14 23:00:00,9.837874690924497e-05
2018-09-15 00:00:00,0.00010716690694900778
2018-09-15 01:00:00,8.335847247703259e-05
2018-09-15 02:00:00,7.081341114786424e-05
2018-09-15 03:00:00,6.572683859696359e-05
2018-09-15 04:00:00,6.102204177720094e-05
2018-09-15 05:00:00,5.1126146250177026e-05
2018-09-15 07:00:00,3.560996480041677e-05
2018-09-15 08:00:00,2.6839427384999016e-05
2018-09-15 09:00:00,5.7588657599281125e-05
2018-09-15 10:00:00,4.835750461606994e-05
2018-09-15 11:00:00,7.638777683276409e-05
2018-09-15 12:00:00,8.519232248164598e-05
2018-09-15 13:00:00,6.67892888621026e-05
2018-09-15 14:00:00,8.871175431158087e-05
2018-09-15 15:00:00,8.774752811910045e-05
2018-09-15 16:00:00,7.419316501032626e-05
2018-09-15 17:00:00,5.322075866419551e-05
2018-09-15 18:00:00,4.928869491911501e-05
2018-09-15 19:00:00,6.414122840658232e-05
2018-09-15 20:00:00,6.324964600995e-05
2018-09-15 21:00:00,3.532718327743391e-05
2018-09-15 22:00:00,7.628669492103915e-05
2018-09-15 23:00:00,6.352149745861956e-05
2018-09-16 00:00:00,4.352010838487972e-05
2018-09-16 01:00:00,4.35347727949053e-05
2018-09-16 02:00:00,3.848906717214707e-05
2018-09-16 03:00:00,5.36529851071078e-05
2018-09-16 04:00:00,4.669018407689903e-05
2018-09-16 05:00:00,0.00020295931193196738
2018-09-16 06:00:00,0.00011908685020106191
2018-09-16 07:00:00,6.812657230434338e-05
2018-09-16 08:00:00,5.912379643325392e-05
2018-09-16 09:00:00,7.200699943020036e-05
2018-09-16 10:00:00,7.667353755308157e-05
2018-09-16 11:00:00,6.482674167325129e-05
2018-09-16 12:00:00,6.14921892369777e-05
2018-09-16 13:00:00,7.017318684287233e-05
2018-09-16 14:00:00,9.679823380773548e-05
2018-09-16 15:00:00,7.220468151702709e-05
2018-09-16 16:00:00,9.355687362421287e-05
2018-09-16 17:00:00,0.00010909791669056745
2018-09-16 18:00:00,0.0001115564695454071
2018-09-16 19:00:00,8.079395668036424e-05
2018-09-16 20:00:00,6.128333753066266e-05
2018-09-16 21:00:00,8.147709329344485e-05
2018-09-16 22:00:00,6.979406811199707e-05
2018-09-16 23:00:00,6.104750820036346e-05
2018-09-17 00:00:00,7.464273233879775e-05
2018-09-17 01:00:00,6.205734086016158e-05
2018-09-17 02:00:00,2.908030460950505e-05
2018-09-17 03:00:00,4.554918143065764e-05
2018-09-17 04:00:00,4.6008191412766534e-05
2018-09-17 05:00:00,5.6228512170017956e-05
2018-09-17 06:00:00,5.567871538853117e-05
2018-09-17 07:00:00,5.252556180736477e-05
2018-09-17 08:00:00,4.1589777533653034e-05
2018-09-17 09:00:00,6.0704247305081314e-05
2018-09-17 10:00:00,0.0001391033456768478
2018-09-17 11:00:00,0.00011555357574135422
2018-09-17 12:00:00,6.788341979611162e-05
2018-09-17 13:00:00,8.268134857009366e-05
2018-09-17 14:00:00,0.00011448823349933913
2018-09-17 15:00:00,0.0002212610831382535
2018-09-17 16:00:00,0.0003585252623370061
2018-09-17 17:00:00,0.00017694316479272316
2018-09-17 18:00:00,0.00016000052929445854
2018-09-17 19:00:00,0.00013820945847907543
2018-09-17 20:00:00,0.00013961589245025085
2018-09-17 21:00:00,0.00020378769639487962
2018-09-17 22:00:00,0.00015333599003771484
2018-09-17 23:00:00,0.00011658930320576131
2018-09-18 00:00:00,9.878309358308585e-05
2018-09-18 01:00:00,7.820953225983057e-05
2018-09-18 02:00:00,4.406388615688962e-05
2018-09-18 03:00:00,4.211593497136714e-05
2018-09-18 04:00:00,4.024251325035496e-05
2018-09-18 05:00:00,5.8981664486424695e-05
2018-09-18 06:00:00,5.717160058561803e-05
2018-09-18 07:00:00,5.2302065961502036e-05
2018-09-18 08:00:00,4.685741391496097e-05
2018-09-18 09:00:00,8.311562000329438e-05
2018-09-18 10:00:00,8.369182921906114e-05
2018-09-18 11:00:00,9.515426517690596e-05
2018-09-18 12:00:00,9.604028205082544e-05
2018-09-18 13:00:00,0.00015403504691804872
2018-09-18 14:00:00,0.00015962472633659685
2018-09-18 15:00:00,0.00012100100688506479
2018-09-18 16:00:00,7.82688148983644e-05
2018-09-18 17:00:00,6.206351997341357e-05
2018-09-18 18:00:00,7.29266048597255e-05
2018-09-18 19:00:00,7.905163928561425e-05
2018-09-18 20:00:00,0.0002710177225616234
2018-09-18 21:00:00,0.00010828135374823526
2018-09-18 22:00:00,0.00010853165225034546
2018-09-18 23:00:00,0.0001313497325098444
2018-09-19 00:00:00,8.593083825403299e-05
2018-09-19 01:00:00,5.7761240772294177e-05
2018-09-19 02:00:00,4.097616661702135e-05
2018-09-19 03:00:00,3.234826573471619e-05
2018-09-19 04:00:00,6.209189694692464e-05
2018-09-19 05:00:00,5.226051596192938e-05
2018-09-19 06:00:00,3.5277165518172886e-05
2018-09-19 07:00:00,3.06383786221842e-05
2018-09-19 08:00:00,4.1679790422688475e-05
2018-09-19 09:00:00,2.7141632386997253e-05
2018-09-19 10:00:00,4.608104536713131e-05
2018-09-19 11:00:00,2.8737136610864354e-05
2018-09-19 12:00:00,7.211784756666536e-05
2018-09-19 13:00:00,8.84618289275439e-05
2018-09-19 14:00:00,7.737846031681939e-05
2018-09-19 15:00:00,8.845576101057355e-05
2018-09-19 16:00:00,5.105349625910768e-05
2018-09-19 17:00:00,4.892003017420343e-05
2018-09-19 18:00:00,6.0631868144373687e-05
2018-09-19 19:00:00,0.0002228131435061625
2018-09-19 20:00:00,0.0007649813462830804
2018-09-19 21:00:00,0.00024976161517700296
2018-09-19 22:00:00,0.00021586033938337577
2018-09-19 23:00:00,0.0001907235048991746
2018-09-20 00:00:00,0.00010347492082654788
2018-09-20 01:00:00,8.439327252999831e-05
2018-09-20 02:00:00,0.00013460385820079636
2018-09-20 03:00:00,0.00013809669823932054
2018-09-20 04:00:00,8.952130878203443e-05
2018-09-20 05:00:00,7.211376361084358e-05
2018-09-20 06:00:00,4.838524976551346e-05
2018-09-20 07:00:00,5.970864440957477e-05
2018-09-20 08:00:00,5.607402521077129e-05
2018-09-20 09:00:00,6.312909409474289e-05
2018-09-20 10:00:00,4.531270801402996e-05
2018-09-20 11:00:00,4.041523226332954e-05
2018-09-20 12:00:00,8.612316529172643e-05
2018-09-20 13:00:00,8.203304172574221e-05
2018-09-20 14:00:00,8.940724457238146e-05
2018-09-20 15:00:00,5.03055015937717e-05
2018-09-20 16:00:00,4.0030702960425704e-05
2018-09-20 17:00:00,4.068914830854885e-05
2018-09-20 18:00:00,5.082404736213585e-05
2018-09-20 19:00:00,6.487260964453764e-05
2018-09-20 20:00:00,4.546498564268799e-05
2018-09-20 21:00:00,0.00011307130366645548
2018-09-20 22:00:00,0.0002152881120111874
2018-09-20 23:00:00,0.00027573796166705845
2018-09-21 00:00:00,0.0002217966707826614
2018-09-21 01:00:00,0.0002234769068135784
2018-09-21 02:00:00,0.00010661603565094148
2018-09-21 03:00:00,0.00011038096203881913
2018-09-21 04:00:00,9.799601905236432e-05
2018-09-21 05:00:00,7.20891939017137e-05
2018-09-21 06:00:00,7.852829828678563e-05
2018-09-21 07:00:00,5.6484473409735685e-05
2018-09-21 08:00:00,0.00012982005315947343
2018-09-21 09:00:00,0.0002792851218647403
2018-09-21 10:00:00,0.0004087363899186058
2018-09-21 11:00:00,0.0001651635331508524
2018-09-21 12:00:00,0.0002132895498066817
2018-09-21 13:00:00,0.00021284610022001584
2018-09-21 14:00:00,0.0002551881702988821
2018-09-21 15:00:00,0.0002734837169875277
2018-09-21 16:00:00,0.0004209454879789938
2018-09-21 17:00:00,0.0004107129631991794
2018-09-21 18:00:00,0.00033331830911629705
2018-09-21 19:00:00,0.00016248952316145874
2018-09-21 20:00:00,0.00015861774283657554
2018-09-21 21:00:00,0.00018087506932210816
2018-09-21 22:00:00,0.00018293394677969396
2018-09-21 23:00:00,0.00013465416518814997
2018-09-22 00:00:00,0.00011432735523886731
2018-09-22 01:00:00,0.0001841382652477154
2018-09-22 02:00:00,0.00011547560423875623
2018-09-22 03:00:00,8.461338606602183e-05
2018-09-22 04:00:00,9.79118666249422e-05
2018-09-22 05:00:00,0.00015302355234763292
2018-09-22 06:00:00,0.00012055631483645934
2018-09-22 07:00:00,8.077962828234617e-05
2018-09-22 08:00:00,7.637895855626109e-05
2018-09-22 09:00:00,0.00014107245073750424
2018-09-22 10:00:00,0.00011505768369701864
2018-09-22 11:00:00,6.662002905951977e-05
2018-09-22 12:00:00,8.689191102717706e-05
2018-09-22 13:00:00,8.822979836899476e-05
2018-09-22 14:00:00,9.283221804071463e-05
2018-09-22 15:00:00,5.240296435061423e-05
2018-09-22 16:00:00,7.314676265288286e-05
2018-09-22 17:00:00,6.576279685594374e-05
2018-09-22 18:00:00,4.493430977570045e-05
2018-09-22 19:00:00,0.000126921278964015
2018-09-22 20:00:00,6.275933550062735e-05
2018-09-22 21:00:00,6.741763363669951e-05
2018-09-22 22:00:00,6.77256161146332e-05
2018-09-22 23:00:00,3.46951499216584e-05
2018-09-23 00:00:00,2.540443950585486e-05
2018-09-23 01:00:00,4.6076042285590486e-05
2018-09-23 02:00:00,3.829359184504238e-05
2018-09-23 03:00:00,1.6245730376372254e-05
2018-09-23 04:00:00,2.0878736359232787e-05
2018-09-23 05:00:00,2.56319617514069e-05
2018-09-23 06:00:00,2.7303320641581336e-05
2018-09-23 07:00:00,3.0341547149611012e-05
2018-09-23 08:00:00,1.839973829331365e-05
2018-09-23 09:00:00,3.2101289558625954e-05
2018-09-23 10:00:00,0.00011398236622078195
2018-09-23 11:00:00,0.0001418011004820141
2018-09-23 12:00:00,7.863282612697209e-05
2018-09-23 13:00:00,0.00010115189290604405
2018-09-23 14:00:00,4.995271560438104e-05
2018-09-23 15:00:00,0.00011369806784849628
2018-09-23 16:00:00,0.00015671343931523683
2018-09-23 17:00:00,0.00012063635984162136
2018-09-23 18:00:00,7.619603668108601e-05
2018-09-23 19:00:00,5.243280125783181e-05
2018-09-23 20:00:00,6.14055017986986e-05
2018-09-23 21:00:00,5.914502512099848e-05
2018-09-23 22:00:00,7.636763329810512e-05
2018-09-23 23:00:00,0.0001089265863401635
2018-09-24 00:00:00,6.157689423505735e-05
2018-09-24 01:00:00,5.06096656814609e-05
2018-09-24 02:00:00,4.319127909277393e-05
2018-09-24 03:00:00,2.510912361737144e-05
2018-09-24 04:00:00,2.220267355691799e-05
2018-09-24 05:00:00,3.778272323960314e-05
2018-09-24 06:00:00,3.12626731336411e-05
2018-09-24 07:00:00,6.807926385321666e-05
2018-09-24 08:00:00,5.014503344545194e-05
2018-09-24 09:00:00,5.8072406613272026e-05
2018-09-24 10:00:00,0.0001450628456794658
2018-09-24 11:00:00,6.984136235928655e-05
2018-09-24 12:00:00,6.166145723877548e-05
2018-09-24 13:00:00,7.529359280696736e-05
2018-09-24 14:00:00,4.709747312875083e-05
2018-09-24 15:00:00,3.4245846514670665e-05
2018-09-24 16:00:00,2.6338258682026142e-05
2018-09-24 17:00:00,2.845618578807209e-05
2018-09-24 18:00:00,4.248271828398521e-05
2018-09-24 19:00:00,3.9502846343405076e-05
2018-09-24 20:00:00,3.0218878483434865e-05
2018-09-24 21:00:00,5.034691372219229e-05
2018-09-24 22:00:00,5.795500518302644e-05
2018-09-24 23:00:00,8.851818523390908e-05
2018-09-25 00:00:00,0.00012676655995464304
2018-09-25 01:00:00,0.0001807290372712093
2018-09-25 02:00:00,0.00021483088836636428
2018-09-25 03:00:00,0.00012932320923217028
2018-09-25 04:00:00,0.00011777330428535124
2018-09-25 05:00:00,8.059281150311182e-05
2018-09-25 06:00:00,3.9081562985452617e-05
2018-09-25 07:00:00,5.4654101388137214e-05
2018-09-25 08:00:00,9.607369939050124e-05
2018-09-25 09:00:00,8.9335612413401e-05
2018-09-25 10:00:00,6.102202824326628e-05
2018-09-25 11:00:00,4.906373873181976e-05
2018-09-25 12:00:00,5.737945804843933e-05
2018-09-25 13:00:00,7.519920343486197e-05
2018-09-25 14:00:00,8.426828793366106e-05
2018-09-25 15:00:00,7.462167751941023e-05
2018-09-25 16:00:00,0.00010098644196767453
2018-09-25 17:00:00,6.755384343486809e-05
2018-09-25 18:00:00,7.080739634306557e-05
2018-09-25 19:00:00,0.0001325263537112778
2018-09-25 20:00:00,8.464396263323415e-05
2018-09-25 21:00:00,0.00019455322562571395
2018-09-25 22:00:00,0.00022289623108359094
2018-09-25 23:00:00,0.00010746303732113717
2018-09-26 00:00:00,0.0001268093173349192
2018-09-26 01:00:00,6.302794320008193e-05
2018-09-26 02:00:00,4.5672852940506804e-05
2018-09-26 03:00:00,3.244467555717544e-05
2018-09-26 04:00:00,3.720461977352056e-05
2018-09-26 05:00:00,2.1505873197159763e-05
2018-09-26 06:00:00,5.244629064141937e-05
2018-09-26 07:00:00,3.679598837637227e-05
2018-09-26 08:00:00,4.869366723618067e-05
2018-09-26 09:00:00,5.006428322211874e-05
2018-09-26 10:00:00,6.134536140618563e-05
2018-09-26 11:00:00,5.51567643351549e-05
2018-09-26 12:00:00,0.00010904979463756512
2018-09-26 13:00:00,9.262333918265035e-05
2018-09-26 14:00:00,6.131093327645932e-05
2018-09-26 15:00:00,5.526076505169656e-05
2018-09-26 16:00:00,9.929817272068716e-05
2018-09-26 17:00:00,9.749908459725593e-05
2018-09-26 18:00:00,6.576651954821121e-05
2018-09-26 19:00:00,4.129723431891305e-05
2018-09-26 20:00:00,4.34211217810332e-05
2018-09-26 21:00:00,2.36447400898687e-05
2018-09-26 22:00:00,5.5247434030567246e-05
2018-09-26 23:00:00,8.1664342098728e-05
2018-09-27 00:00:00,8.538883131265453e-05
2018-09-27 01:00:00,0.00010073628364313794
2018-09-27 02:00:00,5.78396495016992e-05
2018-09-27 03:00:00,3.453840752103141e-05
2018-09-27 04:00:00,2.4385491931704256e-05
2018-09-27 05:00:00,2.1366446125645295e-05
2018-09-27 06:00:00,2.085414015017315e-05
2018-09-27 07:00:00,3.364079113251215e-05
2018-09-27 08:00:00,4.3564517064971146e-05
2018-09-27 09:00:00,5.338313775417699e-05
2018-09-27 10:00:00,5.6225690466147146e-05
2018-09-27 11:00:00,5.489829374570738e-05
2018-09-27 12:00:00,5.328585936691191e-05
2018-09-27 13:00:00,5.579367706720147e-05
2018-09-27 14:00:00,7.613664843715654e-05
2018-09-27 15:00:00,5.296784108180201e-05
2018-09-27 16:00:00,4.54036760031229e-05
2018-09-27 17:00:00,3.322135339755283e-05
2018-09-27 18:00:00,2.9291736621033198e-05
2018-09-27 19:00:00,3.2248256244541834e-05
2018-09-27 20:00:00,0.00013021353898543534
2018-09-27 21:00:00,0.00022714696875910596
2018-09-27 22:00:00,0.00012738102344978989
2018-09-27 23:00:00,0.00012472839058355766
2018-09-28 00:00:00,0.00010922609923291475
2018-09-28 01:00:00,7.10682370612517e-05
2018-09-28 02:00:00,4.316220706059566e-05
2018-09-28 03:00:00,6.319873176732859e-05
2018-09-28 04:00:00,3.8307756644100915e-05
2018-09-28 05:00:00,2.4690453571094663e-05
2018-09-28 06:00:00,2.0182082130182027e-05
2018-09-28 07:00:00,5.4673999484355885e-05
2018-09-28 08:00:00,0.00010917712459580789
2018-09-28 09:00:00,8.525484011044963e-05
2018-09-28 10:00:00,0.00021483376973721553
2018-09-28 11:00:00,0.0001216463575938374
2018-09-28 12:00:00,0.00011634137230460208
2018-09-28 13:00:00,0.00014127750156322274
2018-09-28 14:00:00,0.0001396745910892693
2018-09-28 15:00:00,0.00013558057302029959
2018-09-28 16:00:00,0.00011910750266277905
2018-09-28 17:00:00,7.610586143682162e-05
2018-09-28 18:00:00,7.480992795396858e-05
2018-09-28 19:00:00,5.219943103174345e-05
2018-09-28 20:00:00,0.00021510015651139285
2018-09-28 21:00:00,0.00012016480929649963
2018-09-28 22:00:00,7.822815914466894e-05
2018-09-28 23:00:00,6.767833536851422e-05
2018-09-29 00:00:00,5.3123820198565335e-05
2018-09-29 01:00:00,5.269245022549024e-05
2018-09-29 02:00:00,0.00011009599540405112
2018-09-29 03:00:00,0.00010315071087958088
2018-09-29 04:00:00,7.855642039800322e-05
2018-09-29 05:00:00,8.591050452189175e-05
2018-09-29 06:00:00,5.0668124973123535e-05
2018-09-29 07:00:00,6.775160892285312e-05
2018-09-29 09:00:00,8.697539939912358e-05
2018-09-29 10:00:00,8.004292606229528e-05
2018-09-29 11:00:00,9.997308587366517e-05
2018-09-29 12:00:00,0.00011066652658676887
2018-09-29 13:00:00,0.0001079600617127931
2018-09-29 14:00:00,0.0001224052534419082
2018-09-29 15:00:00,0.00011047754849591722
2018-09-29 16:00:00,0.00013611804013436213
2018-09-29 17:00:00,9.603173327465159e-05
2018-09-29 18:00:00,8.633681538538572e-05
2018-09-29 19:00:00,6.504105927570532e-05
2018-09-29 20:00:00,5.8003379056505057e-05
2018-09-29 21:00:00,0.00011962999997566684
2018-09-29 22:00:00,0.0001292811766125167
2018-09-29 23:00:00,8.830652185713574e-05
2018-09-30 00:00:00,0.00013179371871382508
2018-09-30 01:00:00,0.0001450099097173231
2018-09-30 02:00:00,0.00013044361923415757
2018-09-30 03:00:00,6.004926502740314e-05
2018-09-30 04:00:00,4.001923768628988e-05
2018-09-30 05:00:00,2.583382028344077e-05
2018-09-30 06:00:00,2.3270760572012803e-05
2018-09-30 07:00:00,1.9650622953788228e-05
2018-09-30 08:00:00,2.9299978393019815e-05
2018-09-30 09:00:00,3.5348901474967056e-05
2018-09-30 10:00:00,4.3733200510605443e-05
2018-09-30 11:00:00,8.822505602203795e-05
2018-09-30 12:00:00,6.533662671631231e-05
2018-09-30 13:00:00,6.97338658413479e-05
2018-09-30 14:00:00,4.0061649839654975e-05
2018-09-30 15:00:00,4.169907054340115e-05
2018-09-30 16:00:00,5.632977953726771e-05
2018-09-30 17:00:00,5.670702789691641e-05
2018-09-30 18:00:00,5.658222433308384e-05
2018-09-30 19:00:00,4.262118253363835e-05
2018-09-30 20:00:00,4.993360487267021e-05
2018-09-30 21:00:00,9.559052395049554e-05
