datetime,ENET
2018-07-03 23:00:00,0.00018297350243465658
2018-07-04 00:00:00,0.00024722088020807763
2018-07-04 01:00:00,0.0002470913756988318
2018-07-04 02:00:00,0.00024424909741169203
2018-07-04 03:00:00,0.00021086154714215603
2018-07-04 04:00:00,0.00020675187965560126
2018-07-04 05:00:00,0.0002074020959768306
2018-07-04 06:00:00,0.00017770103469900295
2018-07-04 07:00:00,0.00017136503334408523
2018-07-04 08:00:00,0.00017001720665160686
2018-07-04 09:00:00,0.00021637098900854725
2018-07-04 10:00:00,0.00019843853296364126
2018-07-04 11:00:00,0.00024713487957996256
2018-07-04 12:00:00,0.000225058661255902
2018-07-04 13:00:00,0.00023535305621340144
2018-07-04 14:00:00,0.0003881307724278602
2018-07-04 15:00:00,0.0003055870469976464
2018-07-04 16:00:00,0.00020648033596096658
2018-07-04 17:00:00,0.0001873629404469965
2018-07-04 18:00:00,0.00017775512102953962
2018-07-04 19:00:00,0.00019857604236060372
2018-07-04 20:00:00,0.0001918963715687619
2018-07-04 21:00:00,0.0001479279084624705
2018-07-04 22:00:00,0.00019026265909634086
2018-07-04 23:00:00,0.0002551409890781291
2018-07-05 00:00:00,0.00024852157339335024
2018-07-05 01:00:00,0.00028098576573477884
2018-07-05 02:00:00,0.0002808527447796979
2018-07-05 03:00:00,0.0002288504134680949
2018-07-05 04:00:00,0.0001896079676507858
2018-07-05 06:00:00,0.0001890029801927918
2018-07-05 07:00:00,0.0001822998186477681
2018-07-05 08:00:00,0.0001955408556355471
2018-07-05 09:00:00,0.00015844387770577977
2018-07-05 10:00:00,0.0002163536219684912
2018-07-05 11:00:00,0.0002016302693647757
2018-07-05 12:00:00,0.0001950787673461054
2018-07-05 13:00:00,0.00020420651411496115
2018-07-05 14:00:00,0.00021650340745136933
2018-07-05 15:00:00,0.00022477069065852473
2018-07-05 16:00:00,0.00020191217984816945
2018-07-05 17:00:00,0.00014765818178007583
2018-07-05 18:00:00,0.00015354000122141812
2018-07-05 19:00:00,0.00022264616978110861
2018-07-05 20:00:00,0.00018103504285944325
2018-07-05 21:00:00,0.00016625883706226701
2018-07-05 22:00:00,0.0001922967005281651
2018-07-05 23:00:00,0.00018152635465410984
2018-07-06 00:00:00,0.0001556540459812719
2018-07-06 01:00:00,0.00014615016494032255
2018-07-06 02:00:00,0.00011796322575537137
2018-07-06 03:00:00,0.00011764256813522828
2018-07-06 04:00:00,0.00011066098594372388
2018-07-06 05:00:00,0.0001702812710790695
2018-07-06 06:00:00,0.0001368592132252496
2018-07-06 07:00:00,0.00018598863483887732
2018-07-06 08:00:00,0.00023868862510058303
2018-07-06 09:00:00,0.00020988649531128795
2018-07-06 10:00:00,0.00015833250462853084
2018-07-06 11:00:00,0.0001540531380663893
2018-07-06 12:00:00,0.00018979460562185664
2018-07-06 13:00:00,0.0002726722188374901
2018-07-06 14:00:00,0.00023240122284389744
2018-07-06 15:00:00,0.00016295948793049932
2018-07-06 16:00:00,0.0001432476538401142
2018-07-06 17:00:00,0.0001231329003326798
2018-07-06 18:00:00,0.00018988317424603802
2018-07-06 19:00:00,0.00021001675683878212
2018-07-06 20:00:00,0.00010963854871781112
2018-07-06 21:00:00,0.00015710775906632832
2018-07-06 22:00:00,0.0001716956209990214
2018-07-06 23:00:00,0.00018760154375618523
2018-07-07 00:00:00,0.00015758752684153984
2018-07-07 01:00:00,0.00013171365740596394
2018-07-07 02:00:00,0.0001245602628853501
2018-07-07 03:00:00,0.0001320464646344763
2018-07-07 04:00:00,0.00011448886464645943
2018-07-07 05:00:00,0.00011163271276301678
2018-07-07 06:00:00,9.527671450633791e-05
2018-07-07 07:00:00,7.517048485569119e-05
2018-07-07 08:00:00,9.178268904554986e-05
2018-07-07 09:00:00,9.661515639997058e-05
2018-07-07 10:00:00,9.21547350655903e-05
2018-07-07 11:00:00,0.00010850629864795632
2018-07-07 12:00:00,9.941557859864218e-05
2018-07-07 13:00:00,0.00016308967114516697
2018-07-07 14:00:00,0.00020959238607955936
2018-07-07 15:00:00,0.00017229021817818965
2018-07-07 16:00:00,0.00014367214441421875
2018-07-07 17:00:00,0.00010791851066929227
2018-07-07 18:00:00,0.00012097172859130444
2018-07-07 19:00:00,0.00010760801975845205
2018-07-07 20:00:00,0.00011907135409004232
2018-07-07 21:00:00,0.00013604251610789366
2018-07-07 22:00:00,0.00011509170477027023
2018-07-07 23:00:00,0.0001706250443711717
2018-07-08 00:00:00,0.0003958367765487894
2018-07-08 01:00:00,0.0003563948624656332
2018-07-08 02:00:00,0.00025121848971918485
2018-07-08 03:00:00,0.00023400326667786603
2018-07-08 04:00:00,0.0001827672259229411
2018-07-08 05:00:00,0.00011424981122834201
2018-07-08 06:00:00,0.0001456267716569389
2018-07-08 07:00:00,0.0001532860642327021
2018-07-08 08:00:00,0.00013588852831557276
2018-07-08 09:00:00,0.0001451438725597875
2018-07-08 10:00:00,0.00016013504115759372
2018-07-08 11:00:00,0.0001625811426229175
2018-07-08 12:00:00,0.000102433858079559
2018-07-08 13:00:00,0.00014648928510718108
2018-07-08 14:00:00,0.00016586392688094497
2018-07-08 15:00:00,0.00023769953329092424
2018-07-08 16:00:00,0.00016066369648807833
2018-07-08 17:00:00,0.00012171995642110673
2018-07-08 18:00:00,6.798378536524287e-05
2018-07-08 19:00:00,6.693290344607014e-05
2018-07-08 20:00:00,7.165125628931428e-05
2018-07-08 21:00:00,7.205126024098675e-05
2018-07-08 22:00:00,6.949290670195072e-05
2018-07-08 23:00:00,8.971309982195951e-05
2018-07-09 00:00:00,0.00018381874874221263
2018-07-09 01:00:00,0.00015313863096917717
2018-07-09 02:00:00,0.00013577314131493954
2018-07-09 03:00:00,0.000103809238308837
2018-07-09 04:00:00,8.892404557971358e-05
2018-07-09 05:00:00,0.00014846243147801646
2018-07-09 06:00:00,6.922467660646679e-05
2018-07-09 07:00:00,0.00013799923152952502
2018-07-09 08:00:00,0.00014412958760138118
2018-07-09 09:00:00,0.00014888086535440093
2018-07-09 10:00:00,0.00016574455983996432
2018-07-09 11:00:00,9.694978473046649e-05
2018-07-09 12:00:00,0.00014163687542118332
2018-07-09 13:00:00,0.0001556711521852835
2018-07-09 15:00:00,0.00014079895619496222
2018-07-09 16:00:00,0.00012260450120507848
2018-07-09 17:00:00,0.00020581088201791287
2018-07-09 18:00:00,0.00020305398324614091
2018-07-09 19:00:00,0.00012816246819085693
2018-07-09 20:00:00,0.0001002714297231016
2018-07-09 21:00:00,0.0001123087417615628
2018-07-09 22:00:00,0.00011364477150935353
2018-07-09 23:00:00,0.00023737357972141297
2018-07-10 00:00:00,0.00034829363828355704
2018-07-10 01:00:00,0.0002279102018708747
2018-07-10 02:00:00,0.00015792330629796233
2018-07-10 03:00:00,0.00018807291151333474
2018-07-10 04:00:00,0.00017615930335138988
2018-07-10 05:00:00,0.0001452490471926674
2018-07-10 06:00:00,0.00013639135381208304
2018-07-10 07:00:00,0.0003176659165794033
2018-07-10 08:00:00,0.00020532401371361133
2018-07-10 09:00:00,0.00022388489234957784
2018-07-10 10:00:00,0.0003622889507751702
2018-07-10 11:00:00,0.00029409001461993623
2018-07-10 12:00:00,0.0003701129598679423
2018-07-10 13:00:00,0.00029588225614972055
2018-07-10 14:00:00,0.0002335421294658858
2018-07-10 15:00:00,0.0001767614765094336
2018-07-10 16:00:00,0.00011453305556391093
2018-07-10 17:00:00,0.0001678639909521276
2018-07-10 18:00:00,0.00016293302112360987
2018-07-10 19:00:00,0.0001056589191051425
2018-07-10 20:00:00,9.228230539117781e-05
2018-07-10 21:00:00,0.00011663855680858496
2018-07-10 22:00:00,0.00017260351727104415
2018-07-11 00:00:00,0.00019927020338484982
2018-07-11 01:00:00,0.00030506138444775507
2018-07-11 02:00:00,0.00017602752182827386
2018-07-11 03:00:00,0.00017323960694032336
2018-07-11 04:00:00,0.0001404944324097881
2018-07-11 05:00:00,0.00016162441906018997
2018-07-11 06:00:00,0.00018660981661877183
2018-07-11 07:00:00,0.0002108659294426563
2018-07-11 08:00:00,0.00019085495270726053
2018-07-11 09:00:00,0.00015991847510512226
2018-07-11 10:00:00,0.0001922606342876158
2018-07-11 12:00:00,0.00016504893769715668
2018-07-11 13:00:00,0.00017338359546448205
2018-07-11 14:00:00,0.0001683505515570545
2018-07-11 15:00:00,0.0001476602059482155
2018-07-11 16:00:00,0.0001090840651018581
2018-07-11 17:00:00,0.0001435469584814518
2018-07-11 18:00:00,0.00015271326680531478
2018-07-11 19:00:00,0.00015310075993900304
2018-07-11 20:00:00,0.00017600574111040725
2018-07-11 21:00:00,0.00014981044597331522
2018-07-11 22:00:00,0.0001755879133987154
2018-07-11 23:00:00,0.00018018210436164048
2018-07-12 00:00:00,0.00013153027532616612
2018-07-12 01:00:00,0.0001340387183230865
2018-07-12 02:00:00,0.00013904004073926957
2018-07-12 03:00:00,0.0001756081335379753
2018-07-12 04:00:00,0.00010768740121862449
2018-07-12 05:00:00,7.994296506768005e-05
2018-07-12 06:00:00,0.00011941561720644976
2018-07-12 07:00:00,0.00028125022515453334
2018-07-12 08:00:00,0.00031837780081214045
2018-07-12 09:00:00,0.0004267045681977444
2018-07-12 10:00:00,0.00024100088298755956
2018-07-12 11:00:00,0.00016863908537274652
2018-07-12 12:00:00,0.000178272600545467
2018-07-12 13:00:00,0.00014858000584004922
2018-07-12 14:00:00,0.0001089349007400016
2018-07-12 15:00:00,0.00011626899516556124
2018-07-12 16:00:00,0.0001508703809435156
2018-07-12 17:00:00,0.00014878882679546476
2018-07-12 18:00:00,0.00013194138910202992
2018-07-12 19:00:00,8.959014147265618e-05
2018-07-12 20:00:00,0.00011080239865883312
2018-07-12 21:00:00,0.00011635744405105974
2018-07-12 22:00:00,0.00015342867441631522
2018-07-12 23:00:00,0.00020940022170779537
2018-07-13 00:00:00,0.0003476454225483328
2018-07-13 01:00:00,0.0003078771444447896
2018-07-13 02:00:00,0.00012578353859315868
2018-07-13 03:00:00,0.00015331884681208532
2018-07-13 04:00:00,0.00016639459630711425
2018-07-13 05:00:00,0.00016711309626320656
2018-07-13 06:00:00,0.0001477061422174129
2018-07-13 07:00:00,0.00013785338034565374
2018-07-13 08:00:00,0.0001347183267955475
2018-07-13 09:00:00,0.00016798586576190108
2018-07-13 10:00:00,0.00012824939011521998
2018-07-13 11:00:00,0.00010153941773582304
2018-07-13 12:00:00,0.00010074768923351063
2018-07-13 13:00:00,0.00017281150435585098
2018-07-13 14:00:00,0.00016501572902208398
2018-07-13 15:00:00,0.00015087035850422606
2018-07-13 16:00:00,0.00013359022770118915
2018-07-13 17:00:00,0.00010800508710086667
2018-07-13 18:00:00,0.00010202080898259412
2018-07-13 19:00:00,0.00019821379147842277
2018-07-13 20:00:00,0.0002810026931213377
2018-07-13 21:00:00,0.0003075042449422947
2018-07-13 22:00:00,0.0002595449838376081
2018-07-13 23:00:00,0.000148132088189133
2018-07-14 00:00:00,0.00014398491101374255
2018-07-14 01:00:00,0.00017529434677857191
2018-07-14 02:00:00,0.000158112382381637
2018-07-14 03:00:00,0.00010899999702778719
2018-07-14 04:00:00,0.00012978746993259397
2018-07-14 05:00:00,0.00011138076832292465
2018-07-14 06:00:00,0.00011290451005317326
2018-07-14 07:00:00,0.00010809668782253335
2018-07-14 08:00:00,9.431380834526917e-05
2018-07-14 09:00:00,6.808182305526919e-05
2018-07-14 10:00:00,0.00011701843499816307
2018-07-14 11:00:00,0.00014578551069789145
2018-07-14 12:00:00,0.0001266695990676173
2018-07-14 13:00:00,0.00011526864162025456
2018-07-14 14:00:00,8.851860898963374e-05
2018-07-14 15:00:00,8.863923261146063e-05
2018-07-14 16:00:00,9.130651882820906e-05
2018-07-14 17:00:00,0.00011186161525405481
2018-07-14 18:00:00,8.377121105731034e-05
2018-07-14 19:00:00,0.00010990942053397668
2018-07-14 20:00:00,0.00012726065690645048
2018-07-14 21:00:00,0.000148295767017648
2018-07-14 22:00:00,0.00016442429009350026
2018-07-14 23:00:00,0.00011911437994497042
2018-07-15 00:00:00,9.555263659726977e-05
2018-07-15 01:00:00,0.00010868118281883863
2018-07-15 02:00:00,0.00012112111842934998
2018-07-15 03:00:00,0.00011578224028483359
2018-07-15 04:00:00,0.00010126356638674081
2018-07-15 05:00:00,0.00013042383695727457
2018-07-15 06:00:00,0.00010871543665042554
2018-07-15 07:00:00,0.00013421222512973005
2018-07-15 08:00:00,0.00011217216767269517
2018-07-15 09:00:00,0.0002316847951766179
2018-07-15 10:00:00,0.00014925925851435218
2018-07-15 11:00:00,0.00017906656172030257
2018-07-15 12:00:00,0.00014139488034491454
2018-07-15 13:00:00,0.00012156248837297279
2018-07-15 14:00:00,0.0001089432983023927
2018-07-15 15:00:00,0.00010048325096164198
2018-07-16 08:00:00,0.00010619532657052318
2018-07-16 09:00:00,0.00015822089936138765
2018-07-16 10:00:00,0.00038063419037597174
2018-07-16 11:00:00,0.00023873880311672623
2018-07-16 12:00:00,0.0003137574296618065
2018-07-16 13:00:00,0.000212036497267084
2018-07-16 14:00:00,0.00017504524932358446
2018-07-16 15:00:00,0.00018031279432059486
2018-07-16 16:00:00,0.00019441117092287567
2018-07-16 17:00:00,0.00017158500095602048
2018-07-16 18:00:00,0.00028183360591783126
2018-07-16 19:00:00,0.0001782616787044544
2018-07-16 20:00:00,0.00012400008411366225
2018-07-16 21:00:00,0.00013516942951125472
2018-07-16 22:00:00,0.00014024838102746424
2018-07-16 23:00:00,0.00017945045464268675
2018-07-17 00:00:00,0.0002625598882652915
2018-07-17 01:00:00,0.00018877084384954373
2018-07-17 02:00:00,0.00015165522361887228
2018-07-17 03:00:00,0.00012700740938470845
2018-07-17 04:00:00,0.00013040477337882277
2018-07-17 05:00:00,0.00014336726682599415
2018-07-17 06:00:00,0.00017686984420101865
2018-07-17 07:00:00,0.00016422181275703546
2018-07-17 08:00:00,0.00011190297133331992
2018-07-17 09:00:00,0.00013730142554291375
2018-07-17 10:00:00,0.00014064419387290662
2018-07-17 11:00:00,8.856995172180663e-05
2018-07-17 12:00:00,0.00011402361486713778
2018-07-17 13:00:00,0.00014170764438115963
2018-07-17 14:00:00,0.0001256973875044371
2018-07-17 15:00:00,0.0001580504563985391
2018-07-17 16:00:00,0.00017729380752853704
2018-07-17 17:00:00,0.00015987732871529552
2018-07-17 18:00:00,0.0008654072649488397
2018-07-17 19:00:00,0.0007530729671795143
2018-07-17 21:00:00,0.00024748802490918694
2018-07-17 22:00:00,0.000285399976355338
2018-07-17 23:00:00,0.00031368014679824613
2018-07-18 00:00:00,0.00020238108614723622
2018-07-18 01:00:00,0.0001553260707775471
2018-07-18 02:00:00,0.00013476653570734128
2018-07-18 03:00:00,0.0002666419515032851
2018-07-18 04:00:00,0.00043040034059052535
2018-07-18 05:00:00,0.00021523706013556765
2018-07-18 06:00:00,0.00017677260325108811
2018-07-18 07:00:00,0.00016779754392031403
2018-07-18 08:00:00,0.00021600829860767015
2018-07-18 09:00:00,0.00029241999499795163
2018-07-18 10:00:00,0.00018932227147646377
2018-07-18 11:00:00,0.00020053083194685045
2018-07-18 12:00:00,0.0001874040119390494
2018-07-18 13:00:00,0.00017092622856561496
2018-07-18 14:00:00,0.000181389456848464
2018-07-18 15:00:00,0.00024112334428526204
2018-07-18 16:00:00,0.000177403510928935
2018-07-18 17:00:00,0.00011538042261394557
2018-07-18 18:00:00,0.00021492004712694103
2018-07-18 19:00:00,0.0003637852695692181
2018-07-18 20:00:00,0.0002495449748844833
2018-07-18 21:00:00,0.0003751011486905313
2018-07-18 22:00:00,0.00036933118869636965
2018-07-18 23:00:00,0.0004151733414607846
2018-07-19 00:00:00,0.00024499084304619643
2018-07-19 01:00:00,0.0002166670086109611
2018-07-19 02:00:00,0.00022915985956732494
2018-07-19 03:00:00,0.00019489643537140037
2018-07-19 04:00:00,0.00013507028683337679
2018-07-19 05:00:00,0.00015954888684824612
2018-07-19 06:00:00,0.0001323290245483425
2018-07-19 07:00:00,0.00013875614559775436
2018-07-19 08:00:00,0.0001764199975304484
2018-07-19 09:00:00,0.0001623090648103359
2018-07-19 10:00:00,0.00024021805566154408
2018-07-19 11:00:00,0.00019835476466962103
2018-07-19 12:00:00,0.0002658072518320303
2018-07-19 13:00:00,0.00020175901402930252
2018-07-19 14:00:00,0.00022772044229263217
2018-07-19 15:00:00,0.00019151469479940396
2018-07-19 16:00:00,0.0002370374058925362
2018-07-19 17:00:00,0.00023115107249448619
2018-07-19 18:00:00,0.00019183228783348447
2018-07-19 19:00:00,0.00013478214721996526
2018-07-19 20:00:00,0.00016423644723941939
2018-07-19 21:00:00,0.00023577201820327475
2018-07-19 22:00:00,0.00021161446168661596
2018-07-19 23:00:00,0.00033034316597014483
2018-07-20 00:00:00,0.00019473309836610302
2018-07-20 02:00:00,0.0002085152997701327
2018-07-20 03:00:00,0.00010745722822640189
2018-07-20 04:00:00,0.00010172710785235543
2018-07-20 05:00:00,0.00010306035712017736
2018-07-20 06:00:00,0.00013248863773138945
2018-07-20 07:00:00,0.00025023159782544806
2018-07-20 08:00:00,0.00019751964936751823
2018-07-20 09:00:00,0.0001872228014208438
2018-07-20 10:00:00,0.00013097096393383428
2018-07-20 11:00:00,9.695910023977033e-05
2018-07-20 12:00:00,0.00013284321096546285
2018-07-20 13:00:00,0.000132813326152307
2018-07-20 14:00:00,0.00012830566132742387
2018-07-20 15:00:00,0.00013278370369738905
2018-07-20 16:00:00,0.00014701556271661602
2018-07-20 17:00:00,0.00042974856530978556
2018-07-20 18:00:00,0.0004415915405879604
2018-07-20 19:00:00,0.00023102788509859215
2018-07-20 20:00:00,0.00017820189097728122
2018-07-20 21:00:00,0.0001552772105169533
2018-07-20 22:00:00,0.00019560377001063366
2018-07-20 23:00:00,0.0002481310545080117
2018-07-21 00:00:00,0.00020862889085126237
2018-07-21 01:00:00,0.0003326116866877407
2018-07-21 02:00:00,0.00021650019804916166
2018-07-21 03:00:00,0.00020233231994831152
2018-07-21 04:00:00,0.00015503518698306527
2018-07-21 05:00:00,0.0001361987638916244
2018-07-21 06:00:00,0.00016170927027742677
2018-07-21 07:00:00,0.00016943982140059364
2018-07-21 08:00:00,0.00017083312643254343
2018-07-21 09:00:00,0.00015010188757907396
2018-07-21 10:00:00,0.0001427710094893386
2018-07-21 11:00:00,0.00021095076236466123
2018-07-21 12:00:00,0.00016133253682160895
2018-07-21 13:00:00,0.0001291541957672946
2018-07-21 14:00:00,0.0001370492619946634
2018-07-21 15:00:00,0.00010523270599884982
2018-07-21 16:00:00,0.0001540443670654454
2018-07-21 17:00:00,0.00014719880916930317
2018-07-21 18:00:00,0.0001512024999904301
2018-07-21 19:00:00,0.00012922723347669597
2018-07-21 20:00:00,0.00013211182077804085
2018-07-21 21:00:00,0.0001248237349614369
2018-07-21 22:00:00,0.00012546990384001554
2018-07-21 23:00:00,0.00013006409161525547
2018-07-22 00:00:00,0.00012221051393172797
2018-07-22 01:00:00,0.00018776654198205095
2018-07-22 02:00:00,0.00015403209717564198
2018-07-22 03:00:00,0.00016703543147117512
2018-07-22 04:00:00,0.00017237937463388184
2018-07-22 05:00:00,0.00016983813420725117
2018-07-22 06:00:00,0.00014230054282830893
2018-07-22 07:00:00,0.00018560364296580322
2018-07-22 08:00:00,0.00017611607266047023
2018-07-22 09:00:00,0.00019533427193535655
2018-07-22 10:00:00,0.00015850572120925305
2018-07-22 11:00:00,0.00017831579408146203
2018-07-22 12:00:00,0.00016539937601742119
2018-07-22 13:00:00,0.00015222743804539843
2018-07-22 14:00:00,0.00015130636013951189
2018-07-22 15:00:00,0.0002120000531655468
2018-07-22 16:00:00,0.0002583505664696459
2018-07-22 17:00:00,0.00020478503358197937
2018-07-22 18:00:00,0.00014235783099427883
2018-07-22 19:00:00,9.206976842590089e-05
2018-07-22 20:00:00,9.987327252373354e-05
2018-07-22 21:00:00,0.00011606492181869182
2018-07-22 22:00:00,0.00040658079265296104
2018-07-22 23:00:00,0.0002391773290281835
2018-07-23 00:00:00,0.00012654180324951015
2018-07-23 01:00:00,0.000184564243119455
2018-07-23 02:00:00,0.0001454773363746995
2018-07-23 03:00:00,0.000392466672158684
2018-07-23 04:00:00,0.00013165952906931205
2018-07-23 05:00:00,0.00017942132568219042
2018-07-23 06:00:00,0.00013981358460664272
2018-07-23 07:00:00,0.00015133941953295464
2018-07-23 08:00:00,0.00028364555318190524
2018-07-23 09:00:00,0.0001682682756465077
2018-07-23 10:00:00,0.00012047570386226807
2018-07-23 11:00:00,0.00011827564506786245
2018-07-23 12:00:00,0.00012294605843501532
2018-07-23 13:00:00,0.00011623158980262409
2018-07-23 14:00:00,0.00013009546204521689
2018-07-23 15:00:00,0.00011632911364617723
2018-07-23 16:00:00,0.00012797702135303868
2018-07-23 17:00:00,0.00015660058336961017
2018-07-23 18:00:00,0.00016252084893256274
2018-07-23 19:00:00,0.00032965901040422446
2018-07-23 20:00:00,0.0002011026786628818
2018-07-23 21:00:00,0.00015707694282229552
2018-07-23 22:00:00,0.00019888197747439557
2018-07-23 23:00:00,0.00016423374604286983
2018-07-24 00:00:00,0.00017057566342140577
2018-07-24 01:00:00,0.00013004633536143145
2018-07-24 02:00:00,0.00010978705907645201
2018-07-24 03:00:00,0.00011771611587348332
2018-07-24 04:00:00,0.00012735507874534594
2018-07-24 05:00:00,0.0002520216979440266
2018-07-24 06:00:00,0.00032087396444530303
2018-07-24 07:00:00,0.000157837250492979
2018-07-24 08:00:00,0.00014883893766020733
2018-07-24 09:00:00,0.0001343111359821987
2018-07-24 10:00:00,0.00011506662493308934
2018-07-24 11:00:00,0.0002467910047550436
2018-07-24 12:00:00,0.0002794406868076113
2018-07-24 13:00:00,0.0003621589094217388
2018-07-24 14:00:00,0.00023862379110534552
2018-07-24 15:00:00,0.00021676310677205859
2018-07-24 16:00:00,0.00017638169181717845
2018-07-24 17:00:00,9.790430982386389e-05
2018-07-24 18:00:00,0.00019252273727323764
2018-07-24 19:00:00,0.00014955690981382662
2018-07-24 20:00:00,0.0001889402065855276
2018-07-24 21:00:00,0.00018584535878064334
2018-07-24 22:00:00,0.0002495868747980427
2018-07-25 00:00:00,0.00021108072258014737
2018-07-25 01:00:00,0.00022653412797355138
2018-07-25 02:00:00,0.00012576601308832407
2018-07-25 03:00:00,0.00022195464077132276
2018-07-25 04:00:00,0.0001839844251482906
2018-07-25 05:00:00,0.00014628067531213248
2018-07-25 06:00:00,0.0001678557370836205
2018-07-25 07:00:00,0.00021830057397902375
2018-07-25 08:00:00,0.00017292888599401292
2018-07-25 09:00:00,0.000192693957648987
2018-07-25 10:00:00,0.00016692856437897405
2018-07-25 11:00:00,0.00019694263878834747
2018-07-25 12:00:00,0.0001630984956174509
2018-07-25 13:00:00,0.00012252228341130787
2018-07-25 14:00:00,0.00015536386456270812
2018-07-25 15:00:00,9.993049254039394e-05
2018-07-25 16:00:00,0.0002459279144075653
2018-07-25 17:00:00,0.00013785217125336966
2018-07-25 18:00:00,9.640563782684514e-05
2018-07-25 19:00:00,9.769761265426872e-05
2018-07-25 20:00:00,0.0001222778778258294
2018-07-25 21:00:00,0.00012613915345104781
2018-07-25 22:00:00,0.00020208639278602777
2018-07-25 23:00:00,0.0001471385300139839
2018-07-26 00:00:00,0.00021997205592439343
2018-07-26 01:00:00,0.00016532821251494638
2018-07-26 02:00:00,0.00010148811960426409
2018-07-26 03:00:00,0.00011581827141994606
2018-07-26 04:00:00,0.00010092333388391395
2018-07-26 05:00:00,8.162788899216723e-05
2018-07-26 06:00:00,7.311493633408876e-05
2018-07-26 07:00:00,0.00011906639525695752
2018-07-26 08:00:00,0.0001384675548452873
2018-07-26 09:00:00,0.0001802300745255963
2018-07-26 10:00:00,7.824320184629108e-05
2018-07-26 11:00:00,0.00010942306057302397
2018-07-26 12:00:00,0.00011199587445189291
2018-07-26 13:00:00,0.00011428489554173805
2018-07-26 14:00:00,9.905305554309058e-05
2018-07-26 15:00:00,8.971291713582403e-05
2018-07-26 16:00:00,7.114194756995718e-05
2018-07-26 17:00:00,8.188515725388261e-05
2018-07-26 18:00:00,7.934797971770038e-05
2018-07-26 19:00:00,5.7439536673272476e-05
2018-07-26 20:00:00,7.296877413364321e-05
2018-07-26 21:00:00,0.0002480490275354049
2018-07-26 22:00:00,0.0004373545631202591
2018-07-26 23:00:00,0.0002497408313262904
2018-07-27 00:00:00,0.000237782736653919
2018-07-27 01:00:00,0.00012055755940512215
2018-07-27 02:00:00,0.0001518043957695616
2018-07-27 03:00:00,0.00010017549492971313
2018-07-27 04:00:00,8.89079444613993e-05
2018-07-27 05:00:00,0.00010333795619378781
2018-07-27 06:00:00,0.00010082688277546009
2018-07-27 07:00:00,0.00011459979834635626
2018-07-27 08:00:00,9.806231929794222e-05
2018-07-27 09:00:00,0.00011992989791528776
2018-07-27 10:00:00,9.461518953777662e-05
2018-07-27 11:00:00,9.232297005264822e-05
2018-07-27 12:00:00,8.594309707659592e-05
2018-07-27 13:00:00,0.00016353468492564464
2018-07-27 14:00:00,0.0001407826764987246
2018-07-27 15:00:00,0.00012426910923648494
2018-07-27 16:00:00,0.00029440226319482366
2018-07-27 17:00:00,0.00019200953017870198
2018-07-27 18:00:00,9.118522788658933e-05
2018-07-27 19:00:00,0.00013922334674419142
2018-07-27 20:00:00,0.00013277814467236372
2018-07-27 21:00:00,0.00010666174491427134
2018-07-27 22:00:00,0.00012532792286569275
2018-07-27 23:00:00,0.00011857724151002072
2018-07-28 00:00:00,0.00019460729950014172
2018-07-28 01:00:00,0.0001771675478268818
2018-07-28 02:00:00,0.00012661184239207398
2018-07-28 03:00:00,0.00010751938476066597
2018-07-28 04:00:00,8.991017306267625e-05
2018-07-28 05:00:00,0.00011178877936017421
2018-07-28 06:00:00,9.976086387372266e-05
2018-07-28 07:00:00,7.94541031617077e-05
2018-07-28 08:00:00,9.994317453231258e-05
2018-07-28 09:00:00,9.627876642541593e-05
2018-07-28 10:00:00,0.00011129325877628898
2018-07-28 11:00:00,0.00012783613182118248
2018-07-28 12:00:00,0.00018128702820774796
2018-07-28 13:00:00,8.871942419058713e-05
2018-07-28 14:00:00,7.657826767326746e-05
2018-07-28 15:00:00,0.00011416668215216241
2018-07-28 16:00:00,0.0002319754671586673
2018-07-28 17:00:00,0.00014344647837344422
2018-07-28 18:00:00,0.00012209897042788107
2018-07-28 19:00:00,8.660902922616269e-05
2018-07-28 20:00:00,9.964308959269048e-05
2018-07-28 21:00:00,6.496298166039039e-05
2018-07-28 22:00:00,8.988411940111146e-05
2018-07-28 23:00:00,9.168420273102172e-05
2018-07-29 00:00:00,0.0001240066349082728
2018-07-29 01:00:00,0.00018937613768011435
2018-07-29 02:00:00,0.0001301885235323767
2018-07-29 03:00:00,0.00013023678019190516
2018-07-29 04:00:00,0.00012550219033771802
2018-07-29 05:00:00,0.00010597643225034587
2018-07-29 06:00:00,0.00012834432904544583
2018-07-29 07:00:00,8.862049987299811e-05
2018-07-29 08:00:00,8.988559853476831e-05
2018-07-29 09:00:00,0.00012655264640272363
2018-07-29 10:00:00,8.584829533041389e-05
2018-07-29 11:00:00,7.312516404058987e-05
2018-07-29 12:00:00,0.00010765384096979721
2018-07-29 13:00:00,0.00010992024906916893
2018-07-29 14:00:00,0.00010405486266589421
2018-07-29 15:00:00,8.424259437704887e-05
2018-07-29 16:00:00,6.594657652829399e-05
2018-07-29 17:00:00,9.007283892700961e-05
2018-07-29 18:00:00,4.094463754726954e-05
2018-07-29 19:00:00,5.42686906953361e-05
2018-07-29 20:00:00,7.997270946673323e-05
2018-07-29 21:00:00,7.213225645423244e-05
2018-07-29 22:00:00,9.332908559418533e-05
2018-07-29 23:00:00,8.766885179121527e-05
2018-07-30 00:00:00,0.00012479584064811766
2018-07-30 01:00:00,0.00019839191208911497
2018-07-30 02:00:00,0.00015382482007804483
2018-07-30 03:00:00,6.029424088982697e-05
2018-07-30 04:00:00,5.803531504478603e-05
2018-07-30 05:00:00,6.62130967967676e-05
2018-07-30 06:00:00,5.610234422029171e-05
2018-07-30 07:00:00,0.00019353021150169818
2018-07-30 08:00:00,0.0002371660231605591
2018-07-30 09:00:00,0.0001047591586923636
2018-07-30 10:00:00,6.789143850031477e-05
2018-07-30 11:00:00,0.0001658911237785807
2018-07-30 12:00:00,0.00010929993221023564
2018-07-30 13:00:00,8.614974580131237e-05
2018-07-30 14:00:00,8.271320494852991e-05
2018-07-30 15:00:00,0.00012832253124133873
2018-07-30 16:00:00,0.00011453581045579197
2018-07-30 17:00:00,9.088010672830275e-05
2018-07-30 18:00:00,0.00022434565970756064
2018-07-30 19:00:00,0.0002268196426596326
2018-07-30 20:00:00,0.0001931592318594011
2018-07-30 21:00:00,0.00020915184682419218
2018-07-30 22:00:00,0.00011410044586062148
2018-07-30 23:00:00,0.00012103730655859791
2018-07-31 00:00:00,9.699832121255824e-05
2018-07-31 01:00:00,0.00010322031995446393
2018-07-31 02:00:00,9.457978903822743e-05
2018-07-31 03:00:00,6.614222732787459e-05
2018-07-31 04:00:00,5.48794238010048e-05
2018-07-31 05:00:00,7.578182002165029e-05
2018-07-31 06:00:00,5.897635422813108e-05
2018-07-31 07:00:00,0.00010225452254337589
2018-07-31 08:00:00,9.131212089447013e-05
2018-07-31 09:00:00,0.00011265742887252728
2018-07-31 10:00:00,0.00015122187950882403
2018-07-31 11:00:00,0.00014441907597305696
2018-07-31 12:00:00,0.0001244871176935445
2018-07-31 13:00:00,0.00030954304687052787
2018-07-31 14:00:00,0.00021303428866472157
2018-07-31 15:00:00,0.00023444205868134097
2018-07-31 16:00:00,0.00018089134263052023
2018-07-31 17:00:00,0.0001274836562072524
2018-07-31 18:00:00,0.0001849166039102013
2018-07-31 19:00:00,0.00013636499476496247
2018-07-31 20:00:00,0.0001107673351756329
2018-07-31 21:00:00,0.00013058015536526437
2018-07-31 22:00:00,0.00017252341278552332
2018-08-03 23:00:00,0.00014101292434804292
2018-08-04 00:00:00,0.00014658939737957968
2018-08-04 01:00:00,0.00015594867017737043
2018-08-04 02:00:00,0.00011998193818994288
2018-08-04 03:00:00,0.0001382969717263583
2018-08-04 04:00:00,9.57644958719385e-05
2018-08-04 05:00:00,9.02162304825353e-05
2018-08-04 06:00:00,7.411469007131845e-05
2018-08-04 07:00:00,9.623429279162784e-05
2018-08-04 08:00:00,9.405154732295146e-05
2018-08-04 09:00:00,0.00010988840541817137
2018-08-04 10:00:00,7.79354400428695e-05
2018-08-04 11:00:00,0.00011523026268592669
2018-08-04 12:00:00,8.566245584250545e-05
2018-08-04 13:00:00,0.0001998116731186663
2018-08-04 14:00:00,0.00011724130896441059
2018-08-04 15:00:00,0.0003800818227227199
2018-08-04 16:00:00,0.00026700872383878996
2018-08-04 17:00:00,0.00018983160346476276
2018-08-04 18:00:00,0.0001728821516636555
2018-08-04 19:00:00,0.0001059641652225136
2018-08-04 20:00:00,9.907174538655429e-05
2018-08-04 21:00:00,8.296581319595754e-05
2018-08-04 22:00:00,0.00016232110897226285
2018-08-04 23:00:00,0.00011438296839212427
2018-08-05 00:00:00,0.00011327462612995107
2018-08-05 01:00:00,0.00016921089181298562
2018-08-05 02:00:00,0.00021049153282749465
2018-08-05 03:00:00,0.00011256893968007569
2018-08-05 04:00:00,0.00011515789969781554
2018-08-05 05:00:00,0.00010034842247574819
2018-08-05 06:00:00,7.669889348643062e-05
2018-08-05 07:00:00,7.21386540895267e-05
2018-08-05 08:00:00,7.362988014458197e-05
2018-08-05 09:00:00,0.00010917761146817408
2018-08-05 10:00:00,0.00011874362268917328
2018-08-05 11:00:00,9.823946471760563e-05
2018-08-05 12:00:00,8.313267794255949e-05
2018-08-05 13:00:00,8.20481884173957e-05
2018-08-05 14:00:00,0.00011094485693916801
2018-08-05 15:00:00,0.00015278468306993505
2018-08-05 16:00:00,0.00014167009017471694
2018-08-05 17:00:00,8.163383899174975e-05
2018-08-05 18:00:00,0.00011368324099354301
2018-08-05 19:00:00,9.243218252584273e-05
2018-08-05 20:00:00,0.00011168949762315783
2018-08-05 21:00:00,0.00010107100510884841
2018-08-05 22:00:00,0.00013220365807326576
2018-08-05 23:00:00,0.00010736913865771409
2018-08-06 00:00:00,8.722540416998457e-05
2018-08-06 01:00:00,9.08524413864381e-05
2018-08-06 02:00:00,0.00013614150865960608
2018-08-06 03:00:00,8.02657607582554e-05
2018-08-06 04:00:00,7.245018535991936e-05
2018-08-06 05:00:00,6.466727969122108e-05
2018-08-06 06:00:00,9.74350375169963e-05
2018-08-06 07:00:00,6.4912345434367e-05
2018-08-06 08:00:00,9.3859295206719e-05
2018-08-06 09:00:00,0.00010693011272225241
2018-08-06 10:00:00,0.00010780063474802949
2018-08-06 11:00:00,9.408319991744589e-05
2018-08-06 12:00:00,0.00011647193336774678
2018-08-06 13:00:00,9.136050024248729e-05
2018-08-06 14:00:00,0.0002022470135426754
2018-08-06 15:00:00,0.00010213882023924742
2018-08-06 16:00:00,8.545789274798761e-05
2018-08-06 17:00:00,0.0001341101885750951
2018-08-06 18:00:00,6.819971576204392e-05
2018-08-06 19:00:00,9.423901307266706e-05
2018-08-06 20:00:00,8.232398703961114e-05
2018-08-06 21:00:00,8.758943402267592e-05
2018-08-06 22:00:00,0.0001679240412004945
2018-08-06 23:00:00,0.0001356377492944585
2018-08-07 00:00:00,0.0001242791306751334
2018-08-07 01:00:00,0.0001184403443017847
2018-08-07 02:00:00,7.441328746955453e-05
2018-08-07 03:00:00,9.057661578422433e-05
2018-08-07 04:00:00,7.17088228711671e-05
2018-08-07 05:00:00,6.66523194308312e-05
2018-08-07 06:00:00,7.020768802784863e-05
2018-08-07 07:00:00,6.79144386395984e-05
2018-08-07 08:00:00,0.0001639636642512532
2018-08-07 09:00:00,8.933539254257842e-05
2018-08-07 10:00:00,9.294912411536849e-05
2018-08-07 11:00:00,9.051735922520147e-05
2018-08-07 12:00:00,0.00011685626703701458
2018-08-07 13:00:00,0.00011359498482691506
2018-08-07 14:00:00,0.00010847493335347067
2018-08-07 15:00:00,7.891769015347089e-05
2018-08-07 16:00:00,8.623356960078218e-05
2018-08-07 17:00:00,8.247224525635962e-05
2018-08-07 18:00:00,6.426838626983508e-05
2018-08-07 19:00:00,7.547546020735022e-05
2018-08-07 20:00:00,9.117007217183666e-05
2018-08-07 21:00:00,0.00023810941713891688
2018-08-07 22:00:00,0.00031325810600318677
2018-08-07 23:00:00,0.00013718484123805908
2018-08-08 00:00:00,0.00012080171674432062
2018-08-08 01:00:00,0.00017385487383669778
2018-08-08 02:00:00,0.00010967546215864403
2018-08-08 03:00:00,0.00010596184243123031
2018-08-08 04:00:00,0.00010072150352202689
2018-08-08 05:00:00,0.00015782811721747593
2018-08-08 06:00:00,0.0001891562384367144
2018-08-08 07:00:00,0.00011017761946938471
2018-08-08 08:00:00,0.00010288290855738138
2018-08-08 09:00:00,0.0001215605748410172
2018-08-08 10:00:00,0.00012516799613560638
2018-08-08 11:00:00,0.00010429310461770507
2018-08-08 12:00:00,0.00011479974314223011
2018-08-08 13:00:00,0.00011856988259700093
2018-08-08 14:00:00,0.0001266509152781173
2018-08-08 15:00:00,0.00013904523224790303
2018-08-08 16:00:00,9.455487017628238e-05
2018-08-08 17:00:00,0.0002497730652490854
2018-08-08 18:00:00,0.00015088928458032163
2018-08-08 19:00:00,0.00023941186911979127
2018-08-08 20:00:00,0.00018261228654963837
2018-08-08 21:00:00,0.00012969513504617128
2018-08-08 22:00:00,0.00018165362908840617
2018-08-08 23:00:00,0.00015316890750761777
2018-08-09 00:00:00,0.00017763018149427514
2018-08-09 01:00:00,0.00011033343920392989
2018-08-09 02:00:00,9.830877199692878e-05
2018-08-09 03:00:00,7.769585866194392e-05
2018-08-09 04:00:00,8.716654219221266e-05
2018-08-09 05:00:00,8.527301144815801e-05
2018-08-09 06:00:00,0.00011519997658803793
2018-08-09 07:00:00,0.00010851818092123927
2018-08-09 08:00:00,0.00017334663626981576
2018-08-09 09:00:00,9.11124677272571e-05
2018-08-09 10:00:00,8.173176712503787e-05
2018-08-09 11:00:00,8.440444364075721e-05
2018-08-09 12:00:00,6.684747692168536e-05
2018-08-09 13:00:00,0.00018026872849396093
2018-08-09 14:00:00,0.00029266180395379383
2018-08-09 15:00:00,0.00018534087418035791
2018-08-09 16:00:00,0.00014021379576503813
2018-08-09 17:00:00,0.00010375860635065474
2018-08-09 18:00:00,9.138351186246137e-05
2018-08-09 19:00:00,7.806878234077193e-05
2018-08-09 20:00:00,0.00011747508519456025
2018-08-09 21:00:00,0.00010114023185515909
2018-08-09 22:00:00,0.00023783353315885445
2018-08-09 23:00:00,0.0001140959596219886
2018-08-10 00:00:00,0.00012332879372005712
2018-08-10 01:00:00,8.941833141392171e-05
2018-08-10 02:00:00,9.312459969400115e-05
2018-08-10 03:00:00,0.00011057591993069922
2018-08-10 04:00:00,6.589003640052857e-05
2018-08-10 05:00:00,0.00013306405323015494
2018-08-10 06:00:00,7.83675213870643e-05
2018-08-10 07:00:00,9.35460194906676e-05
2018-08-10 08:00:00,9.387477607315334e-05
2018-08-10 09:00:00,0.00016313156192646438
2018-08-10 10:00:00,0.00018737130788229532
2018-08-10 11:00:00,0.00010540923891327009
2018-08-10 12:00:00,0.00017290363583564005
2018-08-10 13:00:00,0.00022199420220285707
2018-08-10 14:00:00,0.00011686632610208522
2018-08-10 15:00:00,0.00016669450297342008
2018-08-10 16:00:00,0.00010576974418545592
2018-08-10 17:00:00,0.00011654980586513263
2018-08-10 18:00:00,0.0001482000380908874
2018-08-10 19:00:00,0.00013213737119383335
2018-08-10 20:00:00,0.00010939438037191405
2018-08-10 21:00:00,0.0003392723755126347
2018-08-10 22:00:00,0.0005509460000524412
2018-08-10 23:00:00,0.00022970945560410355
2018-08-11 00:00:00,0.0002681279904180274
2018-08-11 01:00:00,0.00019507290937139564
2018-08-11 02:00:00,0.00015651762738068178
2018-08-11 03:00:00,0.00012589442124505938
2018-08-11 04:00:00,0.00012197275951815742
2018-08-11 05:00:00,0.00012686689143824
2018-08-11 06:00:00,0.0002499848537828899
2018-08-11 07:00:00,0.00014865565992678794
2018-08-11 08:00:00,0.00012564851707408495
2018-08-11 09:00:00,0.00013218675952047932
2018-08-11 10:00:00,0.00010076308241518988
2018-08-11 11:00:00,0.00011381557467239574
2018-08-11 12:00:00,8.953632560447537e-05
2018-08-11 13:00:00,0.00014403524708333335
2018-08-11 14:00:00,0.00011074679249328824
2018-08-11 15:00:00,0.00012816942213362517
2018-08-11 16:00:00,0.00013021310666232563
2018-08-11 17:00:00,0.00015574429578518465
2018-08-11 18:00:00,0.00043687729501853246
2018-08-11 19:00:00,0.0001776599164641902
2018-08-11 20:00:00,0.00014237266133142006
2018-08-11 21:00:00,9.69561904305933e-05
2018-08-11 22:00:00,8.851035099285803e-05
2018-08-11 23:00:00,5.752693399874288e-05
2018-08-12 00:00:00,0.00020590706909945927
2018-08-12 01:00:00,0.00025523445279914265
2018-08-12 02:00:00,0.00018441271600761969
2018-08-12 03:00:00,7.699247038491805e-05
2018-08-12 04:00:00,7.06437348553221e-05
2018-08-12 05:00:00,9.083965129710556e-05
2018-08-12 06:00:00,0.00020895915051736866
2018-08-12 07:00:00,0.00017187623920976095
2018-08-12 08:00:00,0.00013176753942718228
2018-08-12 09:00:00,0.00011460372132436986
2018-08-12 10:00:00,0.000109257746815441
2018-08-12 11:00:00,0.00010292727804905355
2018-08-12 12:00:00,0.000139256073781464
2018-08-12 13:00:00,0.0002193212037519775
2018-08-12 14:00:00,0.00012564786588877046
2018-08-12 15:00:00,0.00018386773252796474
2018-08-12 16:00:00,0.00014799990573177645
2018-08-12 17:00:00,0.00017359697476164242
2018-08-12 18:00:00,0.00013776536081282025
2018-08-12 19:00:00,0.00012129779666630027
2018-08-12 20:00:00,0.00041196645938629565
2018-08-12 21:00:00,0.000150122723920253
2018-08-12 22:00:00,0.00011856158828804442
2018-08-12 23:00:00,0.00015940191134307353
2018-08-13 00:00:00,0.00013414538682654308
2018-08-13 01:00:00,8.8621008030086e-05
2018-08-13 02:00:00,6.174810537557195e-05
2018-08-13 03:00:00,6.524911599102478e-05
2018-08-13 04:00:00,0.0001046506201736262
2018-08-13 05:00:00,0.00010856774891745421
2018-08-13 06:00:00,0.00011362410576704473
2018-08-13 07:00:00,0.0002795866918340507
2018-08-13 08:00:00,0.00012458451734409433
2018-08-13 09:00:00,0.00026323613635930555
2018-08-13 10:00:00,0.00012089516702142046
2018-08-13 11:00:00,9.369260299419937e-05
2018-08-13 12:00:00,0.00010058374021226427
2018-08-13 13:00:00,0.0001067049731964034
2018-08-13 14:00:00,0.0001805646650781008
2018-08-13 15:00:00,0.00015293101926730103
2018-08-13 16:00:00,0.0002602614415813188
2018-08-13 17:00:00,0.00016554460701604471
2018-08-13 18:00:00,0.0003331301544606077
2018-08-13 19:00:00,0.00018707717988394133
2018-08-13 20:00:00,0.00017160942668210924
2018-08-13 21:00:00,0.00018804912519258154
2018-08-13 22:00:00,0.00017571683422155175
2018-08-13 23:00:00,0.00015180350419712865
2018-08-14 00:00:00,0.00012783665591566817
2018-08-14 01:00:00,0.00018570973507869
2018-08-14 02:00:00,0.00026948431572377743
2018-08-14 03:00:00,0.00033042273283014854
2018-08-14 04:00:00,0.00018379803549505147
2018-08-14 05:00:00,0.00014567459830434597
2018-08-14 06:00:00,0.00011225415238733509
2018-08-14 07:00:00,0.00013683326048255878
2018-08-14 08:00:00,0.00024015097091808707
2018-08-14 09:00:00,0.0001337039028098736
2018-08-14 10:00:00,0.00013175094100455878
2018-08-14 11:00:00,0.00013053897150638424
2018-08-14 12:00:00,0.00015841046406334477
2018-08-14 13:00:00,0.000245575533472476
2018-08-14 14:00:00,0.00020364540273163831
2018-08-14 15:00:00,0.0001830244754857478
2018-08-14 16:00:00,0.00019204430520513335
2018-08-14 17:00:00,0.0001685417965234664
2018-08-14 18:00:00,0.00019435949642953413
2018-08-14 19:00:00,0.00016607355951099218
2018-08-14 20:00:00,0.0002691457801965176
2018-08-14 21:00:00,0.00014578498414982062
2018-08-14 22:00:00,0.0001791330032251455
2018-08-14 23:00:00,0.00020942562023210256
2018-08-15 00:00:00,0.0002043435267869457
2018-08-15 01:00:00,0.0001615564317452163
2018-08-15 02:00:00,0.00011761539330458697
2018-08-15 03:00:00,0.00016017607949374288
2018-08-15 04:00:00,0.00016704457753145694
2018-08-15 05:00:00,0.00018517522822804536
2018-08-15 06:00:00,0.00011121368134471611
2018-08-15 07:00:00,0.00010121058560340606
2018-08-15 08:00:00,0.00022104900200499856
2018-08-15 09:00:00,0.00019133992138033241
2018-08-15 10:00:00,0.0002594071339857003
2018-08-15 11:00:00,0.0001777172275671444
2018-08-15 12:00:00,0.00015307657370800096
2018-08-15 13:00:00,0.0001621058773994849
2018-08-15 14:00:00,0.0001708797578317685
2018-08-15 15:00:00,0.00014866191877280037
2018-08-15 16:00:00,0.00022524170185702166
2018-08-15 17:00:00,0.00031337584763854715
2018-08-15 18:00:00,0.00019320153981800353
2018-08-15 19:00:00,0.00014647240558730517
2018-08-15 20:00:00,0.00024038870128714968
2018-08-15 21:00:00,0.00019575115142297822
2018-08-15 22:00:00,0.0001950688447739468
2018-08-15 23:00:00,0.00018695034652163196
2018-08-16 00:00:00,0.00020226677138350456
2018-08-16 01:00:00,0.00017522251274082262
2018-08-16 02:00:00,0.0001320396340664951
2018-08-16 03:00:00,8.416313586223558e-05
2018-08-16 04:00:00,0.00012169883423073507
2018-08-16 05:00:00,0.0001294101733692402
2018-08-16 06:00:00,0.0001217226738864631
2018-08-16 07:00:00,0.00010576400926952043
2018-08-16 08:00:00,0.000156285504171591
2018-08-16 09:00:00,0.0001519062315808168
2018-08-16 10:00:00,0.00013768093695763807
2018-08-16 11:00:00,0.00017673178231842105
2018-08-16 12:00:00,0.00015077941781358817
2018-08-16 13:00:00,0.0002189585573495071
2018-08-16 14:00:00,0.0001670570790190544
2018-08-16 15:00:00,0.00016547356762582727
2018-08-16 16:00:00,0.00017669219042204293
2018-08-16 17:00:00,0.00013747045315379807
2018-08-16 18:00:00,0.00015202581369774633
2018-08-16 19:00:00,0.00011866591573317152
2018-08-16 20:00:00,0.00011695863924599555
2018-08-16 21:00:00,0.00023954385767331555
2018-08-16 22:00:00,0.0002233583343265077
2018-08-16 23:00:00,0.00017026877922238763
2018-08-17 00:00:00,0.00012424746984243253
2018-08-17 01:00:00,0.00013436316379237593
2018-08-17 02:00:00,9.243791845930675e-05
2018-08-17 03:00:00,0.00012043491332064117
2018-08-17 04:00:00,0.00012097438906507523
2018-08-17 05:00:00,0.00016903987997374175
2018-08-17 06:00:00,0.00010171292670130992
2018-08-17 07:00:00,9.866666979637758e-05
2018-08-17 08:00:00,0.00018292272297594216
2018-08-17 10:00:00,0.00012175892743592086
2018-08-17 11:00:00,0.00017765914883028237
2018-08-17 12:00:00,0.00010074712962264225
2018-08-17 13:00:00,0.00010267919197664473
2018-08-17 14:00:00,0.00012477373964450597
2018-08-17 15:00:00,0.00012095910572438897
2018-08-17 16:00:00,0.0001280570415915133
2018-08-17 17:00:00,0.0001535605956082697
2018-08-17 18:00:00,0.00017543359463797925
2018-08-17 19:00:00,0.00010801827969970977
2018-08-17 20:00:00,8.3822429382051e-05
2018-08-17 21:00:00,0.00012819512257483787
2018-08-17 22:00:00,0.0001687926611730099
2018-08-17 23:00:00,0.00019294546049552428
2018-08-18 00:00:00,0.0001435567569790921
2018-08-18 01:00:00,0.00014817894021660572
2018-08-18 02:00:00,0.0001492601842588277
2018-08-18 03:00:00,0.00011567296540661937
2018-08-18 04:00:00,0.00011329597331868625
2018-08-18 05:00:00,0.00011031784970574798
2018-08-18 06:00:00,0.00011626091640902515
2018-08-18 07:00:00,0.00012568060932064865
2018-08-18 08:00:00,0.00014675745654574494
2018-08-18 09:00:00,0.00010186289080896298
2018-08-18 10:00:00,8.38304361610222e-05
2018-08-18 11:00:00,0.00010486842106076445
2018-08-18 12:00:00,0.00011505853391679422
2018-08-18 13:00:00,0.00010673574258574053
2018-08-18 14:00:00,0.00020108099995700773
2018-08-18 15:00:00,0.0001215916402635071
2018-08-18 16:00:00,0.00014989745721503332
2018-08-18 17:00:00,0.00016039893347271733
2018-08-18 18:00:00,0.00013897978246686697
2018-08-18 19:00:00,0.00011879630640039614
2018-08-18 20:00:00,9.999306729468639e-05
2018-08-18 21:00:00,0.0001317298789591064
2018-08-18 22:00:00,0.00013968033504832653
2018-08-18 23:00:00,0.00012446406624412625
2018-08-19 00:00:00,0.00010121848391862036
2018-08-19 01:00:00,0.00010113300741736789
2018-08-19 02:00:00,0.00010635663049886611
2018-08-19 03:00:00,7.546903627922766e-05
2018-08-19 04:00:00,0.00010446574150990702
2018-08-19 05:00:00,8.160602213729157e-05
2018-08-19 06:00:00,0.00010795733111400565
2018-08-19 07:00:00,9.044813732877136e-05
2018-08-19 08:00:00,9.327911670922778e-05
2018-08-19 09:00:00,8.221775291503261e-05
2018-08-19 10:00:00,8.920693147394488e-05
2018-08-19 11:00:00,7.896834732895114e-05
2018-08-19 12:00:00,0.0001140408571070439
2018-08-19 13:00:00,9.337239046047602e-05
2018-08-19 14:00:00,0.00010850975491338232
2018-08-19 15:00:00,0.00012567494235450505
2018-08-19 16:00:00,0.0001412100979332374
2018-08-19 17:00:00,0.00011446842960408881
2018-08-19 18:00:00,0.00010553689971325485
2018-08-19 19:00:00,9.910330190803876e-05
2018-08-19 20:00:00,9.634933716570002e-05
2018-08-19 21:00:00,0.00014351202377166136
2018-08-19 22:00:00,0.00012648396565466047
2018-08-19 23:00:00,9.516823566102583e-05
2018-08-20 00:00:00,8.973655238994743e-05
2018-08-20 01:00:00,8.307144208353187e-05
2018-08-20 02:00:00,5.7264654114224685e-05
2018-08-20 03:00:00,8.23061174867284e-05
2018-08-20 04:00:00,7.253489689231783e-05
2018-08-20 05:00:00,8.475235686606668e-05
2018-08-20 06:00:00,7.763318663806402e-05
2018-08-20 07:00:00,9.455537488474666e-05
2018-08-20 08:00:00,6.753724713047583e-05
2018-08-20 09:00:00,8.413399836656242e-05
2018-08-20 10:00:00,0.00011307852307160314
2018-08-20 11:00:00,8.278180566969451e-05
2018-08-20 12:00:00,8.500850824109969e-05
2018-08-20 13:00:00,0.00010072087632430164
2018-08-20 14:00:00,0.00010091338717505332
2018-08-20 15:00:00,8.444316973251459e-05
2018-08-20 16:00:00,0.00010689460144798568
2018-08-20 17:00:00,0.00011088199452171873
2018-08-20 18:00:00,9.621354493212406e-05
2018-08-20 19:00:00,7.828247446456602e-05
2018-08-20 20:00:00,7.988322054426436e-05
2018-08-20 21:00:00,9.299704981355538e-05
2018-08-20 22:00:00,9.705361847147987e-05
2018-08-20 23:00:00,0.00028254973270594837
2018-08-21 00:00:00,0.00017650430314737606
2018-08-21 01:00:00,0.0001099562390419138
2018-08-21 02:00:00,8.090230327870397e-05
2018-08-21 03:00:00,8.262618608107803e-05
2018-08-21 04:00:00,7.091899965683158e-05
2018-08-21 05:00:00,6.631761240724016e-05
2018-08-21 06:00:00,0.00010286883819095429
2018-08-21 07:00:00,0.00012679449911087357
2018-08-21 08:00:00,9.93441226375109e-05
2018-08-21 09:00:00,0.00012131977477175517
2018-08-21 10:00:00,9.741110430938315e-05
2018-08-21 11:00:00,8.562197476274911e-05
2018-08-21 12:00:00,7.807095944321738e-05
2018-08-21 13:00:00,8.34937393176824e-05
2018-08-21 14:00:00,0.00011165365074061594
2018-08-21 15:00:00,0.00013038886281144965
2018-08-21 16:00:00,0.0001052181604168867
2018-08-21 17:00:00,0.00011974779564195166
2018-08-21 18:00:00,0.00011751993220851642
2018-08-21 19:00:00,0.00012273757199751867
2018-08-21 20:00:00,0.00011003372456447234
2018-08-21 21:00:00,0.00011350529963211535
2018-08-21 22:00:00,0.00017553243274019326
2018-08-21 23:00:00,0.00010742234822862256
2018-08-22 00:00:00,9.958638512528352e-05
2018-08-22 01:00:00,0.00011192310023010196
2018-08-22 02:00:00,0.00048157719752594825
2018-08-22 03:00:00,0.00026443675062614886
2018-08-22 04:00:00,0.00012365397307525797
2018-08-22 05:00:00,0.00011603744551170237
2018-08-22 06:00:00,0.00012425416617797296
2018-08-22 07:00:00,0.0001139264140950942
2018-08-22 08:00:00,0.00010037082678423998
2018-08-22 09:00:00,9.42803002855393e-05
2018-08-22 10:00:00,9.510043896822369e-05
2018-08-22 11:00:00,8.853419094601878e-05
2018-08-22 12:00:00,9.749894421619108e-05
2018-08-22 13:00:00,0.00010195712385371675
2018-08-22 14:00:00,7.47243055030219e-05
2018-08-22 15:00:00,7.561589375257472e-05
2018-08-22 16:00:00,0.00021337609403711242
2018-08-22 17:00:00,0.0003439476524424182
2018-08-22 18:00:00,0.00011119591709398327
2018-08-22 19:00:00,0.00011064245579194106
2018-08-22 20:00:00,9.183441434287482e-05
2018-08-22 21:00:00,0.0002639066465876222
2018-08-22 22:00:00,0.000242366554618134
2018-08-22 23:00:00,0.00034132393378237893
2018-08-23 00:00:00,0.00013870434386979724
2018-08-23 01:00:00,0.00013569650493899484
2018-08-23 02:00:00,9.371066080747181e-05
2018-08-23 03:00:00,9.084184704491062e-05
2018-08-23 04:00:00,0.00010807517294939833
2018-08-23 05:00:00,8.355189237217805e-05
2018-08-23 06:00:00,0.00010865904160714713
2018-08-23 07:00:00,9.098984097585978e-05
2018-08-23 08:00:00,7.504815489448665e-05
2018-08-23 09:00:00,6.865727217093462e-05
2018-08-23 10:00:00,9.26684470267382e-05
2018-08-23 11:00:00,8.530931628941697e-05
2018-08-23 12:00:00,9.575864627177371e-05
2018-08-23 13:00:00,8.74471886479536e-05
2018-08-23 14:00:00,0.0001060821843272701
2018-08-23 15:00:00,0.00014054293470902886
2018-08-23 16:00:00,8.843381527990985e-05
2018-08-23 17:00:00,0.00010964260176899354
2018-08-23 18:00:00,9.06841320233197e-05
2018-08-23 19:00:00,8.157971057008626e-05
2018-08-23 20:00:00,0.00014364933804119584
2018-08-23 21:00:00,9.661059119921217e-05
2018-08-23 22:00:00,0.00017264356747428628
2018-08-23 23:00:00,0.00017659143893694945
2018-08-24 00:00:00,0.00010542349303561247
2018-08-24 01:00:00,0.00010108912767994148
2018-08-24 02:00:00,9.769914979411827e-05
2018-08-24 03:00:00,0.00010006608113423572
2018-08-24 04:00:00,8.443528326389289e-05
2018-08-24 05:00:00,8.130565635738265e-05
2018-08-24 06:00:00,8.143294499901673e-05
2018-08-24 07:00:00,8.66513583473335e-05
2018-08-24 08:00:00,0.00012843050502471716
2018-08-24 09:00:00,9.07173918493219e-05
2018-08-24 10:00:00,9.160259393543968e-05
2018-08-24 11:00:00,9.536458833173872e-05
2018-08-24 12:00:00,0.00011055782907427629
2018-08-24 13:00:00,0.00012035204372174828
2018-08-24 14:00:00,0.0001379909957263195
2018-08-24 15:00:00,0.00016374314508709113
2018-08-24 16:00:00,0.0001544085449495791
2018-08-24 17:00:00,0.00011597847395008414
2018-08-24 18:00:00,0.00021504054022045547
2018-08-24 19:00:00,0.00014106831971476277
2018-08-24 20:00:00,0.00011152299961981972
2018-08-24 21:00:00,0.00010099468639999145
2018-08-24 22:00:00,0.0001786828771813144
2018-08-24 23:00:00,0.00017372529509709783
2018-08-25 00:00:00,0.00013251447354405144
2018-08-25 01:00:00,0.00019755884570405116
2018-08-25 02:00:00,0.00013443965145130686
2018-08-25 03:00:00,0.0001406392272364923
2018-08-25 04:00:00,0.00013601874388644684
2018-08-25 05:00:00,0.00017191502557510597
2018-08-25 06:00:00,0.00010219448574465297
2018-08-25 07:00:00,0.0001161293281688898
2018-08-25 08:00:00,0.00011018693059700225
2018-08-25 09:00:00,0.00012905651922064047
2018-08-25 10:00:00,0.00012725796078018496
2018-08-25 11:00:00,0.00011201758048654931
2018-08-25 12:00:00,0.00011674065177110719
2018-08-25 13:00:00,0.00013278100143069272
2018-08-25 14:00:00,0.00011360143417034362
2018-08-25 15:00:00,0.00013683956583011668
2018-08-25 16:00:00,0.00015319777220250682
2018-08-25 17:00:00,0.0001262935061807075
2018-08-25 18:00:00,0.00010004211927185585
2018-08-25 19:00:00,0.0001146867891935972
2018-08-25 21:00:00,0.0001000639985914333
2018-08-25 22:00:00,0.0001244290762064651
2018-08-25 23:00:00,9.081387798043763e-05
2018-08-26 00:00:00,0.00011779340409688734
2018-08-26 01:00:00,0.00013141830714910542
2018-08-26 02:00:00,6.195077739398805e-05
2018-08-26 03:00:00,0.00017857537283518096
2018-08-26 04:00:00,0.00012029539886692545
2018-08-26 05:00:00,9.997343844169167e-05
2018-08-26 06:00:00,7.618644303188149e-05
2018-08-26 07:00:00,0.00011041683567082117
2018-08-26 08:00:00,9.777356317808106e-05
2018-08-26 09:00:00,0.00010059538829968733
2018-08-26 10:00:00,9.556429524135633e-05
2018-08-26 11:00:00,0.00011175525352125336
2018-08-26 12:00:00,9.679713232813718e-05
2018-08-26 13:00:00,9.295305837654306e-05
2018-08-26 14:00:00,0.00012165848890577714
2018-08-26 15:00:00,9.5371229690635e-05
2018-08-26 16:00:00,0.00010108436399203082
2018-08-26 17:00:00,0.00011943217545310688
2018-08-26 18:00:00,0.00012535160959058762
2018-08-26 19:00:00,9.615341572179618e-05
2018-08-26 20:00:00,9.989503671683377e-05
2018-08-26 21:00:00,0.00011056732874621305
2018-08-26 22:00:00,0.00010658214798721767
2018-08-26 23:00:00,0.00011269492036272149
2018-08-27 00:00:00,0.00010180901285113444
2018-08-27 01:00:00,8.633805098042131e-05
2018-08-27 02:00:00,8.093889202296194e-05
2018-08-27 03:00:00,5.860383070512227e-05
2018-08-27 04:00:00,7.104540076328868e-05
2018-08-27 05:00:00,0.00010304871944537821
2018-08-27 06:00:00,9.627949282391024e-05
2018-08-27 07:00:00,6.549153851329685e-05
2018-08-27 08:00:00,6.679078700980114e-05
2018-08-27 09:00:00,8.357741720206244e-05
2018-08-27 10:00:00,7.597857046342594e-05
2018-08-27 11:00:00,8.205085730126096e-05
2018-08-27 12:00:00,0.00010359509073679159
2018-08-27 13:00:00,0.00013740365733883863
2018-08-27 14:00:00,9.34258017821644e-05
2018-08-27 15:00:00,9.607114209530688e-05
2018-08-27 16:00:00,7.976989579102872e-05
2018-08-27 17:00:00,7.893380740120384e-05
2018-08-27 18:00:00,7.243025608845683e-05
2018-08-27 19:00:00,6.191939619962851e-05
2018-08-27 20:00:00,6.98468534904494e-05
2018-08-27 21:00:00,7.018014831498786e-05
2018-08-27 22:00:00,9.182175286063522e-05
2018-08-27 23:00:00,8.313416379586517e-05
2018-08-28 00:00:00,0.00020860815962680824
2018-08-28 01:00:00,8.29917703459193e-05
2018-08-28 02:00:00,8.789062272106577e-05
2018-08-28 03:00:00,6.091691503569883e-05
2018-08-28 04:00:00,4.709230154146217e-05
2018-08-28 05:00:00,5.713341842629136e-05
2018-08-28 06:00:00,5.305157059159292e-05
2018-08-28 07:00:00,8.880995692607698e-05
2018-08-28 08:00:00,7.298127652937469e-05
2018-08-28 09:00:00,5.923491676859148e-05
2018-08-28 10:00:00,5.263341099219024e-05
2018-08-28 11:00:00,5.5740255592323366e-05
2018-08-28 12:00:00,0.0001747995843946574
2018-08-28 13:00:00,7.612444744958805e-05
2018-08-28 14:00:00,9.595855114940834e-05
2018-08-28 15:00:00,9.507793301686799e-05
2018-08-28 16:00:00,7.191027325949337e-05
2018-08-28 17:00:00,8.104981745228539e-05
2018-08-28 18:00:00,8.928440543590167e-05
2018-08-28 19:00:00,6.90611933805526e-05
2018-08-28 20:00:00,8.949580590589498e-05
2018-08-28 21:00:00,8.937507799215018e-05
2018-08-28 22:00:00,9.525910050245788e-05
2018-08-28 23:00:00,8.891755985586814e-05
2018-08-29 00:00:00,8.47063466306956e-05
2018-08-29 01:00:00,6.857114026053786e-05
2018-08-29 02:00:00,7.129862709472696e-05
2018-08-29 03:00:00,7.383186170762124e-05
2018-08-29 04:00:00,6.529807068793407e-05
2018-08-29 05:00:00,4.842579696348353e-05
2018-08-29 06:00:00,3.5156359824432294e-05
2018-08-29 07:00:00,6.671200630080822e-05
2018-08-29 08:00:00,7.709110741097749e-05
2018-08-29 09:00:00,7.970597171560461e-05
2018-08-29 10:00:00,8.1994000952051e-05
2018-08-29 11:00:00,6.948819176449289e-05
2018-08-29 12:00:00,6.855513013458124e-05
2018-08-29 13:00:00,8.005717934567246e-05
2018-08-29 14:00:00,7.223193252864802e-05
2018-08-29 15:00:00,7.045237350719964e-05
2018-08-29 16:00:00,0.00017021772724929758
2018-08-29 17:00:00,9.103080193821046e-05
2018-08-29 18:00:00,7.775653790788745e-05
2018-08-29 19:00:00,8.02438392755408e-05
2018-08-29 20:00:00,6.0791238139328164e-05
2018-08-29 21:00:00,8.331569281152086e-05
2018-08-29 22:00:00,6.692013478258004e-05
2018-08-29 23:00:00,6.468962897287125e-05
2018-08-30 00:00:00,6.150411266633854e-05
2018-08-30 01:00:00,4.23969051569918e-05
2018-08-30 02:00:00,4.7494138285765105e-05
2018-08-30 03:00:00,7.645523854754181e-05
2018-08-30 04:00:00,5.216402179175721e-05
2018-08-30 05:00:00,5.9533994176427205e-05
2018-08-30 06:00:00,8.192897991754415e-05
2018-08-30 07:00:00,8.789283798323423e-05
2018-08-30 08:00:00,5.734183803294855e-05
2018-08-30 09:00:00,7.761041356454863e-05
2018-08-30 10:00:00,0.00010396939997425751
2018-08-30 11:00:00,7.387466201019908e-05
2018-08-30 12:00:00,8.517386820942207e-05
2018-08-30 13:00:00,9.45199208813623e-05
2018-08-30 14:00:00,8.244524413608464e-05
2018-08-30 15:00:00,7.38160178197527e-05
2018-08-30 16:00:00,6.99671793481523e-05
2018-08-30 17:00:00,6.457780624891195e-05
2018-08-30 18:00:00,5.780289113139189e-05
2018-08-30 19:00:00,7.806367690158032e-05
2018-08-30 20:00:00,6.88547160926263e-05
2018-08-30 21:00:00,0.00011778279595154123
2018-08-30 22:00:00,9.054914295326875e-05
2018-08-30 23:00:00,8.847719042922993e-05
2018-08-31 00:00:00,9.703385143197663e-05
2018-08-31 01:00:00,8.312438536865933e-05
2018-08-31 02:00:00,6.275055265773553e-05
2018-08-31 03:00:00,5.648064221414363e-05
2018-08-31 04:00:00,5.6108935289928315e-05
2018-08-31 05:00:00,7.895982821045703e-05
2018-08-31 06:00:00,6.772624891840758e-05
2018-08-31 07:00:00,5.7784080020825504e-05
2018-08-31 08:00:00,7.240009715384729e-05
2018-08-31 09:00:00,6.978710012064958e-05
2018-08-31 10:00:00,7.394188871625868e-05
2018-08-31 11:00:00,6.064666425022319e-05
2018-08-31 12:00:00,6.512664738602205e-05
2018-08-31 13:00:00,0.00010464412792141463
2018-08-31 14:00:00,7.467568094110782e-05
2018-08-31 15:00:00,7.940857764358793e-05
2018-08-31 16:00:00,0.00013380646406785442
2018-08-31 17:00:00,8.305754616551196e-05
2018-08-31 18:00:00,9.562850568670891e-05
2018-08-31 19:00:00,9.946042450634533e-05
2018-08-31 20:00:00,6.871831263623404e-05
2018-08-31 21:00:00,7.217073156719046e-05
2018-08-31 22:00:00,0.00010002193541290654
2018-09-03 23:00:00,5.9348014903151014e-05
2018-09-04 00:00:00,5.7169628770472484e-05
2018-09-04 01:00:00,4.508408985327059e-05
2018-09-04 02:00:00,4.055569103938677e-05
2018-09-04 03:00:00,6.417285796176054e-05
2018-09-04 04:00:00,4.938881844562278e-05
2018-09-04 05:00:00,5.822625494730039e-05
2018-09-04 06:00:00,6.049298777055683e-05
2018-09-04 07:00:00,5.287487576416579e-05
2018-09-04 08:00:00,5.9198246643691214e-05
2018-09-04 09:00:00,6.026893904532247e-05
2018-09-04 10:00:00,5.815011974381654e-05
2018-09-04 11:00:00,5.6976636976350834e-05
2018-09-04 12:00:00,6.913509006079894e-05
2018-09-04 13:00:00,9.327223234268108e-05
2018-09-04 14:00:00,6.022639912120492e-05
2018-09-04 15:00:00,5.0105640617892035e-05
2018-09-04 16:00:00,6.86840584806947e-05
2018-09-04 17:00:00,6.431817967281476e-05
2018-09-04 18:00:00,6.603620970136318e-05
2018-09-04 19:00:00,9.806011032977177e-05
2018-09-04 20:00:00,7.190136300138556e-05
2018-09-04 21:00:00,7.366382931505543e-05
2018-09-04 22:00:00,7.485202489803369e-05
2018-09-04 23:00:00,5.892441852627861e-05
2018-09-05 00:00:00,6.187202482761515e-05
2018-09-05 01:00:00,5.100217813117038e-05
2018-09-05 02:00:00,7.563315050963598e-05
2018-09-05 03:00:00,7.568975891722271e-05
2018-09-05 04:00:00,5.0445236571222704e-05
2018-09-05 05:00:00,4.522957808412303e-05
2018-09-05 06:00:00,4.956133547781638e-05
2018-09-05 07:00:00,5.644871012380277e-05
2018-09-05 08:00:00,6.213658086622109e-05
2018-09-05 09:00:00,5.726690009787129e-05
2018-09-05 10:00:00,0.0001761768181975284
2018-09-05 11:00:00,0.0002680892775913844
2018-09-05 12:00:00,0.00015695980842356504
2018-09-05 13:00:00,0.00013989098915559496
2018-09-05 14:00:00,0.00012980325995951472
2018-09-05 15:00:00,0.00014736062814722325
2018-09-05 16:00:00,0.00013474723353225183
2018-09-05 17:00:00,0.00021917015580449827
2018-09-05 18:00:00,0.00016891721946548445
2018-09-05 19:00:00,0.00011461183849142823
2018-09-05 20:00:00,0.00011386249157572425
2018-09-05 21:00:00,0.0001327029463771303
2018-09-05 22:00:00,0.0001896291796794253
2018-09-05 23:00:00,0.00013943535145655923
2018-09-06 00:00:00,0.0003580061560294805
2018-09-06 01:00:00,0.0006222224107962543
2018-09-06 02:00:00,0.0002849174928586604
2018-09-06 03:00:00,0.0002404585745669767
2018-09-06 04:00:00,0.00019125585536932248
2018-09-06 05:00:00,0.00017123517176219152
2018-09-06 06:00:00,0.00020988724618458646
2018-09-06 07:00:00,0.00018628033481787269
2018-09-06 08:00:00,0.00019770268462439912
2018-09-06 09:00:00,0.0001447751817249052
2018-09-06 10:00:00,0.0002872840711552262
2018-09-06 11:00:00,0.00016348477637407336
2018-09-06 12:00:00,0.00017730644235519226
2018-09-06 13:00:00,0.00015745278157961826
2018-09-06 14:00:00,0.0002015123461938151
2018-09-06 15:00:00,0.00018569719564903101
2018-09-06 16:00:00,0.00019230174521714735
2018-09-06 17:00:00,0.0001375103766600232
2018-09-06 18:00:00,0.00015243489666332566
2018-09-06 19:00:00,0.0002751762486195265
2018-09-06 20:00:00,0.0001363081204575197
2018-09-06 21:00:00,0.0001544351012172082
2018-09-06 22:00:00,0.0001502120277633545
2018-09-06 23:00:00,0.0001465064666318709
2018-09-07 00:00:00,0.0001807493250476236
2018-09-07 01:00:00,0.00017515913877378536
2018-09-07 02:00:00,0.00011108409061132736
2018-09-07 03:00:00,0.0001413145962152053
2018-09-07 04:00:00,0.00014206013576933203
2018-09-07 05:00:00,0.0001286486541244457
2018-09-07 06:00:00,0.0001292258922428322
2018-09-07 07:00:00,0.00021146244603419053
2018-09-07 08:00:00,0.00013200137464256252
2018-09-07 09:00:00,0.0001630375346025389
2018-09-07 10:00:00,0.00011334864963590768
2018-09-07 11:00:00,0.0002582954278066348
2018-09-07 12:00:00,0.00017317356508900217
2018-09-07 13:00:00,0.00017674285051576166
2018-09-07 14:00:00,0.00014913073157732916
2018-09-07 15:00:00,0.0001818998130010504
2018-09-07 16:00:00,0.00018944433426138846
2018-09-07 17:00:00,0.0002544335997178712
2018-09-07 18:00:00,0.00018593525950559486
2018-09-07 19:00:00,0.0001487856744563519
2018-09-07 20:00:00,0.00013061666023222803
2018-09-07 21:00:00,0.00016947227306807956
2018-09-07 22:00:00,0.00019173981319506916
2018-09-07 23:00:00,0.00013936030048454525
2018-09-08 00:00:00,0.0001227338891868128
2018-09-08 01:00:00,0.00013354354891362464
2018-09-08 02:00:00,0.00012196797139367506
2018-09-08 03:00:00,0.00010621982310745677
2018-09-08 04:00:00,0.00012347396834386446
2018-09-08 05:00:00,0.00011676162392938025
2018-09-08 06:00:00,8.524332515423243e-05
2018-09-08 07:00:00,0.00011016851516798314
2018-09-08 09:00:00,9.389043172952788e-05
2018-09-08 10:00:00,0.00011662294473819128
2018-09-08 11:00:00,9.682307437829884e-05
2018-09-08 12:00:00,0.0001209381154285397
2018-09-08 13:00:00,0.00020984795628134283
2018-09-08 16:00:00,0.00017156349199221025
2018-09-08 17:00:00,0.00015806410706628257
2018-09-08 18:00:00,0.00041578513304591083
2018-09-08 19:00:00,0.00031636229348848784
2018-09-08 20:00:00,0.00019055260892337803
2018-09-08 21:00:00,0.0002510174623020207
2018-09-08 22:00:00,0.00014782689656610564
2018-09-08 23:00:00,0.0001302816098134168
2018-09-09 00:00:00,0.0001386131973036802
2018-09-09 02:00:00,0.00013712243329946816
2018-09-09 03:00:00,0.00014535759928770264
2018-09-09 04:00:00,0.00015958366944336495
2018-09-09 05:00:00,0.00032220045434421495
2018-09-09 06:00:00,0.00012678101996899365
2018-09-09 07:00:00,0.00011362489675355409
2018-09-09 08:00:00,0.00011361157419018664
2018-09-09 09:00:00,0.0001134572053437758
2018-09-09 10:00:00,0.00038865269831946916
2018-09-09 11:00:00,0.00021619342790440673
2018-09-09 12:00:00,0.00019364267853138473
2018-09-09 13:00:00,0.00019225028888074944
2018-09-09 14:00:00,0.0002071372321106272
2018-09-09 15:00:00,0.00015843122424554913
2018-09-09 16:00:00,0.00017383381146338032
2018-09-09 17:00:00,0.00013006269322866592
2018-09-09 18:00:00,0.00012331903401227215
2018-09-09 19:00:00,0.0001229984210244048
2018-09-09 20:00:00,0.00011506560908548354
2018-09-09 21:00:00,0.00012258595347327118
2018-09-09 22:00:00,0.00014168004698665655
2018-09-09 23:00:00,0.0002946861643540661
2018-09-10 00:00:00,0.0001949515240397028
2018-09-10 01:00:00,0.00015522267733358895
2018-09-10 02:00:00,0.00018054808122099403
2018-09-10 03:00:00,0.0001465960461617226
2018-09-10 04:00:00,0.00010830315972598227
2018-09-10 05:00:00,0.00012190663501683836
2018-09-10 06:00:00,0.00010792945134724807
2018-09-10 07:00:00,8.037794988887937e-05
2018-09-10 08:00:00,0.00011179188506512214
2018-09-10 09:00:00,0.000100928534636815
2018-09-10 10:00:00,0.00011959297745279686
2018-09-10 11:00:00,0.00011649366886699858
2018-09-10 12:00:00,0.00010508116752508749
2018-09-10 13:00:00,9.274097265468522e-05
2018-09-10 14:00:00,0.00011033345025878562
2018-09-10 15:00:00,0.00013935517144761007
2018-09-10 16:00:00,0.00012138730644027792
2018-09-10 17:00:00,0.00014768964118693528
2018-09-10 18:00:00,0.00012516532173832205
2018-09-10 19:00:00,8.946429448744938e-05
2018-09-10 20:00:00,8.498771787690582e-05
2018-09-10 21:00:00,0.00010367770175584806
2018-09-10 22:00:00,0.00012194354175150555
2018-09-11 00:00:00,0.00013984023021521602
2018-09-11 01:00:00,0.00011237346158668472
2018-09-11 02:00:00,0.0001268944688044384
2018-09-11 03:00:00,0.00013586282841714935
2018-09-11 04:00:00,9.440208166924883e-05
2018-09-11 05:00:00,9.743169013816872e-05
2018-09-11 06:00:00,0.00010338056039914404
2018-09-11 07:00:00,0.00010607592124874298
2018-09-11 08:00:00,0.00012309762833853365
2018-09-11 09:00:00,0.00010412456139095238
2018-09-11 10:00:00,0.00011583932694518056
2018-09-11 11:00:00,8.929373320400324e-05
2018-09-11 12:00:00,0.00017501975399565278
2018-09-11 13:00:00,0.00013426096969003772
2018-09-11 14:00:00,0.00012023991086953946
2018-09-11 16:00:00,0.00015009172319915574
2018-09-11 17:00:00,0.00010668755807889519
2018-09-11 18:00:00,8.850312739914748e-05
2018-09-11 19:00:00,0.00015459266713754917
2018-09-11 20:00:00,0.00011444718238884715
2018-09-11 21:00:00,0.0001287235136480241
2018-09-11 22:00:00,0.00017831272051237
2018-09-11 23:00:00,8.977860552887874e-05
2018-09-12 00:00:00,6.472418930429187e-05
2018-09-12 01:00:00,7.099434411165388e-05
2018-09-12 02:00:00,6.204459682112773e-05
2018-09-12 03:00:00,6.297547394644844e-05
2018-09-12 04:00:00,7.835285539149947e-05
2018-09-12 05:00:00,6.604320350689186e-05
2018-09-12 06:00:00,6.466440496786746e-05
2018-09-12 07:00:00,7.684413448613342e-05
2018-09-12 08:00:00,7.885108719312647e-05
2018-09-12 09:00:00,9.461865959951832e-05
2018-09-12 10:00:00,5.5797535772836864e-05
2018-09-12 11:00:00,6.507172144302296e-05
2018-09-12 12:00:00,7.795963052292111e-05
2018-09-12 13:00:00,8.261538686833208e-05
2018-09-12 14:00:00,8.403940053743988e-05
2018-09-12 15:00:00,7.049645208242476e-05
2018-09-12 16:00:00,5.2836967155330364e-05
2018-09-12 17:00:00,5.7527093462739135e-05
2018-09-12 18:00:00,7.026378440983513e-05
2018-09-12 19:00:00,9.234048492568685e-05
2018-09-12 20:00:00,7.975980295996021e-05
2018-09-12 21:00:00,6.312891890714296e-05
2018-09-12 22:00:00,7.959975690828103e-05
2018-09-12 23:00:00,7.863103248401718e-05
2018-09-13 00:00:00,6.771869487321416e-05
2018-09-13 01:00:00,0.00010146032604546635
2018-09-13 02:00:00,6.998570019225024e-05
2018-09-13 03:00:00,7.244634571469368e-05
2018-09-13 04:00:00,4.922523776010251e-05
2018-09-13 05:00:00,4.8187151353792764e-05
2018-09-13 06:00:00,6.63138293697861e-05
2018-09-13 07:00:00,4.9499975100208574e-05
2018-09-13 08:00:00,6.49202631983261e-05
2018-09-13 09:00:00,5.673395146316571e-05
2018-09-13 10:00:00,0.00010790899040124325
2018-09-13 11:00:00,6.955642946902796e-05
2018-09-13 12:00:00,6.370833933544502e-05
2018-09-13 13:00:00,0.00011023280059286457
2018-09-13 14:00:00,0.00010515656245208177
2018-09-13 15:00:00,0.00010105934803528978
2018-09-13 16:00:00,9.543265101630454e-05
2018-09-13 17:00:00,0.00012617472233528534
2018-09-13 18:00:00,8.043141639800489e-05
2018-09-13 19:00:00,7.96767139829566e-05
2018-09-13 20:00:00,0.00010051128053567427
2018-09-13 21:00:00,0.00010559107957131124
2018-09-13 22:00:00,0.00010683338016845615
2018-09-13 23:00:00,9.657186126906527e-05
2018-09-14 00:00:00,0.00010594296253638863
2018-09-14 01:00:00,8.532899004988122e-05
2018-09-14 02:00:00,8.115371293544214e-05
2018-09-14 03:00:00,0.0001000067414136545
2018-09-14 04:00:00,8.409226071610739e-05
2018-09-14 05:00:00,6.695988144461983e-05
2018-09-14 06:00:00,6.293302638952322e-05
2018-09-14 07:00:00,3.397164663962021e-05
2018-09-14 08:00:00,7.240275369369827e-05
2018-09-14 09:00:00,0.00016196545094522653
2018-09-14 10:00:00,0.0001008178431891522
2018-09-14 11:00:00,6.753419053931108e-05
2018-09-14 12:00:00,6.432254511092217e-05
2018-09-14 13:00:00,7.190404821534903e-05
2018-09-14 14:00:00,9.5945206235842e-05
2018-09-14 15:00:00,7.95514329958949e-05
2018-09-14 16:00:00,7.011896037007458e-05
2018-09-14 17:00:00,8.041777772191568e-05
2018-09-14 18:00:00,9.645816814043276e-05
2018-09-14 19:00:00,7.096517668811604e-05
2018-09-14 20:00:00,8.07187646407866e-05
2018-09-14 21:00:00,9.074166594195553e-05
2018-09-14 22:00:00,7.50955241989673e-05
2018-09-14 23:00:00,8.609463282841763e-05
2018-09-15 00:00:00,9.096921237724199e-05
2018-09-15 01:00:00,7.314968109153093e-05
2018-09-15 02:00:00,6.711615264346376e-05
2018-09-15 03:00:00,6.59067069413447e-05
2018-09-15 04:00:00,6.263089479312049e-05
2018-09-15 05:00:00,5.5614095152301924e-05
2018-09-15 07:00:00,4.595894616996387e-05
2018-09-15 08:00:00,3.716378217622748e-05
2018-09-15 09:00:00,7.42566872976777e-05
2018-09-15 10:00:00,5.847712684239732e-05
2018-09-15 11:00:00,8.218575890408463e-05
2018-09-15 12:00:00,8.361654763055738e-05
2018-09-15 13:00:00,6.699985814445247e-05
2018-09-15 14:00:00,8.53832245175214e-05
2018-09-15 15:00:00,8.3741326550829e-05
2018-09-15 16:00:00,7.250335442880229e-05
2018-09-15 17:00:00,5.836410349328638e-05
2018-09-15 18:00:00,5.840240466656007e-05
2018-09-15 19:00:00,7.19141943940556e-05
2018-09-15 20:00:00,6.940425713071286e-05
2018-09-15 21:00:00,4.399240274511193e-05
2018-09-15 22:00:00,8.460795940408699e-05
2018-09-15 23:00:00,6.745525355911375e-05
2018-09-16 00:00:00,5.1115159616121536e-05
2018-09-16 01:00:00,5.466695996332407e-05
2018-09-16 02:00:00,5.003687949185507e-05
2018-09-16 03:00:00,6.438941598092001e-05
2018-09-16 04:00:00,5.683102901592315e-05
2018-09-16 05:00:00,0.00016030005604545085
2018-09-16 06:00:00,8.916235130183582e-05
2018-09-16 07:00:00,6.105778315132335e-05
2018-09-16 08:00:00,6.21659780151091e-05
2018-09-16 09:00:00,7.536036951142066e-05
2018-09-16 10:00:00,7.680174275289737e-05
2018-09-16 11:00:00,6.930352177250191e-05
2018-09-16 12:00:00,6.605914440231564e-05
2018-09-16 13:00:00,7.296699723595282e-05
2018-09-16 14:00:00,9.167165363302766e-05
2018-09-16 15:00:00,7.022409880727165e-05
2018-09-16 16:00:00,8.741169613106975e-05
2018-09-16 17:00:00,9.467807908425813e-05
2018-09-16 18:00:00,9.353874757716682e-05
2018-09-16 19:00:00,7.27626801869972e-05
2018-09-16 20:00:00,6.204900100428276e-05
2018-09-16 21:00:00,8.158200426348764e-05
2018-09-16 22:00:00,7.017540138709087e-05
2018-09-16 23:00:00,6.057612884161481e-05
2018-09-17 00:00:00,7.191203797022703e-05
2018-09-17 01:00:00,5.9943629606617254e-05
2018-09-17 02:00:00,3.47767365452142e-05
2018-09-17 03:00:00,5.707148497481117e-05
2018-09-17 04:00:00,5.053767406654668e-05
2018-09-17 05:00:00,6.555858515983127e-05
2018-09-17 06:00:00,6.0596481836428016e-05
2018-09-17 07:00:00,5.901698952948482e-05
2018-09-17 08:00:00,4.948377701327828e-05
2018-09-17 09:00:00,6.906864066884892e-05
2018-09-17 10:00:00,0.00011340628278028742
2018-09-17 11:00:00,8.53137556471815e-05
2018-09-17 12:00:00,6.139430531687968e-05
2018-09-17 13:00:00,7.761474719808122e-05
2018-09-17 14:00:00,9.257667148587918e-05
2018-09-17 15:00:00,0.00013955068419146044
2018-09-17 16:00:00,0.00016971474546267757
2018-09-17 17:00:00,9.387537401674292e-05
2018-09-17 18:00:00,0.00010149007285297661
2018-09-17 19:00:00,8.931253501931179e-05
2018-09-17 20:00:00,9.436706067932894e-05
2018-09-17 21:00:00,0.00012262508031777152
2018-09-17 22:00:00,9.264491430046542e-05
2018-09-17 23:00:00,8.167940118975235e-05
2018-09-18 00:00:00,7.471022475239116e-05
2018-09-18 01:00:00,6.445936437749618e-05
2018-09-18 02:00:00,4.584473523470511e-05
2018-09-18 03:00:00,4.849793364920596e-05
2018-09-18 04:00:00,4.5698494790550784e-05
2018-09-18 05:00:00,6.153529528134309e-05
2018-09-18 06:00:00,5.4945561697541015e-05
2018-09-18 07:00:00,5.197803415863523e-05
2018-09-18 08:00:00,4.8278315537548903e-05
2018-09-18 09:00:00,7.547903211175833e-05
2018-09-18 10:00:00,6.830561680068043e-05
2018-09-18 11:00:00,7.701190421119612e-05
2018-09-18 12:00:00,7.490518287153407e-05
2018-09-18 13:00:00,0.00010568632346145301
2018-09-18 14:00:00,9.839765639338759e-05
2018-09-18 15:00:00,8.478732830366697e-05
2018-09-18 16:00:00,6.821558979317184e-05
2018-09-18 17:00:00,6.078430719452182e-05
2018-09-18 18:00:00,7.190564856906346e-05
2018-09-18 19:00:00,7.378510163452149e-05
2018-09-18 20:00:00,0.00017349317139945362
2018-09-18 21:00:00,7.061221191997447e-05
2018-09-18 22:00:00,8.983410023491987e-05
2018-09-18 23:00:00,9.614825159653452e-05
2018-09-19 00:00:00,6.85181668116499e-05
2018-09-19 01:00:00,5.5967183985608075e-05
2018-09-19 02:00:00,4.667147825307921e-05
2018-09-19 03:00:00,4.10093270962936e-05
2018-09-19 04:00:00,7.137715396616037e-05
2018-09-19 05:00:00,5.376511287574517e-05
2018-09-19 06:00:00,4.2342522233451195e-05
2018-09-19 07:00:00,3.940568531145261e-05
2018-09-19 08:00:00,5.097730074370162e-05
2018-09-19 09:00:00,3.2772291095674384e-05
2018-09-19 10:00:00,5.525912194062133e-05
2018-09-19 11:00:00,3.2520282009010904e-05
2018-09-19 12:00:00,7.510736115403465e-05
2018-09-19 13:00:00,7.13170381629023e-05
2018-09-19 14:00:00,6.6159754554057e-05
2018-09-19 15:00:00,7.446708093690238e-05
2018-09-19 16:00:00,4.735476917838512e-05
2018-09-19 17:00:00,5.198313934244813e-05
2018-09-19 18:00:00,6.028181825879916e-05
2018-09-19 19:00:00,0.00014433510551143273
2018-09-19 20:00:00,0.000271754262176579
2018-09-19 21:00:00,9.723162100713649e-05
2018-09-19 22:00:00,0.00011322084262099224
2018-09-19 23:00:00,9.965906428558543e-05
2018-09-20 00:00:00,6.567125345040697e-05
2018-09-20 01:00:00,6.45734386480863e-05
2018-09-20 02:00:00,9.344682867263942e-05
2018-09-20 03:00:00,8.754014946028163e-05
2018-09-20 04:00:00,6.43972799478905e-05
2018-09-20 05:00:00,5.962564026925503e-05
2018-09-20 06:00:00,4.542613756232691e-05
2018-09-20 07:00:00,5.909770488126307e-05
2018-09-20 08:00:00,5.226623844073009e-05
2018-09-20 09:00:00,6.217493133873768e-05
2018-09-20 10:00:00,4.5439698540913965e-05
2018-09-20 11:00:00,4.7388543183224766e-05
2018-09-20 12:00:00,8.272656153589539e-05
2018-09-20 13:00:00,6.830506075259472e-05
2018-09-20 14:00:00,7.626490993714455e-05
2018-09-20 15:00:00,4.708300653438511e-05
2018-09-20 16:00:00,4.5207117841395526e-05
2018-09-20 17:00:00,4.644962271693233e-05
2018-09-20 18:00:00,5.486426031473305e-05
2018-09-20 19:00:00,6.824231323433734e-05
2018-09-20 20:00:00,6.157605757944049e-05
2018-09-20 21:00:00,0.0001202608093037533
2018-09-20 22:00:00,0.00015372211300264865
2018-09-20 23:00:00,0.00016403123729981495
2018-09-21 00:00:00,0.00013185831644476985
2018-09-21 01:00:00,0.0001360534398621142
2018-09-21 02:00:00,7.806080653200669e-05
2018-09-21 03:00:00,9.438298762501148e-05
2018-09-21 04:00:00,8.281968946533942e-05
2018-09-21 05:00:00,6.75264311591371e-05
2018-09-21 06:00:00,7.790876628030623e-05
2018-09-21 07:00:00,5.8589592650234244e-05
2018-09-21 08:00:00,0.00011733765296534353
2018-09-21 09:00:00,0.0001647582024461699
2018-09-21 10:00:00,0.00019490936036354773
2018-09-21 11:00:00,9.647653809396438e-05
2018-09-21 12:00:00,0.00013953686827451625
2018-09-21 13:00:00,0.0001260204861864356
2018-09-21 14:00:00,0.0001481345088370244
2018-09-21 15:00:00,0.00015640315897748016
2018-09-21 16:00:00,0.00021996777279631813
2018-09-21 17:00:00,0.0002053942032591262
2018-09-21 18:00:00,0.00018620143759265145
2018-09-21 19:00:00,0.00011369629570703338
2018-09-21 20:00:00,0.00013385527831816384
2018-09-21 21:00:00,0.00014318867882941728
2018-09-21 22:00:00,0.00014487208359985793
2018-09-21 23:00:00,0.00011540616469502838
2018-09-22 00:00:00,0.00010567155353571107
2018-09-22 01:00:00,0.00015366341732213993
2018-09-22 02:00:00,0.00010187200295723052
2018-09-22 03:00:00,8.610936745577281e-05
2018-09-22 04:00:00,9.89975057759058e-05
2018-09-22 05:00:00,0.00014048923313396294
2018-09-22 06:00:00,0.00011271462469189689
2018-09-22 07:00:00,8.996072854754678e-05
2018-09-22 08:00:00,8.754244869157944e-05
2018-09-22 09:00:00,0.00014178789196307682
2018-09-22 10:00:00,0.00011394572887064749
2018-09-22 11:00:00,7.74611619799007e-05
2018-09-22 12:00:00,0.00010023633839361308
2018-09-22 13:00:00,9.650100089919466e-05
2018-09-22 14:00:00,0.00010198500129720883
2018-09-22 15:00:00,6.319387738970184e-05
2018-09-22 16:00:00,9.041445156527189e-05
2018-09-22 17:00:00,8.027198853837643e-05
2018-09-22 18:00:00,6.238832224639874e-05
2018-09-22 19:00:00,0.00013964366395629595
2018-09-22 20:00:00,7.049926797445529e-05
2018-09-22 21:00:00,8.47559813201719e-05
2018-09-22 22:00:00,8.163826791330356e-05
2018-09-22 23:00:00,4.851918190291161e-05
2018-09-23 00:00:00,4.060043695992749e-05
2018-09-23 01:00:00,6.752700017693483e-05
2018-09-23 02:00:00,5.325942410219027e-05
2018-09-23 03:00:00,2.6639685157525052e-05
2018-09-23 04:00:00,3.524410280027975e-05
2018-09-23 05:00:00,4.0135139282483016e-05
2018-09-23 06:00:00,4.181888608998509e-05
2018-09-23 07:00:00,4.4690983057287416e-05
2018-09-23 08:00:00,2.8983070445083462e-05
2018-09-23 09:00:00,5.105839816542903e-05
2018-09-23 10:00:00,0.00011705869164024699
2018-09-23 11:00:00,0.00011708104901803852
2018-09-23 12:00:00,7.639835419319403e-05
2018-09-23 13:00:00,9.739720335642296e-05
2018-09-23 14:00:00,5.569562563740055e-05
2018-09-23 15:00:00,0.00011161800135986296
2018-09-23 16:00:00,0.00012336189274617148
2018-09-23 17:00:00,0.00010046521417176766
2018-09-23 18:00:00,7.337307887390429e-05
2018-09-23 19:00:00,6.369457595097515e-05
2018-09-23 20:00:00,7.194455168399597e-05
2018-09-23 21:00:00,6.963541061465459e-05
2018-09-23 22:00:00,8.547208922146153e-05
2018-09-23 23:00:00,0.00010511522971356863
2018-09-24 00:00:00,6.726169976224909e-05
2018-09-24 01:00:00,6.313974253037737e-05
2018-09-24 02:00:00,5.643711803376923e-05
2018-09-24 03:00:00,4.141594506212617e-05
2018-09-24 04:00:00,4.0855381035631454e-05
2018-09-24 05:00:00,6.216872926117892e-05
2018-09-24 06:00:00,5.076838293089637e-05
2018-09-24 07:00:00,9.379294511797363e-05
2018-09-24 08:00:00,7.159895972526744e-05
2018-09-24 09:00:00,8.306663620440306e-05
2018-09-24 10:00:00,0.00015536415126380287
2018-09-24 11:00:00,8.051040713746343e-05
2018-09-24 12:00:00,8.226618316850954e-05
2018-09-24 13:00:00,9.387514779013911e-05
2018-09-24 14:00:00,6.599249231917367e-05
2018-09-24 15:00:00,5.6789052021104195e-05
2018-09-24 16:00:00,4.8809655003101006e-05
2018-09-24 17:00:00,5.387637298296291e-05
2018-09-24 18:00:00,7.188284995719452e-05
2018-09-24 19:00:00,6.40331739577813e-05
2018-09-24 20:00:00,5.065275868933177e-05
2018-09-24 21:00:00,7.584145491795336e-05
2018-09-24 22:00:00,7.814862944403396e-05
2018-09-24 23:00:00,0.00010638239196312884
2018-09-25 00:00:00,0.0001263680008028694
2018-09-25 01:00:00,0.0001522565131715486
2018-09-25 02:00:00,0.00016050331021926907
2018-09-25 03:00:00,0.0001118668925307435
2018-09-25 04:00:00,0.0001144961633524245
2018-09-25 05:00:00,8.591019153515039e-05
2018-09-25 06:00:00,5.3164914264710164e-05
2018-09-25 07:00:00,7.496812557998417e-05
2018-09-25 08:00:00,0.00010726482690935076
2018-09-25 09:00:00,9.62202241946691e-05
2018-09-25 10:00:00,7.614494222546369e-05
2018-09-25 11:00:00,6.63719818267103e-05
2018-09-25 12:00:00,7.639179159454445e-05
2018-09-25 13:00:00,9.161703118001189e-05
2018-09-25 14:00:00,9.7464254090448e-05
2018-09-25 15:00:00,8.87606549199577e-05
2018-09-25 16:00:00,0.00011431800734598928
2018-09-25 17:00:00,8.168864796190198e-05
2018-09-25 18:00:00,8.993317523870299e-05
2018-09-25 19:00:00,0.00013992915737778995
2018-09-25 20:00:00,9.611373390072764e-05
2018-09-25 21:00:00,0.00018509347023606149
2018-09-25 22:00:00,0.00017584719887728676
2018-09-25 23:00:00,0.00010182695935466802
2018-09-26 00:00:00,0.00012538010626324811
2018-09-26 01:00:00,7.119179246355275e-05
2018-09-26 02:00:00,6.310787017401661e-05
2018-09-26 03:00:00,4.869411857818073e-05
2018-09-26 04:00:00,5.686947695282745e-05
2018-09-26 05:00:00,3.4898654871896704e-05
2018-09-26 06:00:00,7.73791259059726e-05
2018-09-26 07:00:00,5.022435611250714e-05
2018-09-26 08:00:00,6.765918378403901e-05
2018-09-26 09:00:00,6.330785581237107e-05
2018-09-26 10:00:00,7.309625144325393e-05
2018-09-26 11:00:00,6.544936614392882e-05
2018-09-26 12:00:00,0.00010911598530397827
2018-09-26 13:00:00,8.72270299836225e-05
2018-09-26 14:00:00,6.585755421677848e-05
2018-09-26 15:00:00,6.246404453066585e-05
2018-09-26 16:00:00,9.551695586685909e-05
2018-09-26 17:00:00,8.552848599602151e-05
2018-09-26 18:00:00,6.380403038411668e-05
2018-09-26 19:00:00,4.805951653313465e-05
2018-09-26 20:00:00,5.212454499525387e-05
2018-09-26 21:00:00,3.4420114245295054e-05
2018-09-26 22:00:00,7.448031455934392e-05
2018-09-26 23:00:00,7.924768157681905e-05
2018-09-27 00:00:00,8.672273689356274e-05
2018-09-27 01:00:00,9.451932073182687e-05
2018-09-27 02:00:00,5.852925802392608e-05
2018-09-27 03:00:00,4.3257934557171115e-05
2018-09-27 04:00:00,3.3173679089754396e-05
2018-09-27 05:00:00,3.206076821782336e-05
2018-09-27 06:00:00,3.128037969772619e-05
2018-09-27 07:00:00,4.7067156327002174e-05
2018-09-27 08:00:00,5.323379878569441e-05
2018-09-27 09:00:00,6.191487729774505e-05
2018-09-27 10:00:00,6.204496290206309e-05
2018-09-27 11:00:00,6.068112121405715e-05
2018-09-27 12:00:00,6.06537450249912e-05
2018-09-27 13:00:00,6.262767445609732e-05
2018-09-27 14:00:00,7.860019501691775e-05
2018-09-27 15:00:00,5.633884287647542e-05
2018-09-27 16:00:00,5.5288545099540914e-05
2018-09-27 17:00:00,4.224416730143687e-05
2018-09-27 18:00:00,4.035720744602844e-05
2018-09-27 19:00:00,4.31107699947714e-05
2018-09-27 20:00:00,0.00012053581909322601
2018-09-27 21:00:00,0.00015061744739678582
2018-09-27 22:00:00,9.807332672753639e-05
2018-09-27 23:00:00,0.00010387329906722785
2018-09-28 00:00:00,8.634383247116199e-05
2018-09-28 01:00:00,6.539212134935523e-05
2018-09-28 02:00:00,4.627371058531205e-05
2018-09-28 03:00:00,6.498072011494375e-05
2018-09-28 04:00:00,4.032940805268442e-05
2018-09-28 05:00:00,3.2568532890761456e-05
2018-09-28 06:00:00,2.77988417726707e-05
2018-09-28 07:00:00,6.19011469057155e-05
2018-09-28 08:00:00,8.735656674963897e-05
2018-09-28 09:00:00,7.095500816791612e-05
2018-09-28 10:00:00,0.00014691880919330877
2018-09-28 11:00:00,7.683652541568831e-05
2018-09-28 12:00:00,8.882363644672143e-05
2018-09-28 13:00:00,9.433951371907194e-05
2018-09-28 14:00:00,9.238408552496061e-05
2018-09-28 15:00:00,9.208927779843322e-05
2018-09-28 16:00:00,8.27652466314744e-05
2018-09-28 17:00:00,6.0207850070764805e-05
2018-09-28 18:00:00,6.468517918820699e-05
2018-09-28 19:00:00,4.690914162630488e-05
2018-09-28 20:00:00,0.00015567190457540665
2018-09-28 21:00:00,7.928033653040021e-05
2018-09-28 22:00:00,7.075701672811777e-05
2018-09-28 23:00:00,6.0449857555015555e-05
2018-09-29 00:00:00,5.004249643440673e-05
2018-09-29 01:00:00,5.207574666941443e-05
2018-09-29 02:00:00,9.285082829244499e-05
2018-09-29 03:00:00,7.785367320597903e-05
2018-09-29 04:00:00,6.885243315989554e-05
2018-09-29 05:00:00,7.822343026144187e-05
2018-09-29 06:00:00,5.185966406156043e-05
2018-09-29 07:00:00,7.232990539216375e-05
2018-09-29 09:00:00,8.024427895489397e-05
2018-09-29 10:00:00,7.863580810238055e-05
2018-09-29 11:00:00,9.461474917503104e-05
2018-09-29 12:00:00,9.732961399136977e-05
2018-09-29 13:00:00,9.632172624308423e-05
2018-09-29 14:00:00,0.0001061211593461938
2018-09-29 15:00:00,9.49514933399906e-05
2018-09-29 16:00:00,0.00011358070022868003
2018-09-29 17:00:00,8.252762649196225e-05
2018-09-29 18:00:00,8.226943993267215e-05
2018-09-29 19:00:00,6.536445021135418e-05
2018-09-29 20:00:00,6.665732323618262e-05
2018-09-29 21:00:00,0.00011508271152159958
2018-09-29 22:00:00,0.00011055649064986965
2018-09-29 23:00:00,8.663104789364638e-05
2018-09-30 00:00:00,0.00012451382410189003
2018-09-30 01:00:00,0.0001219905093141423
2018-09-30 02:00:00,0.00011606001951148059
2018-09-30 03:00:00,6.188868967324881e-05
2018-09-30 04:00:00,4.926071692392865e-05
2018-09-30 05:00:00,3.2769466571329685e-05
2018-09-30 06:00:00,3.152645254546968e-05
2018-09-30 07:00:00,2.5427563406967973e-05
2018-09-30 08:00:00,3.612108538951879e-05
2018-09-30 09:00:00,3.867199902447597e-05
2018-09-30 10:00:00,4.614467493697528e-05
2018-09-30 11:00:00,7.809480716612929e-05
2018-09-30 12:00:00,5.5436769891436616e-05
2018-09-30 13:00:00,6.515856548672253e-05
2018-09-30 14:00:00,3.865458806780818e-05
2018-09-30 15:00:00,4.4966813419799415e-05
2018-09-30 16:00:00,5.5033467828849736e-05
2018-09-30 17:00:00,5.42608335949085e-05
2018-09-30 18:00:00,5.593800731738713e-05
2018-09-30 19:00:00,4.3285927390790155e-05
2018-09-30 20:00:00,5.162137854053283e-05
2018-09-30 21:00:00,8.34177013031241e-05
