datetime,EWMA
2018-07-03 23:00:00,0.00015399109956689737
2018-07-04 00:00:00,0.00016307138696280702
2018-07-04 01:00:00,0.0001761190413675497
2018-07-04 02:00:00,0.000202890160385052
2018-07-04 03:00:00,0.00019879188157595365
2018-07-04 04:00:00,0.00021049907974143023
2018-07-04 05:00:00,0.00021991190405678895
2018-07-04 06:00:00,0.00019362110752736196
2018-07-04 07:00:00,0.00017446426905682293
2018-07-04 08:00:00,0.00015428138411856552
2018-07-04 09:00:00,0.00016036474771802682
2018-07-04 10:00:00,0.00015650006364529968
2018-07-04 11:00:00,0.00016912635043502022
2018-07-04 12:00:00,0.00018051823871073378
2018-07-04 13:00:00,0.0001995512058202335
2018-07-04 14:00:00,0.00028478591046482324
2018-07-04 15:00:00,0.0002991694698791354
2018-07-04 16:00:00,0.0003056052079119945
2018-07-04 17:00:00,0.00028724574265291875
2018-07-04 18:00:00,0.00028376611607034525
2018-07-04 19:00:00,0.0002778873508009743
2018-07-04 20:00:00,0.00017581858690295294
2018-07-04 21:00:00,0.0001375289579701024
2018-07-04 22:00:00,0.00014239539139827994
2018-07-04 23:00:00,0.00016667623922233767
2018-07-05 00:00:00,0.00018639485066566862
2018-07-05 01:00:00,0.0002104917479346749
2018-07-05 02:00:00,0.00024040083704316104
2018-07-05 03:00:00,0.0002687375664856683
2018-07-05 04:00:00,0.00027132196949819845
2018-07-05 06:00:00,0.0002487104366779259
2018-07-05 07:00:00,0.0002347465823440211
2018-07-05 08:00:00,0.0002067142920329067
2018-07-05 09:00:00,0.00016705567263182198
2018-07-05 10:00:00,0.00017095228237875527
2018-07-05 11:00:00,0.00017420859491231488
2018-07-05 12:00:00,0.00017637681380236142
2018-07-05 13:00:00,0.00018458721470986547
2018-07-05 14:00:00,0.00018988953740430945
2018-07-05 15:00:00,0.00021350660813715904
2018-07-05 16:00:00,0.0002008530741920855
2018-07-05 17:00:00,0.00019015539357144674
2018-07-05 18:00:00,0.00018251638819893128
2018-07-05 19:00:00,0.00019257762061596626
2018-07-05 20:00:00,0.00017815137903391838
2018-07-05 21:00:00,0.00015953563602749864
2018-07-05 22:00:00,0.00015859061936244969
2018-07-05 23:00:00,0.00017147690631998173
2018-07-06 00:00:00,0.00017295018746954903
2018-07-06 01:00:00,0.0001421690216890545
2018-07-06 02:00:00,0.00013156773151296606
2018-07-06 03:00:00,0.00012315047151785098
2018-07-06 04:00:00,0.00010086630794820584
2018-07-06 05:00:00,0.00010102153671855469
2018-07-06 06:00:00,9.500125740001436e-05
2018-07-06 07:00:00,0.0001076029433352379
2018-07-06 08:00:00,0.00014078724770359504
2018-07-06 09:00:00,0.00016111961995322766
2018-07-06 10:00:00,0.00017314781696777385
2018-07-06 11:00:00,0.00016413654490005924
2018-07-06 12:00:00,0.00018420848376558198
2018-07-06 13:00:00,0.00021036181758602774
2018-07-06 14:00:00,0.00019647542588044405
2018-07-06 15:00:00,0.00018452107983934425
2018-07-06 16:00:00,0.00018763912629659417
2018-07-06 17:00:00,0.00018505685360176134
2018-07-06 18:00:00,0.00018938423941929495
2018-07-06 19:00:00,0.00015054258886846434
2018-07-06 20:00:00,0.00012278993569972137
2018-07-06 21:00:00,0.00013030781792211697
2018-07-06 22:00:00,0.0001387526314972451
2018-07-06 23:00:00,0.00015740176586039105
2018-07-07 00:00:00,0.00013807667036762884
2018-07-07 01:00:00,0.00011629581794252011
2018-07-07 02:00:00,0.00012551459177967837
2018-07-07 03:00:00,0.0001159270017043007
2018-07-07 04:00:00,0.00010292056062160076
2018-07-07 05:00:00,8.251696542686238e-05
2018-07-07 06:00:00,7.149226489038243e-05
2018-07-07 07:00:00,6.369666283846865e-05
2018-07-07 08:00:00,5.9158306067739104e-05
2018-07-07 09:00:00,5.03843543425358e-05
2018-07-07 10:00:00,4.6945658181888953e-05
2018-07-07 11:00:00,4.578911406174218e-05
2018-07-07 12:00:00,4.630411182795578e-05
2018-07-07 13:00:00,6.631314937755416e-05
2018-07-07 14:00:00,8.947958505877255e-05
2018-07-07 15:00:00,0.00010153549324186117
2018-07-07 16:00:00,0.00011131820726466929
2018-07-07 17:00:00,0.0001119054292821244
2018-07-07 18:00:00,0.00011992329643784977
2018-07-07 19:00:00,0.00010219431116086323
2018-07-07 20:00:00,7.667139281123989e-05
2018-07-07 21:00:00,7.02874290844144e-05
2018-07-07 22:00:00,6.506011963604843e-05
2018-07-07 23:00:00,8.174851659716619e-05
2018-07-08 00:00:00,0.00018958553757310952
2018-07-08 01:00:00,0.00024632520900887947
2018-07-08 02:00:00,0.00027560029268133623
2018-07-08 03:00:00,0.00030306813141500364
2018-07-08 04:00:00,0.0003265557143365005
2018-07-08 05:00:00,0.00032057774103919507
2018-07-08 06:00:00,0.00018758723320313152
2018-07-08 07:00:00,0.00013295784902961322
2018-07-08 08:00:00,0.00011079420483560827
2018-07-08 09:00:00,9.006937872196305e-05
2018-07-08 10:00:00,8.759521374507672e-05
2018-07-08 11:00:00,9.943796546588931e-05
2018-07-08 12:00:00,8.944815343772513e-05
2018-07-08 13:00:00,9.228466607299625e-05
2018-07-08 14:00:00,9.97289352405127e-05
2018-07-08 15:00:00,0.00012534588369532732
2018-07-08 16:00:00,0.00012205160779029521
2018-07-08 17:00:00,0.00011482553299235194
2018-07-08 18:00:00,0.0001160752306576578
2018-07-08 19:00:00,0.00010266702962751128
2018-07-08 20:00:00,8.797364164510202e-05
2018-07-08 21:00:00,4.179932804350731e-05
2018-07-08 22:00:00,3.013499602504711e-05
2018-07-08 23:00:00,2.6256003749830742e-05
2018-07-09 00:00:00,5.0758272296169185e-05
2018-07-09 01:00:00,6.29504943369861e-05
2018-07-09 02:00:00,7.345617213227661e-05
2018-07-09 03:00:00,7.970188650836348e-05
2018-07-09 04:00:00,8.560695886132333e-05
2018-07-09 05:00:00,9.94911668086372e-05
2018-07-09 06:00:00,7.072337721553055e-05
2018-07-09 07:00:00,7.003945868593697e-05
2018-07-09 08:00:00,6.956479007363786e-05
2018-07-09 09:00:00,7.710574098615064e-05
2018-07-09 10:00:00,9.076231928068033e-05
2018-07-09 11:00:00,7.604221769501825e-05
2018-07-09 12:00:00,9.099879006328367e-05
2018-07-09 13:00:00,9.100990778806157e-05
2018-07-09 15:00:00,9.083609002528038e-05
2018-07-09 16:00:00,8.652739553183575e-05
2018-07-09 17:00:00,9.666786656349437e-05
2018-07-09 18:00:00,0.00011703467574858127
2018-07-09 19:00:00,0.0001130581184788789
2018-07-09 20:00:00,0.0001034620023811477
2018-07-09 21:00:00,0.00010147323009935519
2018-07-09 22:00:00,0.00010289199032611495
2018-07-09 23:00:00,0.00010870021899095184
2018-07-10 00:00:00,0.00014547189016808097
2018-07-10 01:00:00,0.0001635549008995418
2018-07-10 02:00:00,0.00017776972804966131
2018-07-10 03:00:00,0.00019901017205874953
2018-07-10 04:00:00,0.00021669217215926007
2018-07-10 05:00:00,0.0001839365957201196
2018-07-10 06:00:00,0.00011858061997092362
2018-07-10 07:00:00,0.0001567932420175186
2018-07-10 08:00:00,0.00016544258166064366
2018-07-10 09:00:00,0.00017092065198606477
2018-07-10 10:00:00,0.00022582110241608176
2018-07-10 11:00:00,0.00025830664204202103
2018-07-10 12:00:00,0.00032456806552129283
2018-07-10 13:00:00,0.0002922379735960378
2018-07-10 14:00:00,0.00030673325353259884
2018-07-10 15:00:00,0.00030025433764334293
2018-07-10 16:00:00,0.00022555753140299735
2018-07-10 17:00:00,0.00020419192919357934
2018-07-10 18:00:00,0.00013624316273715841
2018-07-10 19:00:00,9.714510655561327e-05
2018-07-10 20:00:00,7.529551933819107e-05
2018-07-10 21:00:00,6.731506143720866e-05
2018-07-10 22:00:00,8.072995553555574e-05
2018-07-11 00:00:00,8.386408861103836e-05
2018-07-11 01:00:00,0.000118663585581362
2018-07-11 02:00:00,0.0001310210871661151
2018-07-11 03:00:00,0.00014877747240720393
2018-07-11 04:00:00,0.0001559172802993346
2018-07-11 05:00:00,0.0001542012113296722
2018-07-11 06:00:00,0.00015076630678327363
2018-07-11 07:00:00,0.00011308895048827543
2018-07-11 08:00:00,0.00011853694105383098
2018-07-11 09:00:00,0.00011467603571204244
2018-07-11 10:00:00,0.00012691944687362244
2018-07-11 12:00:00,0.00012654004661115888
2018-07-11 13:00:00,0.00012418670005428847
2018-07-11 14:00:00,0.00011457527604309338
2018-07-11 15:00:00,0.00010879122278330021
2018-07-11 16:00:00,0.00010296152644856461
2018-07-11 17:00:00,9.306019988152865e-05
2018-07-11 18:00:00,9.18600388895777e-05
2018-07-11 19:00:00,8.679227281835193e-05
2018-07-11 20:00:00,8.819540411664913e-05
2018-07-11 21:00:00,8.902681394161624e-05
2018-07-11 22:00:00,0.0001036006689088528
2018-07-11 23:00:00,0.00010933723192193734
2018-07-12 00:00:00,0.00010612046283716823
2018-07-12 01:00:00,0.0001043789029622295
2018-07-12 02:00:00,9.674310963946814e-05
2018-07-12 03:00:00,0.00010387478201180881
2018-07-12 04:00:00,8.973386118801595e-05
2018-07-12 05:00:00,7.219325189629906e-05
2018-07-12 06:00:00,7.369934342668278e-05
2018-07-12 07:00:00,0.00011548905909664807
2018-07-12 08:00:00,0.00015200088874187445
2018-07-12 09:00:00,0.00021621344908547823
2018-07-12 10:00:00,0.00024186675416342697
2018-07-12 11:00:00,0.00026454909382795424
2018-07-12 12:00:00,0.0002841064017549658
2018-07-12 13:00:00,0.00023731691869671078
2018-07-12 14:00:00,0.00019172154004246954
2018-07-12 15:00:00,9.552138019269213e-05
2018-07-12 16:00:00,8.349735507978089e-05
2018-07-12 17:00:00,8.061228777995676e-05
2018-07-12 18:00:00,6.869788642400746e-05
2018-07-12 19:00:00,6.077296388173209e-05
2018-07-12 20:00:00,6.421245579980744e-05
2018-07-12 21:00:00,6.548277502837273e-05
2018-07-12 22:00:00,6.62225091670806e-05
2018-07-12 23:00:00,7.805596651037615e-05
2018-07-13 00:00:00,0.00013353364096056758
2018-07-13 01:00:00,0.00017665153716061354
2018-07-13 02:00:00,0.00018250452824702108
2018-07-13 03:00:00,0.00019663342666226312
2018-07-13 04:00:00,0.00020349278386474725
2018-07-13 05:00:00,0.00019608941611890763
2018-07-13 06:00:00,0.00012819601036746417
2018-07-13 07:00:00,8.732103957859324e-05
2018-07-13 08:00:00,9.256661631086022e-05
2018-07-13 09:00:00,9.402123236904364e-05
2018-07-13 10:00:00,8.554702222222482e-05
2018-07-13 11:00:00,7.491357150791989e-05
2018-07-13 12:00:00,6.962496436888249e-05
2018-07-13 13:00:00,8.018955571343489e-05
2018-07-13 14:00:00,8.564194009265363e-05
2018-07-13 15:00:00,7.865393079642571e-05
2018-07-13 16:00:00,8.101721589132347e-05
2018-07-13 17:00:00,8.435166238799282e-05
2018-07-13 18:00:00,8.720982386841149e-05
2018-07-13 19:00:00,9.258034812051008e-05
2018-07-13 20:00:00,0.00011952424397668044
2018-07-13 21:00:00,0.00015413795390454188
2018-07-13 22:00:00,0.00018116515957537175
2018-07-13 23:00:00,0.0001950869658311525
2018-07-14 00:00:00,0.00021153386009216833
2018-07-14 01:00:00,0.0002052508242461572
2018-07-14 02:00:00,0.00017289639180825874
2018-07-14 03:00:00,0.0001253375506702885
2018-07-14 04:00:00,9.90094300436538e-05
2018-07-14 05:00:00,9.423733303595225e-05
2018-07-14 06:00:00,8.810724946951367e-05
2018-07-14 07:00:00,6.988981273172324e-05
2018-07-14 08:00:00,5.804262966245032e-05
2018-07-14 09:00:00,5.481545549240871e-05
2018-07-14 10:00:00,5.335841530629788e-05
2018-07-14 11:00:00,6.0351232958538594e-05
2018-07-14 12:00:00,6.1013075957334505e-05
2018-07-14 13:00:00,6.191288878242984e-05
2018-07-14 14:00:00,6.265426019967702e-05
2018-07-14 15:00:00,6.81817017053575e-05
2018-07-14 16:00:00,6.218192258314147e-05
2018-07-14 17:00:00,5.452670499568458e-05
2018-07-14 18:00:00,4.785170128761182e-05
2018-07-14 19:00:00,4.698841352926858e-05
2018-07-14 20:00:00,5.348435922227276e-05
2018-07-14 21:00:00,6.417602852076209e-05
2018-07-14 22:00:00,7.738015793920288e-05
2018-07-14 23:00:00,7.742873334883418e-05
2018-07-15 00:00:00,8.144645990908277e-05
2018-07-15 01:00:00,8.234707222505251e-05
2018-07-15 02:00:00,8.165845802607098e-05
2018-07-15 03:00:00,7.265379717037616e-05
2018-07-15 04:00:00,5.72913577859198e-05
2018-07-15 05:00:00,5.9813567028789514e-05
2018-07-15 06:00:00,6.241553294225549e-05
2018-07-15 07:00:00,6.663834017656253e-05
2018-07-15 08:00:00,6.42738312672672e-05
2018-07-15 09:00:00,9.849891575261006e-05
2018-07-15 10:00:00,0.00010836611933655351
2018-07-15 11:00:00,0.0001226337545164221
2018-07-15 12:00:00,0.00013262718579765446
2018-07-15 13:00:00,0.0001323612688324559
2018-07-15 14:00:00,0.00013741436500907465
2018-07-15 15:00:00,9.24155555040998e-05
2018-07-16 08:00:00,8.774380978155521e-05
2018-07-16 09:00:00,7.849865649485127e-05
2018-07-16 10:00:00,0.0001779965372826363
2018-07-16 11:00:00,0.0002050742915365199
2018-07-16 12:00:00,0.00027684827032022937
2018-07-16 13:00:00,0.0003094355112809032
2018-07-16 14:00:00,0.0003368913219473371
2018-07-16 15:00:00,0.0003508979049271044
2018-07-16 16:00:00,0.00023699289553853268
2018-07-16 17:00:00,0.00022382329750328855
2018-07-16 18:00:00,0.00019315247683238996
2018-07-16 19:00:00,0.0001835710196634002
2018-07-16 20:00:00,0.0001749374452137516
2018-07-16 21:00:00,0.00016659771112055363
2018-07-16 22:00:00,0.00015348214384695082
2018-07-16 23:00:00,0.00015965633163209732
2018-07-17 00:00:00,0.00013581938135498662
2018-07-17 01:00:00,0.0001400471706502202
2018-07-17 02:00:00,0.00014885879197788229
2018-07-17 03:00:00,0.00014989658423464396
2018-07-17 04:00:00,0.0001522078374953975
2018-07-17 05:00:00,0.00014617804245836797
2018-07-17 06:00:00,0.00011048861695742588
2018-07-17 07:00:00,0.0001066991918673622
2018-07-17 08:00:00,0.00010069790940390936
2018-07-17 09:00:00,0.00010706540733579002
2018-07-17 10:00:00,0.00011111628673080751
2018-07-17 11:00:00,0.00010184924653403739
2018-07-17 12:00:00,8.647829510994914e-05
2018-07-17 13:00:00,8.267654099246773e-05
2018-07-17 14:00:00,8.734989363626115e-05
2018-07-17 15:00:00,9.133728996094772e-05
2018-07-17 16:00:00,9.939316193776093e-05
2018-07-17 17:00:00,0.00011606757919036858
2018-07-17 18:00:00,0.0008474726026151601
2018-07-17 19:00:00,0.001162241264766304
2018-07-17 21:00:00,0.0012432007890335172
2018-07-17 22:00:00,0.0013411713979107752
2018-07-17 23:00:00,0.0014448498517131557
2018-07-18 00:00:00,0.0015258884729570953
2018-07-18 01:00:00,0.0005845423307359606
2018-07-18 02:00:00,0.00022310625110848984
2018-07-18 03:00:00,0.0002410098193886004
2018-07-18 04:00:00,0.0002913524733667588
2018-07-18 05:00:00,0.00024795934333317484
2018-07-18 06:00:00,0.0002501142641983931
2018-07-18 07:00:00,0.0002608069847230998
2018-07-18 08:00:00,0.00029411023471795844
2018-07-18 09:00:00,0.00030597837113507297
2018-07-18 10:00:00,0.0001831469685862516
2018-07-18 11:00:00,0.00018709224036667142
2018-07-18 12:00:00,0.00019387374744666368
2018-07-18 13:00:00,0.00020007192427392133
2018-07-18 14:00:00,0.00018981374792435759
2018-07-18 15:00:00,0.0001583074137153377
2018-07-18 16:00:00,0.00015946091983025035
2018-07-18 17:00:00,0.00014535022685186198
2018-07-18 18:00:00,0.0001614714193634359
2018-07-18 19:00:00,0.00023213754219731148
2018-07-18 20:00:00,0.00024863377674720096
2018-07-18 21:00:00,0.00029293912930344245
2018-07-18 22:00:00,0.0003486577202641211
2018-07-18 23:00:00,0.0004291694493874242
2018-07-19 00:00:00,0.0004296064945370861
2018-07-19 01:00:00,0.00035475650506909507
2018-07-19 02:00:00,0.0003523382231304702
2018-07-19 03:00:00,0.0002713190078968315
2018-07-19 04:00:00,0.00020722579306748452
2018-07-19 05:00:00,0.00013076853374171195
2018-07-19 06:00:00,0.00010806752881943869
2018-07-19 07:00:00,9.063945972150851e-05
2018-07-19 08:00:00,7.867758587637956e-05
2018-07-19 09:00:00,7.38756949932066e-05
2018-07-19 10:00:00,9.962794675648792e-05
2018-07-19 11:00:00,0.00010974294245698365
2018-07-19 12:00:00,0.00014861415285473815
2018-07-19 13:00:00,0.00016640136820266884
2018-07-19 14:00:00,0.00018571937023513036
2018-07-19 15:00:00,0.0001975022301841013
2018-07-19 16:00:00,0.0001945494083654511
2018-07-19 17:00:00,0.0002059363066095171
2018-07-19 18:00:00,0.00017597135511569342
2018-07-19 19:00:00,0.00016553669656127967
2018-07-19 20:00:00,0.0001455929101527174
2018-07-19 21:00:00,0.0001581677328688246
2018-07-19 22:00:00,0.0001453956148683303
2018-07-19 23:00:00,0.0001734487939959646
2018-07-20 00:00:00,0.00017595383945021476
2018-07-20 02:00:00,0.00019768946249147797
2018-07-20 03:00:00,0.00019440155367778903
2018-07-20 04:00:00,0.0001674003115353685
2018-07-20 05:00:00,0.00015181114597166703
2018-07-20 06:00:00,8.559116331851343e-05
2018-07-20 07:00:00,0.00010096627432097655
2018-07-20 08:00:00,9.120321815970107e-05
2018-07-20 09:00:00,0.00010854032969511337
2018-07-20 10:00:00,0.00011550562284470749
2018-07-20 11:00:00,0.00011946387163079198
2018-07-20 12:00:00,0.00012388954604731855
2018-07-20 13:00:00,9.029781545481608e-05
2018-07-20 14:00:00,7.775352314729015e-05
2018-07-20 15:00:00,6.326795290739046e-05
2018-07-20 16:00:00,6.656283741965444e-05
2018-07-20 17:00:00,0.00019088220509555406
2018-07-20 18:00:00,0.0002931418164674797
2018-07-20 19:00:00,0.0003235613852217406
2018-07-20 20:00:00,0.0003470606367792153
2018-07-20 21:00:00,0.00036785790551288464
2018-07-20 22:00:00,0.0003948924740223759
2018-07-20 23:00:00,0.00027031404172926795
2018-07-21 00:00:00,0.00015568169917593066
2018-07-21 01:00:00,0.00017559066766431597
2018-07-21 02:00:00,0.00018201528896812555
2018-07-21 03:00:00,0.00019495943054585456
2018-07-21 04:00:00,0.00018697198476038272
2018-07-21 05:00:00,0.00016123029834911543
2018-07-21 06:00:00,0.00015523546139466668
2018-07-21 07:00:00,0.0001087012453450643
2018-07-21 08:00:00,0.00010225970011900594
2018-07-21 09:00:00,8.953578760935948e-05
2018-07-21 10:00:00,8.803995162362624e-05
2018-07-21 11:00:00,0.0001052529444122325
2018-07-21 12:00:00,0.00010566495778301637
2018-07-21 13:00:00,0.00010141935977484431
2018-07-21 14:00:00,9.73148694159434e-05
2018-07-21 15:00:00,9.397966753760647e-05
2018-07-21 16:00:00,9.787601856638439e-05
2018-07-21 17:00:00,7.9090530760661e-05
2018-07-21 18:00:00,7.567543297826222e-05
2018-07-21 19:00:00,7.508338933730958e-05
2018-07-21 20:00:00,7.292574108991284e-05
2018-07-21 21:00:00,7.721742975148492e-05
2018-07-21 22:00:00,7.135491650430658e-05
2018-07-21 23:00:00,6.836242111013624e-05
2018-07-22 00:00:00,6.296179307592196e-05
2018-07-22 01:00:00,7.554868775562783e-05
2018-07-22 02:00:00,7.920678444339085e-05
2018-07-22 03:00:00,8.81861728224603e-05
2018-07-22 04:00:00,9.754203295550675e-05
2018-07-22 05:00:00,0.00010582147706699335
2018-07-22 06:00:00,0.00011138546978145708
2018-07-22 07:00:00,0.00010713348586254382
2018-07-22 08:00:00,0.00011180683834791106
2018-07-22 09:00:00,0.00011550663165307751
2018-07-22 10:00:00,0.0001118333603028864
2018-07-22 11:00:00,0.00011329016479312308
2018-07-22 12:00:00,0.0001192092768054809
2018-07-22 13:00:00,0.00011223447078958357
2018-07-22 14:00:00,0.00010816525833275432
2018-07-22 15:00:00,0.00011036200276370848
2018-07-22 16:00:00,0.00013283676210662374
2018-07-22 17:00:00,0.00013656765832402188
2018-07-22 18:00:00,0.00013593540633312297
2018-07-22 19:00:00,0.00013132538301007256
2018-07-22 20:00:00,0.0001286272323553425
2018-07-22 21:00:00,0.00010994875646293473
2018-07-22 22:00:00,0.00018833013291588428
2018-07-22 23:00:00,0.00019927977945334425
2018-07-23 00:00:00,0.00020371257678105325
2018-07-23 01:00:00,0.0002311661418730869
2018-07-23 02:00:00,0.00024918075905033685
2018-07-23 03:00:00,0.00038334733720361955
2018-07-23 04:00:00,0.0002454533627367293
2018-07-23 05:00:00,0.00024092194751664477
2018-07-23 06:00:00,0.0002525036773376533
2018-07-23 07:00:00,0.0002510047880266158
2018-07-23 08:00:00,0.0003030633773175286
2018-07-23 09:00:00,0.00014944608367574005
2018-07-23 10:00:00,0.00015312434726743956
2018-07-23 11:00:00,0.00013777652611287702
2018-07-23 12:00:00,0.00014208990815616285
2018-07-23 13:00:00,0.00013692678527616083
2018-07-23 14:00:00,7.567098136424173e-05
2018-07-23 15:00:00,6.530122217865833e-05
2018-07-23 16:00:00,6.671683686865505e-05
2018-07-23 17:00:00,7.678136715195324e-05
2018-07-23 18:00:00,8.50270670806013e-05
2018-07-23 19:00:00,0.00016316423185147366
2018-07-23 20:00:00,0.000180875982533814
2018-07-23 21:00:00,0.000195393423861628
2018-07-23 22:00:00,0.00021882903028168582
2018-07-23 23:00:00,0.00022441707065873467
2018-07-24 00:00:00,0.00023151392752057993
2018-07-24 01:00:00,0.00013502341655166733
2018-07-24 02:00:00,0.00011525024410659278
2018-07-24 03:00:00,0.00010797661369678605
2018-07-24 04:00:00,8.834637376422921e-05
2018-07-24 05:00:00,0.00011800179184940926
2018-07-24 06:00:00,0.0001745535395254526
2018-07-24 07:00:00,0.00018649092909421046
2018-07-24 08:00:00,0.00020307337742539255
2018-07-24 09:00:00,0.000216551707154474
2018-07-24 10:00:00,0.00022409892340627069
2018-07-24 11:00:00,0.0002211884374532916
2018-07-24 12:00:00,0.00018496929253863557
2018-07-24 13:00:00,0.0002642649138701113
2018-07-24 14:00:00,0.0002911817970560684
2018-07-24 15:00:00,0.00032255241382688735
2018-07-24 16:00:00,0.0003487170430326525
2018-07-24 17:00:00,0.0002992909542549134
2018-07-24 18:00:00,0.00026053009059914546
2018-07-24 19:00:00,0.0001594694876478416
2018-07-24 20:00:00,0.00014420506696379001
2018-07-24 21:00:00,0.00012892471790149285
2018-07-24 22:00:00,0.00015051326600691432
2018-07-25 00:00:00,0.00018004593537559053
2018-07-25 01:00:00,0.00018384502534233787
2018-07-25 02:00:00,0.00018705976278926735
2018-07-25 03:00:00,0.00020017596210675998
2018-07-25 04:00:00,0.00020463429827008182
2018-07-25 05:00:00,0.00017031258147984097
2018-07-25 06:00:00,0.00015985059746034493
2018-07-25 07:00:00,0.00015146398011934008
2018-07-25 08:00:00,0.00016455550182041737
2018-07-25 09:00:00,0.00015006246530260167
2018-07-25 10:00:00,0.0001456333373639217
2018-07-25 11:00:00,0.00016005074784255762
2018-07-25 12:00:00,0.00015831605224209802
2018-07-25 13:00:00,0.00013286276800047404
2018-07-25 14:00:00,0.00013099109008388722
2018-07-25 15:00:00,0.00010964128441616139
2018-07-25 16:00:00,0.00013733681206410956
2018-07-25 17:00:00,0.00012193516978695306
2018-07-25 18:00:00,0.00011149565661300857
2018-07-25 19:00:00,0.00011105445971692552
2018-07-25 20:00:00,0.00010424185382333333
2018-07-25 21:00:00,0.00011388059529542365
2018-07-25 22:00:00,8.531605607032203e-05
2018-07-25 23:00:00,9.020192756204136e-05
2018-07-26 00:00:00,0.00012074888282581277
2018-07-26 01:00:00,0.00013781340479292352
2018-07-26 02:00:00,0.00013843947253109723
2018-07-26 03:00:00,0.00014055659603069717
2018-07-26 04:00:00,0.00011080313845866061
2018-07-26 05:00:00,9.928101843724751e-05
2018-07-26 06:00:00,6.098303537850136e-05
2018-07-26 07:00:00,4.796517985021126e-05
2018-07-26 08:00:00,5.3670092429965455e-05
2018-07-26 09:00:00,6.609900824497578e-05
2018-07-26 10:00:00,6.433215769850719e-05
2018-07-26 11:00:00,7.071536827344724e-05
2018-07-26 12:00:00,7.904256175697855e-05
2018-07-26 13:00:00,7.857082335472091e-05
2018-07-26 14:00:00,7.267675438011352e-05
2018-07-26 15:00:00,4.904197486982806e-05
2018-07-26 16:00:00,4.974281694579128e-05
2018-07-26 17:00:00,4.4612771416322746e-05
2018-07-26 18:00:00,3.93047150038922e-05
2018-07-26 19:00:00,3.054219531541747e-05
2018-07-26 20:00:00,2.5703794479824974e-05
2018-07-26 21:00:00,6.817138615833038e-05
2018-07-26 22:00:00,0.00020141131012013495
2018-07-26 23:00:00,0.00024452253656595367
2018-07-27 00:00:00,0.0002904234619462358
2018-07-27 01:00:00,0.00031247157812720196
2018-07-27 02:00:00,0.0003398983837980981
2018-07-27 03:00:00,0.00029754230012145317
2018-07-27 04:00:00,0.0001308298073884198
2018-07-27 05:00:00,9.172619248045625e-05
2018-07-27 06:00:00,4.865303786691862e-05
2018-07-27 07:00:00,4.768862957777693e-05
2018-07-27 08:00:00,3.572549978571289e-05
2018-07-27 09:00:00,3.810517816128761e-05
2018-07-27 10:00:00,3.856371366411834e-05
2018-07-27 11:00:00,3.803723876259756e-05
2018-07-27 12:00:00,3.811683696702549e-05
2018-07-27 13:00:00,4.7142479322365914e-05
2018-07-27 14:00:00,5.422235929454925e-05
2018-07-27 15:00:00,5.381062335262963e-05
2018-07-27 16:00:00,0.00010923028655701898
2018-07-27 17:00:00,0.00012693421802310113
2018-07-27 18:00:00,0.00013278326289339906
2018-07-27 19:00:00,0.00012935389161443123
2018-07-27 20:00:00,0.00013109952070286578
2018-07-27 21:00:00,0.0001327221677073138
2018-07-27 22:00:00,6.682239677799694e-05
2018-07-27 23:00:00,5.3234550032480126e-05
2018-07-28 00:00:00,7.033172465222378e-05
2018-07-28 01:00:00,7.457951503804446e-05
2018-07-28 02:00:00,7.486688317006324e-05
2018-07-28 03:00:00,7.809016963878551e-05
2018-07-28 04:00:00,7.442076616694034e-05
2018-07-28 05:00:00,7.56816960118646e-05
2018-07-28 06:00:00,5.797805956327289e-05
2018-07-28 07:00:00,4.155367441376799e-05
2018-07-28 08:00:00,3.705411194174895e-05
2018-07-28 09:00:00,3.528127975767374e-05
2018-07-28 10:00:00,3.848777124612785e-05
2018-07-28 11:00:00,4.00280093516332e-05
2018-07-28 12:00:00,5.5718600586493194e-05
2018-07-28 13:00:00,5.8152309372295314e-05
2018-07-28 14:00:00,5.708279457685105e-05
2018-07-28 15:00:00,6.168649602388588e-05
2018-07-28 16:00:00,8.846016760744122e-05
2018-07-28 17:00:00,9.080165054206545e-05
2018-07-28 18:00:00,7.481635965196806e-05
2018-07-28 19:00:00,7.764238932672517e-05
2018-07-28 20:00:00,8.271220691735554e-05
2018-07-28 21:00:00,7.856851168363146e-05
2018-07-28 22:00:00,4.128802590298674e-05
2018-07-28 23:00:00,3.463013451088206e-05
2018-07-29 00:00:00,3.4923429767650006e-05
2018-07-29 01:00:00,5.9319801999667997e-05
2018-07-29 02:00:00,6.727708751356774e-05
2018-07-29 03:00:00,8.143361427870156e-05
2018-07-29 04:00:00,9.080025068001881e-05
2018-07-29 05:00:00,9.616616834609797e-05
2018-07-29 06:00:00,0.00010146177360483087
2018-07-29 07:00:00,7.374482445220856e-05
2018-07-29 08:00:00,6.764750375190267e-05
2018-07-29 09:00:00,6.347578183930684e-05
2018-07-29 10:00:00,5.590995559704908e-05
2018-07-29 11:00:00,5.056400913588423e-05
2018-07-29 12:00:00,4.376012374046451e-05
2018-07-29 13:00:00,4.80777355701198e-05
2018-07-29 14:00:00,5.116593543401137e-05
2018-07-29 15:00:00,4.521832155186788e-05
2018-07-29 16:00:00,4.4768932000874035e-05
2018-07-29 17:00:00,4.8873805231104916e-05
2018-07-29 18:00:00,4.054907050078756e-05
2018-07-29 19:00:00,3.248903944373126e-05
2018-07-29 20:00:00,2.8016133719940635e-05
2018-07-29 21:00:00,2.5253607670612868e-05
2018-07-29 22:00:00,2.9265440432606156e-05
2018-07-29 23:00:00,2.835299070874802e-05
2018-07-30 00:00:00,4.2625955768641354e-05
2018-07-30 01:00:00,7.783999470648841e-05
2018-07-30 02:00:00,9.871354538889327e-05
2018-07-30 03:00:00,0.00010232510723595584
2018-07-30 04:00:00,0.00010110104351903856
2018-07-30 05:00:00,0.00010193450195091539
2018-07-30 06:00:00,9.036650226221505e-05
2018-07-30 07:00:00,8.396925058101851e-05
2018-07-30 08:00:00,0.00010047284530581816
2018-07-30 09:00:00,0.00010873912721042456
2018-07-30 10:00:00,0.0001141598624100486
2018-07-30 11:00:00,0.0001429042514291806
2018-07-30 12:00:00,0.00015727686371690882
2018-07-30 13:00:00,0.00011701461677084948
2018-07-30 14:00:00,6.7191254712545e-05
2018-07-30 15:00:00,7.265926636370381e-05
2018-07-30 16:00:00,8.121741298622244e-05
2018-07-30 17:00:00,5.399775777655035e-05
2018-07-30 18:00:00,9.711047208393414e-05
2018-07-30 19:00:00,0.00012920765879927725
2018-07-30 20:00:00,0.00015639438190014174
2018-07-30 21:00:00,0.00018600141475479603
2018-07-30 22:00:00,0.0001933338122908488
2018-07-30 23:00:00,0.00020583838326888876
2018-07-31 00:00:00,0.00014952881303498212
2018-07-31 01:00:00,0.00011703766993944569
2018-07-31 02:00:00,8.963058707468266e-05
2018-07-31 03:00:00,4.7639510993152715e-05
2018-07-31 04:00:00,4.069205270707003e-05
2018-07-31 05:00:00,3.2359950647603565e-05
2018-07-31 06:00:00,2.7474450729038394e-05
2018-07-31 07:00:00,2.620474608104575e-05
2018-07-31 08:00:00,2.6674633012172162e-05
2018-07-31 09:00:00,3.454827675408882e-05
2018-07-31 10:00:00,5.372532563093291e-05
2018-07-31 11:00:00,6.962255373213133e-05
2018-07-31 12:00:00,8.396298940539828e-05
2018-07-31 13:00:00,0.00016744174513294392
2018-07-31 14:00:00,0.00020323469257388938
2018-07-31 15:00:00,0.0002404844097041509
2018-07-31 16:00:00,0.00024949030720395005
2018-07-31 17:00:00,0.0002487471541696201
2018-07-31 18:00:00,0.0002661494307295506
2018-07-31 19:00:00,0.00016564796822760835
2018-07-31 20:00:00,0.00013424348585516137
2018-07-31 21:00:00,9.646564362176242e-05
2018-07-31 22:00:00,9.07070595876152e-05
2018-08-03 23:00:00,9.585947885806746e-05
2018-08-04 00:00:00,8.499387746766886e-05
2018-08-04 01:00:00,9.142644436315031e-05
2018-08-04 02:00:00,9.574388989662909e-05
2018-08-04 03:00:00,0.00010286206092357709
2018-08-04 04:00:00,8.724399704454071e-05
2018-08-04 05:00:00,7.99114303307201e-05
2018-08-04 06:00:00,6.882844436297618e-05
2018-08-04 07:00:00,5.662211620829182e-05
2018-08-04 08:00:00,5.4173794431976486e-05
2018-08-04 09:00:00,4.704118341496459e-05
2018-08-04 10:00:00,4.509609411818109e-05
2018-08-04 11:00:00,5.048528867685684e-05
2018-08-04 12:00:00,5.349693434264653e-05
2018-08-04 13:00:00,8.146328775141082e-05
2018-08-04 14:00:00,8.722485741300975e-05
2018-08-04 15:00:00,0.00021664763568787028
2018-08-04 16:00:00,0.00028213880526734556
2018-08-04 17:00:00,0.00031155498164360057
2018-08-04 18:00:00,0.00034549221408008095
2018-08-04 19:00:00,0.0003246274161308417
2018-08-04 20:00:00,0.0003347984137312055
2018-08-04 21:00:00,0.000163086444316721
2018-08-04 22:00:00,0.00010822517693270124
2018-08-04 23:00:00,8.394491136960308e-05
2018-08-05 00:00:00,6.508226724820421e-05
2018-08-05 01:00:00,7.83312081467901e-05
2018-08-05 02:00:00,0.0001087649882596298
2018-08-05 03:00:00,0.00011843700944404764
2018-08-05 04:00:00,0.00010911311112481012
2018-08-05 05:00:00,0.00011079407852710783
2018-08-05 06:00:00,0.00010921341861477074
2018-08-05 07:00:00,9.04985530279724e-05
2018-08-05 08:00:00,4.942595389976051e-05
2018-08-05 09:00:00,4.873385593523658e-05
2018-08-05 10:00:00,4.826091108369559e-05
2018-08-05 11:00:00,4.7220161601130764e-05
2018-08-05 12:00:00,4.8582854332608486e-05
2018-08-05 13:00:00,5.154495511563456e-05
2018-08-05 14:00:00,5.971930258618999e-05
2018-08-05 15:00:00,7.30247081795082e-05
2018-08-05 16:00:00,8.173650349169595e-05
2018-08-05 17:00:00,8.159800563998894e-05
2018-08-05 18:00:00,9.169382350452128e-05
2018-08-05 19:00:00,9.682386868504035e-05
2018-08-05 20:00:00,9.931137293301913e-05
2018-08-05 21:00:00,8.152755061652656e-05
2018-08-05 22:00:00,7.396634319600332e-05
2018-08-05 23:00:00,8.111249148347633e-05
2018-08-06 00:00:00,7.48726338162232e-05
2018-08-06 01:00:00,7.54270056983204e-05
2018-08-06 02:00:00,8.13912378165543e-05
2018-08-06 03:00:00,7.867446534417945e-05
2018-08-06 04:00:00,6.397240276465524e-05
2018-08-06 05:00:00,5.548594613984166e-05
2018-08-06 06:00:00,5.730479964549381e-05
2018-08-06 07:00:00,5.35240402356626e-05
2018-08-06 08:00:00,3.753672413006941e-05
2018-08-06 09:00:00,4.212526068179061e-05
2018-08-06 10:00:00,4.9136298233770746e-05
2018-08-06 11:00:00,5.5736206883615846e-05
2018-08-06 12:00:00,6.085699636556888e-05
2018-08-06 13:00:00,6.774322514259022e-05
2018-08-06 14:00:00,0.00010480270093237603
2018-08-06 15:00:00,0.00010618575305121899
2018-08-06 16:00:00,0.00010352039038453134
2018-08-06 17:00:00,0.00011517620038543643
2018-08-06 18:00:00,0.00010677974986437693
2018-08-06 19:00:00,0.00010983247762775235
2018-08-06 20:00:00,6.076653683507105e-05
2018-08-06 21:00:00,5.707823457438262e-05
2018-08-06 22:00:00,7.846592899620143e-05
2018-08-06 23:00:00,7.648421965751113e-05
2018-08-07 00:00:00,9.079034544626581e-05
2018-08-07 01:00:00,9.787103458769019e-05
2018-08-07 02:00:00,9.964014538265183e-05
2018-08-07 03:00:00,0.00010331065523989728
2018-08-07 04:00:00,7.532436881320701e-05
2018-08-07 05:00:00,5.813187563620329e-05
2018-08-07 06:00:00,4.413668480317328e-05
2018-08-07 07:00:00,3.229119910447233e-05
2018-08-07 08:00:00,5.372153197115972e-05
2018-08-07 09:00:00,5.3366943799322925e-05
2018-08-07 10:00:00,5.82031162830962e-05
2018-08-07 11:00:00,6.384613694545488e-05
2018-08-07 12:00:00,7.500429971612658e-05
2018-08-07 13:00:00,8.682340524234724e-05
2018-08-07 14:00:00,6.61180126253396e-05
2018-08-07 15:00:00,6.59816866955831e-05
2018-08-07 16:00:00,6.545149003937185e-05
2018-08-07 17:00:00,6.49739765361396e-05
2018-08-07 18:00:00,5.386405622328087e-05
2018-08-07 19:00:00,4.4364318621996535e-05
2018-08-07 20:00:00,3.871792188154273e-05
2018-08-07 21:00:00,9.731407042014339e-05
2018-08-07 22:00:00,0.00020743477845937822
2018-08-07 23:00:00,0.00023140579891336072
2018-08-08 00:00:00,0.0002550466427854228
2018-08-08 01:00:00,0.0003002947080481611
2018-08-08 02:00:00,0.00032103378527818067
2018-08-08 03:00:00,0.0002615900690465036
2018-08-08 04:00:00,0.00012763745641520706
2018-08-08 05:00:00,0.00013735483019686147
2018-08-08 06:00:00,0.00017442574536915585
2018-08-08 07:00:00,0.00014576304530136583
2018-08-08 08:00:00,0.00014554698700978746
2018-08-08 09:00:00,0.0001524910455122931
2018-08-08 10:00:00,0.00016343614460705426
2018-08-08 11:00:00,0.00014095431263199838
2018-08-08 12:00:00,9.338968638039876e-05
2018-08-08 13:00:00,9.471524490534549e-05
2018-08-08 14:00:00,0.0001036168629684236
2018-08-08 15:00:00,0.00011079160485162643
2018-08-08 16:00:00,0.00010182573091772654
2018-08-08 17:00:00,0.00018448470276200625
2018-08-08 18:00:00,0.0002044538645407596
2018-08-08 19:00:00,0.00028593975121671
2018-08-08 20:00:00,0.0003212363083635936
2018-08-08 21:00:00,0.0003287647670692962
2018-08-08 22:00:00,0.00037947162952560784
2018-08-08 23:00:00,0.00029833388629419414
2018-08-09 00:00:00,0.0003139573089462435
2018-08-09 01:00:00,0.00021677124085671079
2018-08-09 02:00:00,0.00017769050295721552
2018-08-09 03:00:00,0.00016384128098096727
2018-08-09 04:00:00,0.00011753647161570373
2018-08-09 05:00:00,9.327915076761021e-05
2018-08-09 06:00:00,5.601029693615629e-05
2018-08-09 07:00:00,5.3168865275562535e-05
2018-08-09 08:00:00,7.580687873024011e-05
2018-08-09 09:00:00,8.023997996860167e-05
2018-08-09 10:00:00,8.131756199311208e-05
2018-08-09 11:00:00,8.337300417837072e-05
2018-08-09 12:00:00,7.385109279446082e-05
2018-08-09 13:00:00,9.755448383192379e-05
2018-08-09 14:00:00,0.0001653942014292021
2018-08-09 15:00:00,0.00020084388484087624
2018-08-09 16:00:00,0.00022318270373300055
2018-08-09 17:00:00,0.00023748537731376588
2018-08-09 18:00:00,0.0002540903730541561
2018-08-09 19:00:00,0.0002270209393701538
2018-08-09 20:00:00,0.00010327921046835157
2018-08-09 21:00:00,6.91753631639364e-05
2018-08-09 22:00:00,0.00011943918462213521
2018-08-09 23:00:00,0.00012673098365326236
2018-08-10 00:00:00,0.00013942229988651896
2018-08-10 01:00:00,0.00014828139223389838
2018-08-10 02:00:00,0.00014699454570220224
2018-08-10 03:00:00,0.00015454383592826667
2018-08-10 04:00:00,6.619979551179453e-05
2018-08-10 05:00:00,6.844388557998056e-05
2018-08-10 06:00:00,5.717085959722358e-05
2018-08-10 07:00:00,5.774000961302769e-05
2018-08-10 08:00:00,5.8256112487043246e-05
2018-08-10 09:00:00,7.393398450434111e-05
2018-08-10 10:00:00,0.00011154332458788714
2018-08-10 11:00:00,0.00010424391658019542
2018-08-10 12:00:00,0.00013510894972368391
2018-08-10 13:00:00,0.0001909005598050858
2018-08-10 14:00:00,0.0002037340374971136
2018-08-10 15:00:00,0.00020528867420788587
2018-08-10 16:00:00,0.0001737557690767437
2018-08-10 17:00:00,0.00018205594149011415
2018-08-10 18:00:00,0.00017086329694985573
2018-08-10 19:00:00,0.00011744934860511619
2018-08-10 20:00:00,0.00011858807877155953
2018-08-10 21:00:00,0.00026381375528969966
2018-08-10 22:00:00,0.0006529127722792765
2018-08-10 23:00:00,0.000726536906453636
2018-08-11 00:00:00,0.000803824725615366
2018-08-11 01:00:00,0.0008577518815367314
2018-08-11 02:00:00,0.0009133824205707267
2018-08-11 03:00:00,0.0007274338684299343
2018-08-11 04:00:00,0.0002360443470785551
2018-08-11 05:00:00,0.000191350272341069
2018-08-11 06:00:00,0.00016814183753647316
2018-08-11 07:00:00,0.0001524403271599755
2018-08-11 08:00:00,0.00014704014012464792
2018-08-11 09:00:00,0.00015463642135078102
2018-08-11 10:00:00,0.00015566967192226353
2018-08-11 11:00:00,0.00015596345597716462
2018-08-11 12:00:00,8.852117817987319e-05
2018-08-11 13:00:00,8.33068524206754e-05
2018-08-11 14:00:00,7.943379738168523e-05
2018-08-11 15:00:00,7.630497060805529e-05
2018-08-11 16:00:00,8.38486644753498e-05
2018-08-11 17:00:00,9.671886077786239e-05
2018-08-11 18:00:00,0.00033450480009031
2018-08-11 19:00:00,0.0003556063517994703
2018-08-11 20:00:00,0.0003797786608573679
2018-08-11 21:00:00,0.0003888969811178268
2018-08-11 22:00:00,0.0003958123759712922
2018-08-11 23:00:00,0.0003887134294201813
2018-08-12 00:00:00,0.00010972287826141867
2018-08-12 01:00:00,0.00014040997466871247
2018-08-12 02:00:00,0.00015472143967012596
2018-08-12 03:00:00,0.00015784939403166545
2018-08-12 04:00:00,0.0001638202947252734
2018-08-12 05:00:00,0.000176100478036129
2018-08-12 06:00:00,0.0001722971275708717
2018-08-12 07:00:00,0.00011769708276313297
2018-08-12 08:00:00,9.482260325621868e-05
2018-08-12 09:00:00,0.00010477949525459662
2018-08-12 10:00:00,0.00011470576542416994
2018-08-12 11:00:00,0.00012120117865550477
2018-08-12 12:00:00,8.999366143375174e-05
2018-08-12 13:00:00,0.000105833594606161
2018-08-12 14:00:00,0.00010490920774044
2018-08-12 15:00:00,0.00012740038084773476
2018-08-12 16:00:00,0.00013879517738808625
2018-08-12 17:00:00,0.0001627248519473611
2018-08-12 18:00:00,0.00016589955433181575
2018-08-12 19:00:00,0.00012511861823015608
2018-08-12 20:00:00,0.0003270808588477978
2018-08-12 21:00:00,0.0003228614448677207
2018-08-12 22:00:00,0.0003293808081937731
2018-08-12 23:00:00,0.0003295221351217486
2018-08-13 00:00:00,0.00033862051144268544
2018-08-13 01:00:00,0.0003464404844216549
2018-08-13 02:00:00,7.078361458614224e-05
2018-08-13 03:00:00,5.1983347821438684e-05
2018-08-13 04:00:00,4.631853166449469e-05
2018-08-13 05:00:00,3.126997489120367e-05
2018-08-13 06:00:00,2.486517437842941e-05
2018-08-13 07:00:00,8.198671294689335e-05
2018-08-13 08:00:00,9.11359895146747e-05
2018-08-13 09:00:00,0.0001389615360017182
2018-08-13 10:00:00,0.00014617340204493384
2018-08-13 11:00:00,0.00015124676749118306
2018-08-13 12:00:00,0.00015559830923025188
2018-08-13 13:00:00,8.404118106972298e-05
2018-08-13 14:00:00,9.645852979206112e-05
2018-08-13 15:00:00,4.9470750567657016e-05
2018-08-13 16:00:00,8.537544458113214e-05
2018-08-13 17:00:00,9.832192442484917e-05
2018-08-13 18:00:00,0.00017596804219372094
2018-08-13 19:00:00,0.0001976118391184924
2018-08-13 20:00:00,0.00020104562114884559
2018-08-13 21:00:00,0.0002184947241828257
2018-08-13 22:00:00,0.00018946661256287684
2018-08-13 23:00:00,0.0001963909286236185
2018-08-14 00:00:00,0.00010652361743572143
2018-08-14 01:00:00,0.00010755509976970946
2018-08-14 02:00:00,0.00013960953101088157
2018-08-14 03:00:00,0.00019356202865607354
2018-08-14 04:00:00,0.00019884227606657356
2018-08-14 05:00:00,0.00020223913219409887
2018-08-14 06:00:00,0.00020826350198475664
2018-08-14 07:00:00,0.00020163885741405043
2018-08-14 08:00:00,0.0001832429299361409
2018-08-14 09:00:00,9.838487629776701e-05
2018-08-14 10:00:00,8.977293782341905e-05
2018-08-14 11:00:00,8.792437683331528e-05
2018-08-14 12:00:00,9.902923035832334e-05
2018-08-14 13:00:00,0.00013260513621479137
2018-08-14 14:00:00,0.00011678433956631928
2018-08-14 15:00:00,0.0001298510507602418
2018-08-14 16:00:00,0.0001473739176746468
2018-08-14 17:00:00,0.00015884707816314804
2018-08-14 18:00:00,0.00017308623225349457
2018-08-14 19:00:00,0.00014161844892028139
2018-08-14 20:00:00,0.0001672279449133905
2018-08-14 21:00:00,0.00016335708966452848
2018-08-14 22:00:00,0.0001623876876301902
2018-08-14 23:00:00,0.00018028959824976844
2018-08-15 00:00:00,0.0001849748904786954
2018-08-15 01:00:00,0.00018835914601216796
2018-08-15 02:00:00,0.00013144869455259642
2018-08-15 03:00:00,0.00013786764300335113
2018-08-15 04:00:00,0.00013366829362982294
2018-08-15 05:00:00,0.00012131213156403853
2018-08-15 06:00:00,9.478825141775776e-05
2018-08-15 07:00:00,8.441573291732339e-05
2018-08-15 08:00:00,0.00011430695048948216
2018-08-15 09:00:00,0.00011980330680441676
2018-08-15 10:00:00,0.00015127981278520452
2018-08-15 11:00:00,0.0001481753365385652
2018-08-15 12:00:00,0.00016149949864651634
2018-08-15 13:00:00,0.0001800008058487661
2018-08-15 14:00:00,0.00015811715385835923
2018-08-15 15:00:00,0.00015068547130180502
2018-08-15 16:00:00,0.00012690278341552364
2018-08-15 17:00:00,0.00018435322694090054
2018-08-15 18:00:00,0.0001996215552821752
2018-08-15 19:00:00,0.00020008423510783338
2018-08-15 20:00:00,0.0002268271035871095
2018-08-15 21:00:00,0.0002483430084752229
2018-08-15 22:00:00,0.00024168510351940694
2018-08-15 23:00:00,0.00017491783016665153
2018-08-16 00:00:00,0.00018667447984739832
2018-08-16 01:00:00,0.0002057524545062676
2018-08-16 02:00:00,0.0001753677979595234
2018-08-16 03:00:00,0.0001535810278785702
2018-08-16 04:00:00,0.000133000159756849
2018-08-16 05:00:00,0.00011771096495466623
2018-08-16 06:00:00,8.753250996664831e-05
2018-08-16 07:00:00,6.664179133383348e-05
2018-08-16 08:00:00,7.020204121901956e-05
2018-08-16 09:00:00,8.744454028110197e-05
2018-08-16 10:00:00,9.07723209349061e-05
2018-08-16 11:00:00,0.00010297161748973788
2018-08-16 12:00:00,0.00011155264619908643
2018-08-16 13:00:00,0.00014295330125878354
2018-08-16 14:00:00,0.00014439415137916756
2018-08-16 15:00:00,0.00014534495661907727
2018-08-16 16:00:00,0.00015767128741926337
2018-08-16 17:00:00,0.00014413122725948413
2018-08-16 18:00:00,0.00014591046134810218
2018-08-16 19:00:00,0.00011450444318523002
2018-08-16 20:00:00,0.00010650982620602889
2018-08-16 21:00:00,0.00014179387155216136
2018-08-16 22:00:00,0.0001635461326407816
2018-08-16 23:00:00,0.00018401448641484433
2018-08-17 00:00:00,0.0001814592348275068
2018-08-17 01:00:00,0.00019256212386236388
2018-08-17 02:00:00,0.00019508634369809542
2018-08-17 03:00:00,0.00013890801781572964
2018-08-17 04:00:00,9.650000805948726e-05
2018-08-17 05:00:00,8.825386105822615e-05
2018-08-17 06:00:00,8.430578411475328e-05
2018-08-17 07:00:00,7.611039542159763e-05
2018-08-17 08:00:00,0.00010393927748134501
2018-08-17 10:00:00,0.00010519857748701011
2018-08-17 11:00:00,0.0001203402094174366
2018-08-17 12:00:00,9.94814112860823e-05
2018-08-17 13:00:00,0.00010341384994457295
2018-08-17 14:00:00,0.00011257437002260262
2018-08-17 15:00:00,8.580256258562909e-05
2018-08-17 16:00:00,8.860820508098959e-05
2018-08-17 17:00:00,7.552625370560878e-05
2018-08-17 18:00:00,9.70111459549291e-05
2018-08-17 19:00:00,0.0001008562764658044
2018-08-17 20:00:00,9.554817067658955e-05
2018-08-17 21:00:00,0.00010244690997127216
2018-08-17 22:00:00,0.00012319714366449257
2018-08-17 23:00:00,0.00014328225698385016
2018-08-18 00:00:00,0.00013489997990234417
2018-08-18 01:00:00,0.00015222591592123713
2018-08-18 02:00:00,0.0001784975841466314
2018-08-18 03:00:00,0.00017869774216218982
2018-08-18 04:00:00,0.00015644830719744568
2018-08-18 05:00:00,0.00012251979330476725
2018-08-18 06:00:00,0.00011455833524897116
2018-08-18 07:00:00,0.00010873435095506056
2018-08-18 08:00:00,0.00010666299632013641
2018-08-18 09:00:00,0.00010582935387426844
2018-08-18 10:00:00,0.00010165387772946757
2018-08-18 11:00:00,0.00010184052446285077
2018-08-18 12:00:00,0.00010233510048891446
2018-08-18 13:00:00,9.644387389042232e-05
2018-08-18 14:00:00,0.00013363177479731633
2018-08-18 15:00:00,0.00014418438647050886
2018-08-18 16:00:00,0.00017709319259395876
2018-08-18 17:00:00,0.00020668588796142955
2018-08-18 18:00:00,0.0002239948601246601
2018-08-18 19:00:00,0.0002351826928640427
2018-08-18 20:00:00,0.00016180607709233402
2018-08-18 21:00:00,0.00017107074576656745
2018-08-18 22:00:00,0.00015702028279355822
2018-08-18 23:00:00,0.00013279456173165622
2018-08-19 00:00:00,0.00011703007721109189
2018-08-19 01:00:00,0.00011300088502034966
2018-08-19 02:00:00,0.00011728589776093733
2018-08-19 03:00:00,9.62686925254873e-05
2018-08-19 04:00:00,8.185185842089924e-05
2018-08-19 05:00:00,6.71676142638776e-05
2018-08-19 06:00:00,6.786549178128386e-05
2018-08-19 07:00:00,6.364776515066827e-05
2018-08-19 08:00:00,5.868600424394908e-05
2018-08-19 09:00:00,6.168923159705867e-05
2018-08-19 10:00:00,5.6463162292624406e-05
2018-08-19 11:00:00,5.7899001150112336e-05
2018-08-19 12:00:00,5.7256351194737654e-05
2018-08-19 13:00:00,5.8424709879351816e-05
2018-08-19 14:00:00,6.276207150275776e-05
2018-08-19 15:00:00,7.689715358885605e-05
2018-08-19 16:00:00,9.641455434510032e-05
2018-08-19 17:00:00,0.00010784902534555995
2018-08-19 18:00:00,0.00010630733638118817
2018-08-19 19:00:00,0.0001094363903063322
2018-08-19 20:00:00,0.00010598206639749769
2018-08-19 21:00:00,0.00011173603456793047
2018-08-19 22:00:00,0.00010025469693383756
2018-08-19 23:00:00,9.62483736943715e-05
2018-08-20 00:00:00,9.255952046286362e-05
2018-08-20 01:00:00,9.067547581428995e-05
2018-08-20 02:00:00,8.525620627471915e-05
2018-08-20 03:00:00,5.946421196640038e-05
2018-08-20 04:00:00,4.1887651496351646e-05
2018-08-20 05:00:00,3.6623616302375444e-05
2018-08-20 06:00:00,3.1891732596713494e-05
2018-08-20 07:00:00,3.265126729244733e-05
2018-08-20 08:00:00,3.480766172474562e-05
2018-08-20 09:00:00,3.41555557625941e-05
2018-08-20 10:00:00,4.3152946562871124e-05
2018-08-20 11:00:00,4.2418545223640405e-05
2018-08-20 12:00:00,4.436464523217301e-05
2018-08-20 13:00:00,4.58348771340605e-05
2018-08-20 14:00:00,5.280529187671841e-05
2018-08-20 15:00:00,5.316318972780341e-05
2018-08-20 16:00:00,5.016398685102887e-05
2018-08-20 17:00:00,5.718174370024414e-05
2018-08-20 18:00:00,5.967357589716681e-05
2018-08-20 19:00:00,5.436762897659476e-05
2018-08-20 20:00:00,4.9751795015876975e-05
2018-08-20 21:00:00,5.245474001669612e-05
2018-08-20 22:00:00,4.722560911168361e-05
2018-08-20 23:00:00,0.00018470469030888059
2018-08-21 00:00:00,0.00022159115898787588
2018-08-21 01:00:00,0.00023698439103849995
2018-08-21 02:00:00,0.0002490702566274654
2018-08-21 03:00:00,0.0002600676158209821
2018-08-21 04:00:00,0.0002683824988542669
2018-08-21 05:00:00,7.527465864623156e-05
2018-08-21 06:00:00,3.7755749081394014e-05
2018-08-21 07:00:00,4.330716931739135e-05
2018-08-21 08:00:00,4.7588225205866955e-05
2018-08-21 09:00:00,5.6120487227438304e-05
2018-08-21 10:00:00,6.182603694560386e-05
2018-08-21 11:00:00,6.669217104386422e-05
2018-08-21 12:00:00,6.238687460379911e-05
2018-08-21 13:00:00,5.067836906952475e-05
2018-08-21 14:00:00,5.3921972491642974e-05
2018-08-21 15:00:00,5.3496217445856044e-05
2018-08-21 16:00:00,5.5457520052004276e-05
2018-08-21 17:00:00,6.401217485586272e-05
2018-08-21 18:00:00,7.470614490699618e-05
2018-08-21 19:00:00,8.532549466671075e-05
2018-08-21 20:00:00,8.40767190329676e-05
2018-08-21 21:00:00,7.913034193373092e-05
2018-08-21 22:00:00,0.00010767950046319282
2018-08-21 23:00:00,0.00010709483303035359
2018-08-22 00:00:00,0.0001040386110003587
2018-08-22 01:00:00,0.00010264087815267469
2018-08-22 02:00:00,0.000677779150540703
2018-08-22 03:00:00,0.0007771615103909065
2018-08-22 04:00:00,0.0007832772985856266
2018-08-22 05:00:00,0.0008248430256058153
2018-08-22 06:00:00,0.0008742530487399803
2018-08-22 07:00:00,0.0009191519414498936
2018-08-22 08:00:00,0.00015742316079797746
2018-08-22 09:00:00,6.521093864028809e-05
2018-08-22 10:00:00,5.9180958955148544e-05
2018-08-22 11:00:00,5.3268083449671915e-05
2018-08-22 12:00:00,4.556638128419758e-05
2018-08-22 13:00:00,4.218610335035433e-05
2018-08-22 14:00:00,3.8121989600490105e-05
2018-08-22 15:00:00,3.52258330620369e-05
2018-08-22 16:00:00,8.903482258048505e-05
2018-08-22 17:00:00,0.0002541085585213297
2018-08-22 18:00:00,0.000266568662953748
2018-08-22 19:00:00,0.00028059470323401036
2018-08-22 20:00:00,0.00029780932541303247
2018-08-22 21:00:00,0.0003952885138516988
2018-08-22 22:00:00,0.0003921173532497219
2018-08-22 23:00:00,0.0003322754140019792
2018-08-23 00:00:00,0.0003588191726730685
2018-08-23 01:00:00,0.0003831246252625914
2018-08-23 02:00:00,0.00040507134605084294
2018-08-23 03:00:00,0.00031488497828057084
2018-08-23 04:00:00,0.0002574595518634433
2018-08-23 05:00:00,6.122166291773275e-05
2018-08-23 06:00:00,5.142988530123418e-05
2018-08-23 07:00:00,4.010255444432091e-05
2018-08-23 08:00:00,3.749814667733519e-05
2018-08-23 09:00:00,3.531894765614172e-05
2018-08-23 10:00:00,3.147256362322014e-05
2018-08-23 11:00:00,3.2253406425516666e-05
2018-08-23 12:00:00,2.831555084049005e-05
2018-08-23 13:00:00,2.687181992687088e-05
2018-08-23 14:00:00,3.18764184642933e-05
2018-08-23 15:00:00,4.596273906893369e-05
2018-08-23 16:00:00,4.650681791533213e-05
2018-08-23 17:00:00,5.201131398581706e-05
2018-08-23 18:00:00,5.2874584159955463e-05
2018-08-23 19:00:00,5.4127886342531364e-05
2018-08-23 20:00:00,6.304664501822556e-05
2018-08-23 21:00:00,5.127985081480325e-05
2018-08-23 22:00:00,7.502938698108921e-05
2018-08-23 23:00:00,9.65756391147783e-05
2018-08-24 00:00:00,0.00010253457983635011
2018-08-24 01:00:00,0.00011006710516603812
2018-08-24 02:00:00,9.971333877534843e-05
2018-08-24 03:00:00,0.0001035405614591072
2018-08-24 04:00:00,7.513926321191743e-05
2018-08-24 05:00:00,4.1906722131594744e-05
2018-08-24 06:00:00,3.711466322359155e-05
2018-08-24 07:00:00,3.3665688939794784e-05
2018-08-24 08:00:00,3.8511300148532294e-05
2018-08-24 09:00:00,3.583705484670278e-05
2018-08-24 10:00:00,3.678068101847092e-05
2018-08-24 11:00:00,3.91304700005376e-05
2018-08-24 12:00:00,4.3868968615724284e-05
2018-08-24 13:00:00,5.073476283513441e-05
2018-08-24 14:00:00,5.185194429664492e-05
2018-08-24 15:00:00,7.105187914787641e-05
2018-08-24 16:00:00,8.89985564456828e-05
2018-08-24 17:00:00,9.635865674907747e-05
2018-08-24 18:00:00,0.00013863626113348097
2018-08-24 19:00:00,0.0001462401938460339
2018-08-24 20:00:00,0.0001420811531400301
2018-08-24 21:00:00,0.00012462099994842507
2018-08-24 22:00:00,0.00013037026357331095
2018-08-24 23:00:00,0.00015287807974875598
2018-08-25 00:00:00,0.00010813326041062757
2018-08-25 01:00:00,0.0001325228733758296
2018-08-25 02:00:00,0.00014377333055153193
2018-08-25 03:00:00,0.0001590424474241564
2018-08-25 04:00:00,0.00014457129802300398
2018-08-25 05:00:00,0.00013882464267463412
2018-08-25 06:00:00,0.00013638171496366193
2018-08-25 07:00:00,0.00010052828480661998
2018-08-25 08:00:00,9.493500916190677e-05
2018-08-25 09:00:00,9.177285488943068e-05
2018-08-25 10:00:00,8.91730305972384e-05
2018-08-25 11:00:00,6.701214760080032e-05
2018-08-25 12:00:00,6.951951148286677e-05
2018-08-25 13:00:00,7.392987809786101e-05
2018-08-25 14:00:00,7.468361078185722e-05
2018-08-25 15:00:00,7.423467967729176e-05
2018-08-25 16:00:00,8.05474651937131e-05
2018-08-25 17:00:00,8.544039022209582e-05
2018-08-25 18:00:00,8.428871095795725e-05
2018-08-25 19:00:00,8.018549192846506e-05
2018-08-25 21:00:00,7.992699892208427e-05
2018-08-25 22:00:00,7.64408009510343e-05
2018-08-25 23:00:00,5.902825342775326e-05
2018-08-26 00:00:00,5.6845229899499634e-05
2018-08-26 01:00:00,6.66356120542156e-05
2018-08-26 02:00:00,5.9732548818316364e-05
2018-08-26 03:00:00,8.610761669655574e-05
2018-08-26 04:00:00,8.640495758572311e-05
2018-08-26 05:00:00,9.15763784300076e-05
2018-08-26 06:00:00,8.50456965456645e-05
2018-08-26 07:00:00,7.702664258589208e-05
2018-08-26 08:00:00,8.494580041487536e-05
2018-08-26 09:00:00,5.157610861156872e-05
2018-08-26 10:00:00,4.474419856780976e-05
2018-08-26 11:00:00,4.587519349122247e-05
2018-08-26 12:00:00,5.0034422822242146e-05
2018-08-26 13:00:00,4.661069694724508e-05
2018-08-26 14:00:00,5.2598981148931374e-05
2018-08-26 15:00:00,5.275140469486026e-05
2018-08-26 16:00:00,5.550148938090153e-05
2018-08-26 17:00:00,5.76523734133062e-05
2018-08-26 18:00:00,6.552328335245028e-05
2018-08-26 19:00:00,6.80986655390844e-05
2018-08-26 20:00:00,6.205742933855498e-05
2018-08-26 21:00:00,6.733737321707969e-05
2018-08-26 22:00:00,6.944648925486455e-05
2018-08-26 23:00:00,6.771482358041193e-05
2018-08-27 00:00:00,6.031119520522212e-05
2018-08-27 01:00:00,5.895036800580234e-05
2018-08-27 02:00:00,5.69613660947735e-05
2018-08-27 03:00:00,4.7693542787190064e-05
2018-08-27 04:00:00,4.095457743437502e-05
2018-08-27 05:00:00,3.782550585503678e-05
2018-08-27 06:00:00,3.697393543622156e-05
2018-08-27 07:00:00,3.491092994787004e-05
2018-08-27 08:00:00,3.2702232753317975e-05
2018-08-27 09:00:00,3.663377678294042e-05
2018-08-27 10:00:00,3.760184547448714e-05
2018-08-27 11:00:00,3.168699166132333e-05
2018-08-27 12:00:00,3.176029855289785e-05
2018-08-27 13:00:00,4.7779761643703935e-05
2018-08-27 14:00:00,5.3799378564139994e-05
2018-08-27 15:00:00,5.701900549328202e-05
2018-08-27 16:00:00,5.947761662732558e-05
2018-08-27 17:00:00,6.0951577214664025e-05
2018-08-27 18:00:00,5.5719815161564795e-05
2018-08-27 19:00:00,3.606035167458049e-05
2018-08-27 20:00:00,3.25381125546737e-05
2018-08-27 21:00:00,2.8436846210383026e-05
2018-08-27 22:00:00,3.250250564882104e-05
2018-08-27 23:00:00,3.882433041649739e-05
2018-08-28 00:00:00,0.00017896724702618063
2018-08-28 01:00:00,0.00019647682687041392
2018-08-28 02:00:00,0.00021516070713911971
2018-08-28 03:00:00,0.00022655537264427208
2018-08-28 04:00:00,0.00022962318527537673
2018-08-28 05:00:00,0.00023092070599948806
2018-08-28 06:00:00,4.486499119250153e-05
2018-08-28 07:00:00,4.49239603607961e-05
2018-08-28 08:00:00,3.664937358168859e-05
2018-08-28 09:00:00,3.630865971835135e-05
2018-08-28 10:00:00,3.8221017531929154e-05
2018-08-28 11:00:00,3.857294430638974e-05
2018-08-28 12:00:00,0.00011784017595391985
2018-08-28 13:00:00,0.00011476750039597133
2018-08-28 14:00:00,0.0001264814599883743
2018-08-28 15:00:00,0.00014294230961333206
2018-08-28 16:00:00,0.00015408748875757704
2018-08-28 17:00:00,0.0001678662992796602
2018-08-28 18:00:00,7.505056641490431e-05
2018-08-28 19:00:00,7.426648411703387e-05
2018-08-28 20:00:00,6.948215004156409e-05
2018-08-28 21:00:00,6.527875140638202e-05
2018-08-28 22:00:00,7.449448456629908e-05
2018-08-28 23:00:00,7.805464068821081e-05
2018-08-29 00:00:00,7.658459967834299e-05
2018-08-29 01:00:00,7.898058636919207e-05
2018-08-29 02:00:00,7.329830492153534e-05
2018-08-29 03:00:00,6.785935636639435e-05
2018-08-29 04:00:00,5.642918799490903e-05
2018-08-29 05:00:00,4.489429809615205e-05
2018-08-29 06:00:00,3.339203285226091e-05
2018-08-29 07:00:00,3.2085676362348726e-05
2018-08-29 08:00:00,3.225630924890613e-05
2018-08-29 09:00:00,3.2363854593118034e-05
2018-08-29 10:00:00,3.636657601087818e-05
2018-08-29 11:00:00,4.137816753885481e-05
2018-08-29 12:00:00,4.836891470810272e-05
2018-08-29 13:00:00,5.302787626744457e-05
2018-08-29 14:00:00,5.206751338102243e-05
2018-08-29 15:00:00,4.940024374028715e-05
2018-08-29 16:00:00,0.00011019297587212798
2018-08-29 17:00:00,0.00011963978335782546
2018-08-29 18:00:00,0.00012645449745833003
2018-08-29 19:00:00,0.00013002367636698819
2018-08-29 20:00:00,0.00013229257381848928
2018-08-29 21:00:00,0.00014116040717363968
2018-08-29 22:00:00,5.4517716860100814e-05
2018-08-29 23:00:00,4.689950066817537e-05
2018-08-30 00:00:00,4.302686767326828e-05
2018-08-30 01:00:00,3.5008614469259445e-05
2018-08-30 02:00:00,3.367671402203155e-05
2018-08-30 03:00:00,2.9819998355372914e-05
2018-08-30 04:00:00,2.6786569654399095e-05
2018-08-30 05:00:00,2.52307419732898e-05
2018-08-30 06:00:00,3.0135109414731566e-05
2018-08-30 07:00:00,4.096781755329808e-05
2018-08-30 08:00:00,4.384500033661593e-05
2018-08-30 09:00:00,4.325216698566061e-05
2018-08-30 10:00:00,5.995603607585393e-05
2018-08-30 11:00:00,6.476319075687753e-05
2018-08-30 12:00:00,6.520715055514378e-05
2018-08-30 13:00:00,6.651896796704518e-05
2018-08-30 14:00:00,7.470939056983763e-05
2018-08-30 15:00:00,7.473039446388713e-05
2018-08-30 16:00:00,5.988600578452518e-05
2018-08-30 17:00:00,5.858953968833999e-05
2018-08-30 18:00:00,5.1358002873228794e-05
2018-08-30 19:00:00,4.338490379616923e-05
2018-08-30 20:00:00,3.852068450456198e-05
2018-08-30 21:00:00,5.499802185004211e-05
2018-08-30 22:00:00,6.130836906611955e-05
2018-08-30 23:00:00,6.91292159218543e-05
2018-08-31 00:00:00,8.219808168921959e-05
2018-08-31 01:00:00,8.526848444454084e-05
2018-08-31 02:00:00,8.71271675954551e-05
2018-08-31 03:00:00,6.190219531852752e-05
2018-08-31 04:00:00,5.258388890405588e-05
2018-08-31 05:00:00,4.865304004915763e-05
2018-08-31 06:00:00,3.7444157763390374e-05
2018-08-31 07:00:00,3.0279348711986413e-05
2018-08-31 08:00:00,3.2521482544232e-05
2018-08-31 09:00:00,3.5720569174804913e-05
2018-08-31 10:00:00,4.024274975728097e-05
2018-08-31 11:00:00,3.5288097480488394e-05
2018-08-31 12:00:00,3.4810785126042156e-05
2018-08-31 13:00:00,4.99034314610834e-05
2018-08-31 14:00:00,5.0689940585053687e-05
2018-08-31 15:00:00,5.367769802643314e-05
2018-08-31 16:00:00,8.202696859486968e-05
2018-08-31 17:00:00,9.05540633786551e-05
2018-08-31 18:00:00,0.00010283820286137845
2018-08-31 19:00:00,9.989723460396715e-05
2018-08-31 20:00:00,0.00010215565366224053
2018-08-31 21:00:00,0.0001033321174531612
2018-08-31 22:00:00,7.578180105059665e-05
2018-09-03 23:00:00,7.270161311182389e-05
2018-09-04 00:00:00,6.230303630493263e-05
2018-09-04 01:00:00,4.572991170404193e-05
2018-09-04 02:00:00,4.199750121841039e-05
2018-09-04 03:00:00,4.225650487827734e-05
2018-09-04 04:00:00,2.622146897302479e-05
2018-09-04 05:00:00,2.5316794349699776e-05
2018-09-04 06:00:00,2.5908334157704755e-05
2018-09-04 07:00:00,2.796248303312984e-05
2018-09-04 08:00:00,3.2799281817892857e-05
2018-09-04 09:00:00,3.116091199967115e-05
2018-09-04 10:00:00,3.407623591804979e-05
2018-09-04 11:00:00,3.412497017631673e-05
2018-09-04 12:00:00,3.752174364277671e-05
2018-09-04 13:00:00,5.746908511153016e-05
2018-09-04 14:00:00,5.903111251069625e-05
2018-09-04 15:00:00,5.7758060595519784e-05
2018-09-04 16:00:00,6.241875896523923e-05
2018-09-04 17:00:00,6.630355935909244e-05
2018-09-04 18:00:00,6.518747491142526e-05
2018-09-04 19:00:00,6.195662923462453e-05
2018-09-04 20:00:00,6.668577941722481e-05
2018-09-04 21:00:00,7.642423465108171e-05
2018-09-04 22:00:00,7.970584523686884e-05
2018-09-04 23:00:00,7.979311701749778e-05
2018-09-05 00:00:00,7.98203419831047e-05
2018-09-05 01:00:00,5.239232911290284e-05
2018-09-05 02:00:00,5.406123400938012e-05
2018-09-05 03:00:00,5.443321076366207e-05
2018-09-05 04:00:00,4.5929897771074326e-05
2018-09-05 05:00:00,4.3643678253595834e-05
2018-09-05 06:00:00,4.0542952838882664e-05
2018-09-05 07:00:00,4.2692646446557766e-05
2018-09-05 08:00:00,3.502916734556263e-05
2018-09-05 09:00:00,2.5423295825927618e-05
2018-09-05 10:00:00,0.00014161157909369618
2018-09-05 11:00:00,0.000409230093464125
2018-09-05 12:00:00,0.00047525273035711903
2018-09-05 13:00:00,0.0005283647848745292
2018-09-05 14:00:00,0.000575620241483152
2018-09-05 15:00:00,0.0006376172249880678
2018-09-05 16:00:00,0.0005326342931289836
2018-09-05 17:00:00,0.0002890164758032673
2018-09-05 18:00:00,0.00027853021568759753
2018-09-05 19:00:00,0.000262156243143347
2018-09-05 20:00:00,0.00025466048266312825
2018-09-05 21:00:00,0.00023885864028620556
2018-09-05 22:00:00,0.00026733123148920925
2018-09-05 23:00:00,0.0001669011005509237
2018-09-06 00:00:00,0.00038648349310720916
2018-09-06 01:00:00,0.0010409188372780464
2018-09-06 02:00:00,0.001137658577791434
2018-09-06 03:00:00,0.0012084541415153765
2018-09-06 04:00:00,0.0012230004546961207
2018-09-06 05:00:00,0.0012793354286404247
2018-09-06 06:00:00,0.0010056545334916523
2018-09-06 07:00:00,0.00016573912886032582
2018-09-06 08:00:00,0.00012433632324222412
2018-09-06 09:00:00,0.0001009129386941797
2018-09-06 10:00:00,0.00015704848987873812
2018-09-06 11:00:00,0.0001642347849420782
2018-09-06 12:00:00,0.0001617287741521172
2018-09-06 13:00:00,0.00016097702494284103
2018-09-06 14:00:00,0.00016623802782763872
2018-09-06 15:00:00,0.00018373999868458486
2018-09-06 16:00:00,0.00011749905972547503
2018-09-06 17:00:00,0.00011487357529338722
2018-09-06 18:00:00,0.00010858332664507868
2018-09-06 19:00:00,0.00016961984128512794
2018-09-06 20:00:00,0.0001544253740778948
2018-09-06 21:00:00,0.0001483899461597951
2018-09-06 22:00:00,0.00013806164365048193
2018-09-06 23:00:00,0.0001453067118969111
2018-09-07 00:00:00,0.0001557842514851586
2018-09-07 01:00:00,7.878870696580848e-05
2018-09-07 02:00:00,7.734652557398491e-05
2018-09-07 03:00:00,7.291195887946446e-05
2018-09-07 04:00:00,6.590784857981475e-05
2018-09-07 05:00:00,5.984254429463556e-05
2018-09-07 06:00:00,4.3189943938435814e-05
2018-09-07 07:00:00,4.424732430269422e-05
2018-09-07 08:00:00,4.5243273643826145e-05
2018-09-07 09:00:00,4.505928942325217e-05
2018-09-07 10:00:00,4.395547178274915e-05
2018-09-07 11:00:00,7.435264002574144e-05
2018-09-07 12:00:00,8.455261133474394e-05
2018-09-07 13:00:00,7.914137153461103e-05
2018-09-07 14:00:00,8.526580427406223e-05
2018-09-07 15:00:00,9.14814209250729e-05
2018-09-07 16:00:00,0.0001096539529563179
2018-09-07 17:00:00,9.478986956405676e-05
2018-09-07 18:00:00,9.829640457220215e-05
2018-09-07 19:00:00,9.681158855853536e-05
2018-09-07 20:00:00,9.659272773447685e-05
2018-09-07 21:00:00,9.451546336353902e-05
2018-09-07 22:00:00,8.961845171305878e-05
2018-09-07 23:00:00,6.477171153062845e-05
2018-09-08 00:00:00,5.4623568419814495e-05
2018-09-08 01:00:00,5.344166903270136e-05
2018-09-08 02:00:00,5.374125891521027e-05
2018-09-08 03:00:00,4.535779215229975e-05
2018-09-08 04:00:00,3.3379673849505085e-05
2018-09-08 05:00:00,3.171901294184177e-05
2018-09-08 06:00:00,2.923227965609516e-05
2018-09-08 07:00:00,2.6140095566678852e-05
2018-09-08 09:00:00,2.343212326220029e-05
2018-09-08 10:00:00,2.5134023578997516e-05
2018-09-08 11:00:00,2.2532988748412362e-05
2018-09-08 12:00:00,2.2738228111134966e-05
2018-09-08 13:00:00,4.646228198866988e-05
2018-09-08 16:00:00,5.796846826636426e-05
2018-09-08 17:00:00,7.008387509026456e-05
2018-09-08 18:00:00,0.00021365138956380713
2018-09-08 19:00:00,0.00028494528784446684
2018-09-08 20:00:00,0.0003098920003564949
2018-09-08 21:00:00,0.0003206519414736984
2018-09-08 22:00:00,0.00032722029063722417
2018-09-08 23:00:00,0.0003350334244862332
2018-09-09 00:00:00,0.00015291885799630157
2018-09-09 02:00:00,7.917513670451343e-05
2018-09-09 03:00:00,6.954041523716925e-05
2018-09-09 04:00:00,4.351841602273749e-05
2018-09-09 05:00:00,0.00010852867661432817
2018-09-09 06:00:00,0.00011341400694069227
2018-09-09 07:00:00,0.0001187446390375408
2018-09-09 08:00:00,0.00012347034502451857
2018-09-09 09:00:00,0.00012572859524049345
2018-09-09 10:00:00,0.00026153123189464456
2018-09-09 11:00:00,0.00019233518520004898
2018-09-09 12:00:00,0.00021257079418296617
2018-09-09 13:00:00,0.00023520919580047499
2018-09-09 14:00:00,0.0002631215128982225
2018-09-09 15:00:00,0.00028109114972518095
2018-09-09 16:00:00,0.00010727114097910865
2018-09-09 17:00:00,9.410358466246195e-05
2018-09-09 18:00:00,8.025869915399364e-05
2018-09-09 19:00:00,6.670580403596405e-05
2018-09-09 20:00:00,4.467613019032137e-05
2018-09-09 21:00:00,3.837526100785053e-05
2018-09-09 22:00:00,3.4773412741452934e-05
2018-09-09 23:00:00,8.614629434166592e-05
2018-09-10 00:00:00,0.00010170802229904177
2018-09-10 01:00:00,0.00011018953090459754
2018-09-10 02:00:00,0.00012934455252241195
2018-09-10 03:00:00,0.00013899970329947836
2018-09-10 04:00:00,0.00014277146328835747
2018-09-10 05:00:00,7.775071831397976e-05
2018-09-10 06:00:00,6.305789186145391e-05
2018-09-10 07:00:00,5.45236966986731e-05
2018-09-10 08:00:00,3.800514518389675e-05
2018-09-10 09:00:00,3.223901578399733e-05
2018-09-10 10:00:00,3.5558832606858466e-05
2018-09-10 11:00:00,3.615936217228607e-05
2018-09-10 12:00:00,3.617983510018695e-05
2018-09-10 13:00:00,3.8332274974185536e-05
2018-09-10 14:00:00,3.766629161245361e-05
2018-09-10 15:00:00,4.479056213612066e-05
2018-09-10 16:00:00,4.187408684450519e-05
2018-09-10 17:00:00,4.614312140232238e-05
2018-09-10 18:00:00,5.234149818561147e-05
2018-09-10 19:00:00,5.4858715382182246e-05
2018-09-10 20:00:00,5.46826028800652e-05
2018-09-10 21:00:00,4.97317183886565e-05
2018-09-10 22:00:00,5.456546265150848e-05
2018-09-11 00:00:00,5.1686130426924624e-05
2018-09-11 01:00:00,4.730029954028439e-05
2018-09-11 02:00:00,5.584210756265241e-05
2018-09-11 03:00:00,6.904782062174297e-05
2018-09-11 04:00:00,6.97321818365136e-05
2018-09-11 05:00:00,6.393373293059596e-05
2018-09-11 06:00:00,5.8513368395545854e-05
2018-09-11 07:00:00,5.8047335508944576e-05
2018-09-11 08:00:00,5.416554443904743e-05
2018-09-11 09:00:00,4.233012475980137e-05
2018-09-11 10:00:00,4.678055313183471e-05
2018-09-11 11:00:00,4.713076061805441e-05
2018-09-11 12:00:00,6.921084444320152e-05
2018-09-11 13:00:00,7.593090008517748e-05
2018-09-11 14:00:00,7.663347613449373e-05
2018-09-11 16:00:00,9.464089505603222e-05
2018-09-11 17:00:00,9.555956759217611e-05
2018-09-11 18:00:00,0.00010044156009584878
2018-09-11 19:00:00,8.818434109432418e-05
2018-09-11 20:00:00,8.768519162625193e-05
2018-09-11 21:00:00,9.536356469939624e-05
2018-09-11 22:00:00,0.0001030475338729134
2018-09-11 23:00:00,0.00010493695811479947
2018-09-12 00:00:00,0.00010739870676582443
2018-09-12 01:00:00,8.96897009575426e-05
2018-09-12 02:00:00,8.328414827298464e-05
2018-09-12 03:00:00,7.016437696681802e-05
2018-09-12 04:00:00,3.389735005346186e-05
2018-09-12 05:00:00,2.958102621649775e-05
2018-09-12 06:00:00,3.0137821264672607e-05
2018-09-12 07:00:00,3.1317673126659526e-05
2018-09-12 08:00:00,3.493647407460289e-05
2018-09-12 09:00:00,4.243099944348151e-05
2018-09-12 10:00:00,3.846172833327261e-05
2018-09-12 11:00:00,3.965339868929965e-05
2018-09-12 12:00:00,4.293108251482811e-05
2018-09-12 13:00:00,4.376851637285338e-05
2018-09-12 14:00:00,4.468624130535708e-05
2018-09-12 15:00:00,3.708430733978923e-05
2018-09-12 16:00:00,3.833796767006146e-05
2018-09-12 17:00:00,3.754449142863057e-05
2018-09-12 18:00:00,3.5583759373132444e-05
2018-09-12 19:00:00,3.7481858840297974e-05
2018-09-12 20:00:00,3.5324400809952694e-05
2018-09-12 21:00:00,3.452507283180523e-05
2018-09-12 22:00:00,4.0514768288282676e-05
2018-09-12 23:00:00,4.4821601860916726e-05
2018-09-13 00:00:00,4.448195422541502e-05
2018-09-13 01:00:00,4.595177533589329e-05
2018-09-13 02:00:00,4.4120950610994494e-05
2018-09-13 03:00:00,4.721084891739955e-05
2018-09-13 04:00:00,4.1605028461080436e-05
2018-09-13 05:00:00,3.7036175786503906e-05
2018-09-13 06:00:00,3.7922391543041886e-05
2018-09-13 07:00:00,2.3651272581747468e-05
2018-09-13 08:00:00,2.3561618110393256e-05
2018-09-13 09:00:00,1.992537913711663e-05
2018-09-13 10:00:00,3.54595606807693e-05
2018-09-13 11:00:00,3.899592344958151e-05
2018-09-13 12:00:00,3.8480345177954685e-05
2018-09-13 13:00:00,5.573278246244226e-05
2018-09-13 14:00:00,6.507896499533257e-05
2018-09-13 15:00:00,7.697600661373898e-05
2018-09-13 16:00:00,6.733619494238462e-05
2018-09-13 17:00:00,8.735453930785124e-05
2018-09-13 18:00:00,9.371009304488733e-05
2018-09-13 19:00:00,8.196989760256831e-05
2018-09-13 20:00:00,8.323185699070535e-05
2018-09-13 21:00:00,8.61053214212415e-05
2018-09-13 22:00:00,9.253813573357424e-05
2018-09-13 23:00:00,7.821942160195554e-05
2018-09-14 00:00:00,8.909477380183542e-05
2018-09-14 01:00:00,9.214102031506877e-05
2018-09-14 02:00:00,8.572661592448647e-05
2018-09-14 03:00:00,8.348276142721883e-05
2018-09-14 04:00:00,7.51126983895472e-05
2018-09-14 05:00:00,6.871618120771338e-05
2018-09-14 06:00:00,5.530234377062198e-05
2018-09-14 07:00:00,4.7718184022748137e-05
2018-09-14 08:00:00,4.74741543191057e-05
2018-09-14 09:00:00,7.920644652747976e-05
2018-09-14 10:00:00,8.458287173323898e-05
2018-09-14 11:00:00,8.761509190931824e-05
2018-09-14 12:00:00,9.155808716684651e-05
2018-09-14 13:00:00,0.0001029376672610095
2018-09-14 14:00:00,0.00011180428617016347
2018-09-14 15:00:00,5.772010123183986e-05
2018-09-14 16:00:00,5.0178848289567055e-05
2018-09-14 17:00:00,5.5135974436695125e-05
2018-09-14 18:00:00,6.527799279857293e-05
2018-09-14 19:00:00,6.4789713616263e-05
2018-09-14 20:00:00,5.802068989037987e-05
2018-09-14 21:00:00,6.304231237856077e-05
2018-09-14 22:00:00,6.537346797511055e-05
2018-09-14 23:00:00,6.746258657351885e-05
2018-09-15 00:00:00,6.379391815232765e-05
2018-09-15 01:00:00,6.627668126032411e-05
2018-09-15 02:00:00,6.333303795456633e-05
2018-09-15 03:00:00,5.589427417602995e-05
2018-09-15 04:00:00,5.434929802761997e-05
2018-09-15 05:00:00,4.564660341833936e-05
2018-09-15 07:00:00,3.376510811320492e-05
2018-09-15 08:00:00,2.7571491449826097e-05
2018-09-15 09:00:00,3.0148530917602653e-05
2018-09-15 10:00:00,2.793612353592993e-05
2018-09-15 11:00:00,3.301520384465858e-05
2018-09-15 12:00:00,3.9615159853720714e-05
2018-09-15 13:00:00,4.43616381193346e-05
2018-09-15 14:00:00,5.66257591542927e-05
2018-09-15 15:00:00,5.668583316229676e-05
2018-09-15 16:00:00,6.153354715948196e-05
2018-09-15 17:00:00,5.4419761523089225e-05
2018-09-15 18:00:00,4.8153406335559565e-05
2018-09-15 19:00:00,5.049687296830235e-05
2018-09-15 20:00:00,4.326911442852002e-05
2018-09-15 21:00:00,3.4502071657500154e-05
2018-09-15 22:00:00,3.919432670451329e-05
2018-09-15 23:00:00,4.148039985968473e-05
2018-09-16 00:00:00,4.09755327140933e-05
2018-09-16 01:00:00,3.671599892151156e-05
2018-09-16 02:00:00,3.314501235533299e-05
2018-09-16 03:00:00,3.828057537709197e-05
2018-09-16 04:00:00,2.6961458933329302e-05
2018-09-16 05:00:00,7.88402239726689e-05
2018-09-16 06:00:00,8.824376878221168e-05
2018-09-16 07:00:00,9.250605143105153e-05
2018-09-16 08:00:00,9.881630302675133e-05
2018-09-16 09:00:00,0.00010396159955318254
2018-09-16 10:00:00,0.00011261910923669722
2018-09-16 11:00:00,4.280336332069947e-05
2018-09-16 12:00:00,3.8294639607750115e-05
2018-09-16 13:00:00,4.189337292148085e-05
2018-09-16 14:00:00,5.0002742126065204e-05
2018-09-16 15:00:00,4.817610751216874e-05
2018-09-16 16:00:00,5.162164480283967e-05
2018-09-16 17:00:00,6.01242314610398e-05
2018-09-16 18:00:00,6.839215903747146e-05
2018-09-16 19:00:00,6.888018800331964e-05
2018-09-16 20:00:00,6.0153959082065676e-05
2018-09-16 21:00:00,6.562713724766851e-05
2018-09-16 22:00:00,5.9879050621909395e-05
2018-09-16 23:00:00,5.077449996422133e-05
2018-09-17 00:00:00,4.566329120468663e-05
2018-09-17 01:00:00,4.491581312464838e-05
2018-09-17 02:00:00,4.2679229570687935e-05
2018-09-17 03:00:00,3.6467215048049194e-05
2018-09-17 04:00:00,3.402764049334705e-05
2018-09-17 05:00:00,3.557097554325425e-05
2018-09-17 06:00:00,3.081271238730094e-05
2018-09-17 07:00:00,3.016834677645318e-05
2018-09-17 08:00:00,3.346260378697024e-05
2018-09-17 09:00:00,3.642608778531051e-05
2018-09-17 10:00:00,6.364192072337132e-05
2018-09-17 11:00:00,6.960297368947446e-05
2018-09-17 12:00:00,7.057021840403764e-05
2018-09-17 13:00:00,7.763117787986419e-05
2018-09-17 14:00:00,9.421920921026287e-05
2018-09-17 15:00:00,0.00013278599795195895
2018-09-17 16:00:00,0.0001631212397177749
2018-09-17 17:00:00,0.0001677222405645368
2018-09-17 18:00:00,0.00018659384057183139
2018-09-17 19:00:00,0.00019601843363281854
2018-09-17 20:00:00,0.000198425221350201
2018-09-17 21:00:00,0.00017595813862761501
2018-09-17 22:00:00,0.00010649924818801875
2018-09-17 23:00:00,0.00010513341972515257
2018-09-18 00:00:00,9.723796304915125e-05
2018-09-18 01:00:00,9.106976501598859e-05
2018-09-18 02:00:00,7.900625181461683e-05
2018-09-18 03:00:00,4.640926058477326e-05
2018-09-18 04:00:00,3.41197204149318e-05
2018-09-18 05:00:00,2.924777985903618e-05
2018-09-18 06:00:00,2.4289059812507504e-05
2018-09-18 07:00:00,2.1598044919464282e-05
2018-09-18 08:00:00,2.2624521279517763e-05
2018-09-18 09:00:00,2.966477962075757e-05
2018-09-18 10:00:00,3.487833320657313e-05
2018-09-18 11:00:00,3.8032219090313706e-05
2018-09-18 12:00:00,4.312424437595392e-05
2018-09-18 13:00:00,6.187513859287406e-05
2018-09-18 14:00:00,7.792958615547692e-05
2018-09-18 15:00:00,7.940157036951661e-05
2018-09-18 16:00:00,8.034532789947782e-05
2018-09-18 17:00:00,7.751355687076722e-05
2018-09-18 18:00:00,7.828207175461712e-05
2018-09-18 19:00:00,6.192516740816653e-05
2018-09-18 20:00:00,0.00011992393914409299
2018-09-18 21:00:00,0.00011869355132994671
2018-09-18 22:00:00,0.0001283449603429334
2018-09-18 23:00:00,0.0001449836610871684
2018-09-19 00:00:00,0.00014848654765282766
2018-09-19 01:00:00,0.00014920540327980028
2018-09-19 02:00:00,5.129999852965939e-05
2018-09-19 03:00:00,4.789909150285341e-05
2018-09-19 04:00:00,4.342495227203622e-05
2018-09-19 05:00:00,2.758159844162025e-05
2018-09-19 06:00:00,2.2807386654091266e-05
2018-09-19 07:00:00,2.0989946903798984e-05
2018-09-19 08:00:00,2.235205604137668e-05
2018-09-19 09:00:00,2.2312333030777132e-05
2018-09-19 10:00:00,1.6437420777912234e-05
2018-09-19 11:00:00,1.3581013625751707e-05
2018-09-19 12:00:00,2.0646768604906658e-05
2018-09-19 13:00:00,2.7122156277375883e-05
2018-09-19 14:00:00,2.9236122254407314e-05
2018-09-19 15:00:00,3.6880814688709905e-05
2018-09-19 16:00:00,3.572430249120386e-05
2018-09-19 17:00:00,3.936209657747525e-05
2018-09-19 18:00:00,3.422277453779787e-05
2018-09-19 19:00:00,7.131646235355993e-05
2018-09-19 20:00:00,0.00026221429395993087
2018-09-19 21:00:00,0.00027629937881415976
2018-09-19 22:00:00,0.00030368918386874163
2018-09-19 23:00:00,0.00033007702346584306
2018-09-20 00:00:00,0.0003471029457679591
2018-09-20 01:00:00,0.0003073083204111712
2018-09-20 02:00:00,6.306843997116439e-05
2018-09-20 03:00:00,6.369280684818853e-05
2018-09-20 04:00:00,5.149597048726847e-05
2018-09-20 05:00:00,4.0403030830909575e-05
2018-09-20 06:00:00,3.9123544728772504e-05
2018-09-20 07:00:00,3.9573628713218215e-05
2018-09-20 08:00:00,2.8314634030274666e-05
2018-09-20 09:00:00,2.1024769002026548e-05
2018-09-20 10:00:00,1.883230000888882e-05
2018-09-20 11:00:00,1.7387994109523458e-05
2018-09-20 12:00:00,2.526961333115421e-05
2018-09-20 13:00:00,2.671838831871164e-05
2018-09-20 14:00:00,3.071263390799009e-05
2018-09-20 15:00:00,2.8634782695932678e-05
2018-09-20 16:00:00,2.9535162320861567e-05
2018-09-20 17:00:00,3.049151919561308e-05
2018-09-20 18:00:00,2.2207636145486283e-05
2018-09-20 19:00:00,2.155451512622003e-05
2018-09-20 20:00:00,1.7784577575838157e-05
2018-09-20 21:00:00,3.778620584064182e-05
2018-09-20 22:00:00,7.567305527413865e-05
2018-09-20 23:00:00,0.00011397015729378827
2018-09-21 00:00:00,0.00013565888061029563
2018-09-21 01:00:00,0.00015784284088194496
2018-09-21 02:00:00,0.00016719808585115048
2018-09-21 03:00:00,0.00015573638227427773
2018-09-21 04:00:00,0.00011818242414824027
2018-09-21 05:00:00,7.768334435507712e-05
2018-09-21 06:00:00,6.168236150767095e-05
2018-09-21 07:00:00,3.84130409488807e-05
2018-09-21 08:00:00,5.275154719849945e-05
2018-09-21 09:00:00,8.786178030501981e-05
2018-09-21 10:00:00,0.00013826469827084192
2018-09-21 11:00:00,0.00014831215315756885
2018-09-21 12:00:00,0.00017022502640531208
2018-09-21 13:00:00,0.00019440909884955556
2018-09-21 14:00:00,0.00020459783299343976
2018-09-21 15:00:00,0.00018279206210310343
2018-09-21 16:00:00,0.00018323806876195328
2018-09-21 17:00:00,0.00023447994739058634
2018-09-21 18:00:00,0.0002532555082630485
2018-09-21 19:00:00,0.00025232855331387834
2018-09-21 20:00:00,0.00024787927479318647
2018-09-21 21:00:00,0.00024332039180555647
2018-09-21 22:00:00,0.00018367620365058933
2018-09-21 23:00:00,0.00013406571476721313
2018-09-22 00:00:00,0.00010156822358114016
2018-09-22 01:00:00,0.00012209041115904146
2018-09-22 02:00:00,0.0001144436018863369
2018-09-22 03:00:00,9.729756794150657e-05
2018-09-22 04:00:00,8.443100659586963e-05
2018-09-22 05:00:00,9.766057797961408e-05
2018-09-22 06:00:00,0.00010090642591899972
2018-09-22 07:00:00,7.372407727685894e-05
2018-09-22 08:00:00,7.335983874735319e-05
2018-09-22 09:00:00,9.518602678044263e-05
2018-09-22 10:00:00,9.862416080741043e-05
2018-09-22 11:00:00,7.50419531909532e-05
2018-09-22 12:00:00,7.44929848309646e-05
2018-09-22 13:00:00,7.90205007178178e-05
2018-09-22 14:00:00,8.39965010913953e-05
2018-09-22 15:00:00,5.566151250030294e-05
2018-09-22 16:00:00,5.1731073196090895e-05
2018-09-22 17:00:00,5.514312964071806e-05
2018-09-22 18:00:00,4.6767579452822796e-05
2018-09-22 19:00:00,6.709708938819102e-05
2018-09-22 20:00:00,6.073401755706416e-05
2018-09-22 21:00:00,6.721813180903544e-05
2018-09-22 22:00:00,6.486812170650062e-05
2018-09-22 23:00:00,6.158993719293062e-05
2018-09-23 00:00:00,6.22006162176027e-05
2018-09-23 01:00:00,2.8658413613197083e-05
2018-09-23 02:00:00,2.767973409918526e-05
2018-09-23 03:00:00,2.0187905512102856e-05
2018-09-23 04:00:00,1.3064369599842579e-05
2018-09-23 05:00:00,1.3019793998813174e-05
2018-09-23 06:00:00,1.342739138415914e-05
2018-09-23 07:00:00,8.294951150362723e-06
2018-09-23 08:00:00,6.086302478894457e-06
2018-09-23 09:00:00,8.096645669522476e-06
2018-09-23 10:00:00,2.4186832253725153e-05
2018-09-23 11:00:00,3.44896063877362e-05
2018-09-23 12:00:00,3.786137941466543e-05
2018-09-23 13:00:00,4.560082418142776e-05
2018-09-23 14:00:00,4.93157373565434e-05
2018-09-23 15:00:00,6.135278202164018e-05
2018-09-23 16:00:00,5.417623256204431e-05
2018-09-23 17:00:00,4.860771106432232e-05
2018-09-23 18:00:00,5.021498183195501e-05
2018-09-23 19:00:00,4.509638593392661e-05
2018-09-23 20:00:00,4.94651770819057e-05
2018-09-23 21:00:00,3.8700781814395306e-05
2018-09-23 22:00:00,2.8260649626626808e-05
2018-09-23 23:00:00,3.058392867940267e-05
2018-09-24 00:00:00,3.072888864013364e-05
2018-09-24 01:00:00,3.166403656120017e-05
2018-09-24 02:00:00,3.0088545037178507e-05
2018-09-24 03:00:00,2.8060312544761673e-05
2018-09-24 04:00:00,2.2578335631067856e-05
2018-09-24 05:00:00,1.3655795761229086e-05
2018-09-24 06:00:00,1.246982492338611e-05
2018-09-24 07:00:00,1.7868169787116037e-05
2018-09-24 08:00:00,1.9280879631529588e-05
2018-09-24 09:00:00,2.4155184624135084e-05
2018-09-24 10:00:00,5.124151310744447e-05
2018-09-24 11:00:00,5.3409661083503054e-05
2018-09-24 12:00:00,5.8896434724415415e-05
2018-09-24 13:00:00,5.814884725448946e-05
2018-09-24 14:00:00,5.960893628757036e-05
2018-09-24 15:00:00,5.79837926483264e-05
2018-09-24 16:00:00,2.4677386445674785e-05
2018-09-24 17:00:00,2.314863856002638e-05
2018-09-24 18:00:00,2.2396990259621756e-05
2018-09-24 19:00:00,1.626760694568568e-05
2018-09-24 20:00:00,1.5340983305804537e-05
2018-09-24 21:00:00,1.9058562357288e-05
2018-09-24 22:00:00,2.336971179035121e-05
2018-09-24 23:00:00,3.2907031101258276e-05
2018-09-25 00:00:00,4.449091624341421e-05
2018-09-25 01:00:00,6.568628971674141e-05
2018-09-25 02:00:00,9.05930575549859e-05
2018-09-25 03:00:00,9.673649573497583e-05
2018-09-25 04:00:00,0.00010564447049122525
2018-09-25 05:00:00,0.00010161677099353118
2018-09-25 06:00:00,8.742398094568858e-05
2018-09-25 07:00:00,6.591151162411425e-05
2018-09-25 08:00:00,4.886332820357439e-05
2018-09-25 09:00:00,4.695002175502643e-05
2018-09-25 10:00:00,3.886532577977948e-05
2018-09-25 11:00:00,3.7125661942670464e-05
2018-09-25 12:00:00,4.20789632875518e-05
2018-09-25 13:00:00,4.525505676303221e-05
2018-09-25 14:00:00,3.910609130139297e-05
2018-09-25 15:00:00,3.75652776979321e-05
2018-09-25 16:00:00,4.717578261672246e-05
2018-09-25 17:00:00,5.043164902834319e-05
2018-09-25 18:00:00,5.33624281291192e-05
2018-09-25 19:00:00,6.872557119354947e-05
2018-09-25 20:00:00,6.81133734470046e-05
2018-09-25 21:00:00,0.00010598387878854002
2018-09-25 22:00:00,0.00012520232097569433
2018-09-25 23:00:00,0.0001324546442520583
2018-09-26 00:00:00,0.00014575389190014446
2018-09-26 01:00:00,0.00012535990382156646
2018-09-26 02:00:00,0.00012617838784065915
2018-09-26 03:00:00,7.530868912727325e-05
2018-09-26 04:00:00,3.863437039819624e-05
2018-09-26 05:00:00,3.2389774812425704e-05
2018-09-26 06:00:00,1.9623005905921556e-05
2018-09-26 07:00:00,1.7765038900985975e-05
2018-09-26 08:00:00,1.859706508798698e-05
2018-09-26 09:00:00,2.0658920566392667e-05
2018-09-26 10:00:00,2.2926877780352358e-05
2018-09-26 11:00:00,2.6696108727548916e-05
2018-09-26 12:00:00,3.278841491337066e-05
2018-09-26 13:00:00,3.8801380187267454e-05
2018-09-26 14:00:00,3.894877093205226e-05
2018-09-26 15:00:00,4.001737945810853e-05
2018-09-26 16:00:00,4.716526735169419e-05
2018-09-26 17:00:00,5.262152620119525e-05
2018-09-26 18:00:00,3.9646257969438576e-05
2018-09-26 19:00:00,3.492953300319915e-05
2018-09-26 20:00:00,3.541626340969254e-05
2018-09-26 21:00:00,3.386794903086863e-05
2018-09-26 22:00:00,2.7809403685831295e-05
2018-09-26 23:00:00,2.9460093542176862e-05
2018-09-27 00:00:00,3.5059865168944974e-05
2018-09-27 01:00:00,4.545699488055841e-05
2018-09-27 02:00:00,4.752367029232579e-05
2018-09-27 03:00:00,5.0786476444307006e-05
2018-09-27 04:00:00,4.354207952234647e-05
2018-09-27 05:00:00,3.2738829491326453e-05
2018-09-27 06:00:00,2.3835419121341374e-05
2018-09-27 07:00:00,1.3337604300279273e-05
2018-09-27 08:00:00,1.3753779051618306e-05
2018-09-27 09:00:00,1.724820637974849e-05
2018-09-27 10:00:00,2.1462794360628893e-05
2018-09-27 11:00:00,2.5369701726068834e-05
2018-09-27 12:00:00,2.9676415561968756e-05
2018-09-27 13:00:00,3.1600047895041885e-05
2018-09-27 14:00:00,3.664184160210975e-05
2018-09-27 15:00:00,3.5112029373005945e-05
2018-09-27 16:00:00,3.385016940585155e-05
2018-09-27 17:00:00,3.169048181322662e-05
2018-09-27 18:00:00,2.9137797772146e-05
2018-09-27 19:00:00,2.6455219491331448e-05
2018-09-27 20:00:00,4.9999076882103304e-05
2018-09-27 21:00:00,8.510941705924043e-05
2018-09-27 22:00:00,9.299053423126945e-05
2018-09-27 23:00:00,0.00010690896307690314
2018-09-28 00:00:00,0.00011923202965842826
2018-09-28 01:00:00,0.00012676346558017135
2018-09-28 02:00:00,8.763068889881335e-05
2018-09-28 03:00:00,4.72734392315739e-05
2018-09-28 04:00:00,4.120782880052809e-05
2018-09-28 05:00:00,2.8926333493386837e-05
2018-09-28 06:00:00,1.9395318516192418e-05
2018-09-28 07:00:00,2.3113956965082746e-05
2018-09-28 08:00:00,3.718551547792167e-05
2018-09-28 09:00:00,3.582314257238563e-05
2018-09-28 10:00:00,7.379263373254428e-05
2018-09-28 11:00:00,8.296350908774429e-05
2018-09-28 12:00:00,9.527267228869274e-05
2018-09-28 13:00:00,0.0001022613056826475
2018-09-28 14:00:00,9.752682271815384e-05
2018-09-28 15:00:00,0.00010592183032781694
2018-09-28 16:00:00,6.626435127179582e-05
2018-09-28 17:00:00,6.519998501312044e-05
2018-09-28 18:00:00,6.22147297401066e-05
2018-09-28 19:00:00,4.999807184944799e-05
2018-09-28 20:00:00,9.509108533089734e-05
2018-09-28 21:00:00,9.279781769819273e-05
2018-09-28 22:00:00,9.07664976944016e-05
2018-09-28 23:00:00,9.514956511984428e-05
2018-09-29 00:00:00,9.607532180470795e-05
2018-09-29 01:00:00,0.00010160923859278387
2018-09-29 02:00:00,4.203160293023782e-05
2018-09-29 03:00:00,4.2734493998172285e-05
2018-09-29 04:00:00,4.4455819098181846e-05
2018-09-29 05:00:00,4.952796790800987e-05
2018-09-29 06:00:00,5.137191279141044e-05
2018-09-29 07:00:00,5.7228461434279744e-05
2018-09-29 09:00:00,4.830137099157883e-05
2018-09-29 10:00:00,4.808408288175182e-05
2018-09-29 11:00:00,5.6591040882437654e-05
2018-09-29 12:00:00,6.11018216525041e-05
2018-09-29 13:00:00,7.23073272932784e-05
2018-09-29 14:00:00,8.112454687399824e-05
2018-09-29 15:00:00,8.279854199069102e-05
2018-09-29 16:00:00,9.445950766220196e-05
2018-09-29 17:00:00,8.978302652589021e-05
2018-09-29 18:00:00,8.457509570304009e-05
2018-09-29 19:00:00,7.817417970078102e-05
2018-09-29 20:00:00,6.718238442904067e-05
2018-09-29 21:00:00,8.065157808388816e-05
2018-09-29 22:00:00,7.732369090518111e-05
2018-09-29 23:00:00,7.858921839489679e-05
2018-09-30 00:00:00,9.550429135859709e-05
2018-09-30 01:00:00,0.00011559862217085582
2018-09-30 02:00:00,0.00013020138769353944
2018-09-30 03:00:00,0.0001054317739344213
2018-09-30 04:00:00,8.948080102477385e-05
2018-09-30 05:00:00,8.517167235565606e-05
2018-09-30 06:00:00,5.7975919743097085e-05
2018-09-30 07:00:00,3.155855029121523e-05
2018-09-30 08:00:00,1.2776094050631957e-05
2018-09-30 09:00:00,1.1069224314689084e-05
2018-09-30 10:00:00,1.1139708561417422e-05
2018-09-30 11:00:00,2.0815504730609158e-05
2018-09-30 12:00:00,2.370152663399827e-05
2018-09-30 13:00:00,2.8945454084052767e-05
2018-09-30 14:00:00,2.930949842722492e-05
2018-09-30 15:00:00,3.0363785629201743e-05
2018-09-30 16:00:00,3.276529062502909e-05
2018-09-30 17:00:00,2.3383635145123046e-05
2018-09-30 18:00:00,2.370969738125942e-05
2018-09-30 19:00:00,2.0197980368035193e-05
2018-09-30 20:00:00,2.2853823461421365e-05
2018-09-30 21:00:00,3.369379993970978e-05
