datetime,Garch_normal
2018-07-03 23:00:00,4.27462631199786e-05
2018-07-04 00:00:00,4.640193049751994e-05
2018-07-04 01:00:00,5.5836998334417324e-05
2018-07-04 02:00:00,4.574860209979951e-05
2018-07-04 03:00:00,4.330272990338663e-05
2018-07-04 04:00:00,4.2811469067921583e-05
2018-07-04 05:00:00,4.2228484397538305e-05
2018-07-04 06:00:00,4.3693552093687285e-05
2018-07-04 07:00:00,4.4961447073009776e-05
2018-07-04 08:00:00,4.416490670357983e-05
2018-07-04 09:00:00,5.301783330197189e-05
2018-07-04 10:00:00,4.5815545521794825e-05
2018-07-04 11:00:00,4.4961233201580664e-05
2018-07-04 12:00:00,4.4474614054641236e-05
2018-07-04 13:00:00,4.9048733249968876e-05
2018-07-04 14:00:00,0.00017701330650113115
2018-07-04 15:00:00,8.518967346823295e-05
2018-07-04 16:00:00,5.733864215571651e-05
2018-07-04 17:00:00,5.040925769526263e-05
2018-07-04 18:00:00,4.734575767200026e-05
2018-07-04 19:00:00,4.563094186445586e-05
2018-07-04 20:00:00,4.6780260176638795e-05
2018-07-04 21:00:00,4.582808242123032e-05
2018-07-04 22:00:00,4.522229207114294e-05
2018-07-04 23:00:00,9.029926222961602e-05
2018-07-05 00:00:00,5.8831632353707456e-05
2018-07-05 01:00:00,5.24197557391411e-05
2018-07-05 02:00:00,7.04235874398234e-05
2018-07-05 03:00:00,5.4238434929386876e-05
2018-07-05 04:00:00,4.916345928110606e-05
2018-07-05 06:00:00,4.6648652429193486e-05
2018-07-05 07:00:00,4.580361684458529e-05
2018-07-05 08:00:00,4.6351429274858326e-05
2018-07-05 09:00:00,4.695871210865889e-05
2018-07-05 10:00:00,4.656267235128328e-05
2018-07-05 11:00:00,4.580177345561377e-05
2018-07-05 12:00:00,4.704451658529771e-05
2018-07-05 13:00:00,4.767344777856473e-05
2018-07-05 14:00:00,5.006987248378076e-05
2018-07-05 15:00:00,4.689252725593064e-05
2018-07-05 16:00:00,4.699308227777245e-05
2018-07-05 17:00:00,4.6795774945639175e-05
2018-07-05 18:00:00,4.6584796561349236e-05
2018-07-05 19:00:00,7.783076843877282e-05
2018-07-05 20:00:00,5.699047868355205e-05
2018-07-05 21:00:00,4.7533858276195605e-05
2018-07-05 22:00:00,4.54394715017112e-05
2018-07-05 23:00:00,5.14354729251208e-05
2018-07-06 00:00:00,4.595121443104386e-05
2018-07-06 01:00:00,4.4104541051653055e-05
2018-07-06 02:00:00,4.5110707945169684e-05
2018-07-06 03:00:00,4.908817767884998e-05
2018-07-06 04:00:00,4.708658752505949e-05
2018-07-06 05:00:00,4.553916122042562e-05
2018-07-06 06:00:00,4.831124828217208e-05
2018-07-06 07:00:00,5.0239407266704456e-05
2018-07-06 08:00:00,4.895239159020195e-05
2018-07-06 09:00:00,4.822604823325812e-05
2018-07-06 10:00:00,4.625944898706284e-05
2018-07-06 11:00:00,5.0370339161410105e-05
2018-07-06 12:00:00,4.682217067013494e-05
2018-07-06 13:00:00,6.455074907939073e-05
2018-07-06 14:00:00,5.250517246616889e-05
2018-07-06 15:00:00,4.921004363950484e-05
2018-07-06 16:00:00,4.8031087438674934e-05
2018-07-06 17:00:00,4.681973601384132e-05
2018-07-06 18:00:00,5.6319479111137354e-05
2018-07-06 19:00:00,5.6037114179509766e-05
2018-07-06 20:00:00,5.039349108308223e-05
2018-07-06 21:00:00,4.824051344008521e-05
2018-07-06 22:00:00,4.96954984669943e-05
2018-07-06 23:00:00,4.9288104587357255e-05
2018-07-07 00:00:00,5.0773069727128514e-05
2018-07-07 01:00:00,4.850669550633826e-05
2018-07-07 02:00:00,5.083302108073974e-05
2018-07-07 03:00:00,5.0172090319439556e-05
2018-07-07 04:00:00,4.854986550257893e-05
2018-07-07 05:00:00,4.791021144837468e-05
2018-07-07 06:00:00,4.855745163674082e-05
2018-07-07 07:00:00,5.100862724704898e-05
2018-07-07 08:00:00,5.142091009203419e-05
2018-07-07 09:00:00,5.267281654113181e-05
2018-07-07 10:00:00,5.155681150347387e-05
2018-07-07 11:00:00,5.1526548366728275e-05
2018-07-07 12:00:00,5.087998444437386e-05
2018-07-07 13:00:00,5.0624506619619474e-05
2018-07-07 14:00:00,5.7076149714036125e-05
2018-07-07 15:00:00,5.7845383621486776e-05
2018-07-07 16:00:00,5.155397572430966e-05
2018-07-07 17:00:00,5.0008767019204335e-05
2018-07-07 18:00:00,4.920702802568993e-05
2018-07-07 19:00:00,4.76381466298964e-05
2018-07-07 20:00:00,4.716657244586862e-05
2018-07-07 21:00:00,4.9294470153691565e-05
2018-07-07 22:00:00,4.7814648182937635e-05
2018-07-07 23:00:00,5.9404012152594885e-05
2018-07-08 00:00:00,0.0002462105965784044
2018-07-08 01:00:00,0.00011750143198106536
2018-07-08 02:00:00,7.468027210515613e-05
2018-07-08 03:00:00,6.24085147409847e-05
2018-07-08 04:00:00,6.098571768878117e-05
2018-07-08 05:00:00,5.7735459146129085e-05
2018-07-08 06:00:00,5.8315459406732775e-05
2018-07-08 07:00:00,5.4737304293958725e-05
2018-07-08 08:00:00,5.400337569214301e-05
2018-07-08 09:00:00,5.330319787895921e-05
2018-07-08 10:00:00,5.268606683081926e-05
2018-07-08 11:00:00,5.277870221878068e-05
2018-07-08 12:00:00,5.3456969808060685e-05
2018-07-08 13:00:00,5.278820109088628e-05
2018-07-08 14:00:00,5.257657076008639e-05
2018-07-08 15:00:00,5.312150191723439e-05
2018-07-08 16:00:00,5.249116684723101e-05
2018-07-08 17:00:00,5.202832450610897e-05
2018-07-08 18:00:00,5.567085477821942e-05
2018-07-08 19:00:00,5.749164231033477e-05
2018-07-08 20:00:00,6.0440072797576294e-05
2018-07-08 21:00:00,6.428969959976125e-05
2018-07-08 22:00:00,6.509120093123682e-05
2018-07-08 23:00:00,5.805594796069212e-05
2018-07-09 00:00:00,6.434603058174502e-05
2018-07-09 01:00:00,5.406925981455595e-05
2018-07-09 02:00:00,5.172930931972794e-05
2018-07-09 03:00:00,4.84461095038775e-05
2018-07-09 04:00:00,4.793428942073577e-05
2018-07-09 05:00:00,4.852604263215668e-05
2018-07-09 06:00:00,4.931933754421692e-05
2018-07-09 07:00:00,5.016043812329519e-05
2018-07-09 08:00:00,5.0644164041366704e-05
2018-07-09 09:00:00,4.96557546964607e-05
2018-07-09 10:00:00,5.5693285804857784e-05
2018-07-09 11:00:00,5.110774365254026e-05
2018-07-09 12:00:00,5.851322253082482e-05
2018-07-09 13:00:00,5.3951932664501306e-05
2018-07-09 15:00:00,5.148306543926876e-05
2018-07-09 16:00:00,4.834087614085535e-05
2018-07-09 17:00:00,5.0705138978903875e-05
2018-07-09 18:00:00,4.8739561752357395e-05
2018-07-09 19:00:00,4.690422718989632e-05
2018-07-09 20:00:00,4.6728116914022094e-05
2018-07-09 21:00:00,4.605035717273117e-05
2018-07-09 22:00:00,4.939810561283936e-05
2018-07-09 23:00:00,4.8958875827767564e-05
2018-07-10 00:00:00,5.482674851677151e-05
2018-07-10 01:00:00,4.939773419648705e-05
2018-07-10 02:00:00,5.043215142006405e-05
2018-07-10 03:00:00,4.8993477259437655e-05
2018-07-10 04:00:00,4.680552781007366e-05
2018-07-10 05:00:00,4.6379616197415546e-05
2018-07-10 06:00:00,4.56192577770896e-05
2018-07-10 07:00:00,4.869589693187181e-05
2018-07-10 08:00:00,4.666777027756424e-05
2018-07-10 09:00:00,4.76656592339352e-05
2018-07-10 10:00:00,0.0001688141900356256
2018-07-10 11:00:00,8.791220377112664e-05
2018-07-10 12:00:00,0.00013530973801523954
2018-07-10 13:00:00,7.494594592528027e-05
2018-07-10 14:00:00,5.771740669678095e-05
2018-07-10 15:00:00,5.109782860387917e-05
2018-07-10 16:00:00,4.960457551586172e-05
2018-07-10 17:00:00,5.329141975889918e-05
2018-07-10 18:00:00,5.0230205761719795e-05
2018-07-10 19:00:00,5.041479709778915e-05
2018-07-10 20:00:00,5.0224941606403036e-05
2018-07-10 21:00:00,5.145994177099695e-05
2018-07-10 22:00:00,5.0926264055155135e-05
2018-07-11 00:00:00,4.830376651380793e-05
2018-07-11 01:00:00,9.474521830509007e-05
2018-07-11 02:00:00,6.507267176321813e-05
2018-07-11 03:00:00,5.3651913314143916e-05
2018-07-11 04:00:00,5.622083261748862e-05
2018-07-11 05:00:00,5.221801261577152e-05
2018-07-11 06:00:00,5.003616933387601e-05
2018-07-11 07:00:00,5.194834620112413e-05
2018-07-11 08:00:00,5.766361071433251e-05
2018-07-11 09:00:00,5.244743116692106e-05
2018-07-11 10:00:00,5.0379702364984525e-05
2018-07-11 12:00:00,4.448199801329458e-05
2018-07-11 13:00:00,4.263322022074118e-05
2018-07-11 14:00:00,4.20651848462275e-05
2018-07-11 15:00:00,4.224352000428393e-05
2018-07-11 16:00:00,4.204524559656935e-05
2018-07-11 17:00:00,4.320760841810114e-05
2018-07-11 18:00:00,4.248353532235515e-05
2018-07-11 19:00:00,4.1560375992099646e-05
2018-07-11 20:00:00,4.0368713600047987e-05
2018-07-11 21:00:00,4.0064666918836916e-05
2018-07-11 22:00:00,3.997107262306573e-05
2018-07-11 23:00:00,3.996122231627459e-05
2018-07-12 00:00:00,4.042810028181191e-05
2018-07-12 01:00:00,3.970614163059189e-05
2018-07-12 02:00:00,4.603465651990086e-05
2018-07-12 03:00:00,4.087326316210656e-05
2018-07-12 04:00:00,4.071091784743051e-05
2018-07-12 05:00:00,4.1162493762887703e-05
2018-07-12 06:00:00,4.067624827313878e-05
2018-07-12 07:00:00,0.00011208750214892041
2018-07-12 08:00:00,7.309028557915416e-05
2018-07-12 09:00:00,5.8399212517590386e-05
2018-07-12 10:00:00,5.118009273560964e-05
2018-07-12 11:00:00,4.8238387794579605e-05
2018-07-12 12:00:00,4.7450386161125105e-05
2018-07-12 13:00:00,4.84470360864007e-05
2018-07-12 14:00:00,4.743906017257744e-05
2018-07-12 15:00:00,4.716721936363547e-05
2018-07-12 16:00:00,4.721767617075198e-05
2018-07-12 17:00:00,4.7581005185914514e-05
2018-07-12 18:00:00,4.690687672742815e-05
2018-07-12 19:00:00,4.812636263833078e-05
2018-07-12 20:00:00,4.808686251749076e-05
2018-07-12 21:00:00,4.821723503565829e-05
2018-07-12 22:00:00,4.807887701991847e-05
2018-07-12 23:00:00,5.1716107987250046e-05
2018-07-13 00:00:00,0.00011809171518984614
2018-07-13 01:00:00,7.283801687254811e-05
2018-07-13 02:00:00,5.881504205377434e-05
2018-07-13 03:00:00,5.500197843242026e-05
2018-07-13 04:00:00,5.262587333130367e-05
2018-07-13 05:00:00,4.9937269365444886e-05
2018-07-13 06:00:00,4.955581250342645e-05
2018-07-13 07:00:00,4.9412494197844005e-05
2018-07-13 08:00:00,4.9715690865415936e-05
2018-07-13 09:00:00,4.602380787338242e-05
2018-07-13 10:00:00,4.442069159467329e-05
2018-07-13 11:00:00,4.444862627991844e-05
2018-07-13 12:00:00,4.484543951834675e-05
2018-07-13 13:00:00,4.953470999230661e-05
2018-07-13 14:00:00,4.970617916683683e-05
2018-07-13 15:00:00,4.573922204733448e-05
2018-07-13 16:00:00,4.582885594795429e-05
2018-07-13 17:00:00,4.504890975352903e-05
2018-07-13 18:00:00,4.545971579028064e-05
2018-07-13 19:00:00,4.893160612646971e-05
2018-07-13 20:00:00,7.081834995688559e-05
2018-07-13 21:00:00,5.490462646944272e-05
2018-07-13 22:00:00,5.5155545073310885e-05
2018-07-13 23:00:00,4.51310782314787e-05
2018-07-14 00:00:00,4.138999183802878e-05
2018-07-14 01:00:00,4.3255806302105234e-05
2018-07-14 02:00:00,4.045223838845992e-05
2018-07-14 03:00:00,4.048267352887834e-05
2018-07-14 04:00:00,4.203464342091257e-05
2018-07-14 05:00:00,4.142565962305546e-05
2018-07-14 06:00:00,4.0661135023703924e-05
2018-07-14 07:00:00,4.070421954814216e-05
2018-07-14 08:00:00,4.127315724913511e-05
2018-07-14 09:00:00,4.260834657609696e-05
2018-07-14 10:00:00,4.4210682392774345e-05
2018-07-14 11:00:00,4.5733056272105794e-05
2018-07-14 12:00:00,4.378811368802799e-05
2018-07-14 13:00:00,4.2131684125704234e-05
2018-07-14 14:00:00,4.224141242839821e-05
2018-07-14 15:00:00,4.2450219253646734e-05
2018-07-14 16:00:00,4.269189510809836e-05
2018-07-14 17:00:00,4.578171835124058e-05
2018-07-14 18:00:00,4.419796326573156e-05
2018-07-14 19:00:00,4.434931663836155e-05
2018-07-14 20:00:00,4.6967677551718086e-05
2018-07-14 21:00:00,4.0613104016678584e-05
2018-07-14 22:00:00,3.851403575758404e-05
2018-07-14 23:00:00,3.9873094671738984e-05
2018-07-15 00:00:00,3.837732567165283e-05
2018-07-15 01:00:00,3.722683872351375e-05
2018-07-15 02:00:00,3.685407000323492e-05
2018-07-15 03:00:00,3.700099023696908e-05
2018-07-15 04:00:00,3.6807602571420077e-05
2018-07-15 05:00:00,3.872142328703464e-05
2018-07-15 06:00:00,3.799279754284359e-05
2018-07-15 07:00:00,3.732831676981876e-05
2018-07-15 08:00:00,3.700460023537885e-05
2018-07-15 09:00:00,4.476981401026351e-05
2018-07-15 10:00:00,4.0224058790462366e-05
2018-07-15 11:00:00,4.551821762529299e-05
2018-07-15 12:00:00,4.230725459653717e-05
2018-07-15 13:00:00,4.25098410724216e-05
2018-07-15 14:00:00,4.3176086769979556e-05
2018-07-15 15:00:00,3.9635741672640684e-05
2018-07-16 08:00:00,4.161201538960853e-05
2018-07-16 09:00:00,3.770241219887547e-05
2018-07-16 10:00:00,0.0002176038652565978
2018-07-16 11:00:00,0.00010343288468883266
2018-07-16 12:00:00,0.00012873914205889492
2018-07-16 13:00:00,7.970708106968975e-05
2018-07-16 14:00:00,5.8027384848243075e-05
2018-07-16 15:00:00,5.433709644678487e-05
2018-07-16 16:00:00,4.29941004319589e-05
2018-07-16 17:00:00,4.149649978902846e-05
2018-07-16 18:00:00,5.4061800279003665e-05
2018-07-16 19:00:00,4.482723584243935e-05
2018-07-16 20:00:00,4.466236816802966e-05
2018-07-16 21:00:00,4.398369769694138e-05
2018-07-16 22:00:00,4.2793571993245624e-05
2018-07-16 23:00:00,4.2521402779337174e-05
2018-07-17 00:00:00,5.5603089266320724e-05
2018-07-17 01:00:00,4.766917431548918e-05
2018-07-17 02:00:00,4.50072959614489e-05
2018-07-17 03:00:00,4.3675121244391295e-05
2018-07-17 04:00:00,4.2272686611199406e-05
2018-07-17 05:00:00,4.648449626441518e-05
2018-07-17 06:00:00,4.427186488646678e-05
2018-07-17 07:00:00,4.3041696470599295e-05
2018-07-17 08:00:00,4.6276521206107525e-05
2018-07-17 09:00:00,4.4293246360936945e-05
2018-07-17 10:00:00,4.0400739091557175e-05
2018-07-17 11:00:00,4.1762896372312257e-05
2018-07-17 12:00:00,4.482905495341026e-05
2018-07-17 13:00:00,4.155555515736654e-05
2018-07-17 14:00:00,3.924057705328894e-05
2018-07-17 15:00:00,4.0759444395577344e-05
2018-07-17 16:00:00,5.806818071085915e-05
2018-07-17 17:00:00,4.7628696956982766e-05
2018-07-17 18:00:00,0.0012620692553751136
2018-07-17 19:00:00,0.0006600647868627024
2018-07-17 21:00:00,0.00025607769689331287
2018-07-17 22:00:00,0.000132110760092023
2018-07-17 23:00:00,9.916679507796576e-05
2018-07-18 00:00:00,7.125794595399089e-05
2018-07-18 01:00:00,6.990412080445498e-05
2018-07-18 02:00:00,6.382642437386222e-05
2018-07-18 03:00:00,8.943068219668664e-05
2018-07-18 04:00:00,9.510292546977955e-05
2018-07-18 05:00:00,7.653031854468149e-05
2018-07-18 06:00:00,7.221356991715693e-05
2018-07-18 07:00:00,6.596694934970521e-05
2018-07-18 08:00:00,6.799332158002198e-05
2018-07-18 09:00:00,9.589239356208083e-05
2018-07-18 10:00:00,7.919179726769854e-05
2018-07-18 11:00:00,6.25910845961315e-05
2018-07-18 12:00:00,5.8993401650239505e-05
2018-07-18 13:00:00,5.9414252055363585e-05
2018-07-18 14:00:00,5.795328929192432e-05
2018-07-18 15:00:00,5.5617419916822586e-05
2018-07-18 16:00:00,5.838718951385866e-05
2018-07-18 17:00:00,5.872941559083148e-05
2018-07-18 18:00:00,7.06542914564036e-05
2018-07-18 19:00:00,7.14945511474791e-05
2018-07-18 20:00:00,5.4122647968013265e-05
2018-07-18 21:00:00,6.453603067840843e-05
2018-07-18 22:00:00,4.943489746435631e-05
2018-07-18 23:00:00,5.0382907285397236e-05
2018-07-19 00:00:00,4.749884693700044e-05
2018-07-19 01:00:00,5.0837708184341574e-05
2018-07-19 02:00:00,5.328266912808875e-05
2018-07-19 03:00:00,4.9100230645159236e-05
2018-07-19 04:00:00,4.5052031523974764e-05
2018-07-19 05:00:00,4.429328526656087e-05
2018-07-19 06:00:00,4.5941802828991105e-05
2018-07-19 07:00:00,4.6153857514078297e-05
2018-07-19 08:00:00,4.843842233792841e-05
2018-07-19 09:00:00,4.692038863066445e-05
2018-07-19 10:00:00,7.996227971293999e-05
2018-07-19 11:00:00,6.141914130314291e-05
2018-07-19 12:00:00,5.8913101310245413e-05
2018-07-19 13:00:00,4.989245338207651e-05
2018-07-19 14:00:00,6.559648367173527e-05
2018-07-19 15:00:00,5.846229628366556e-05
2018-07-19 16:00:00,6.481402891978473e-05
2018-07-19 17:00:00,5.204856127995501e-05
2018-07-19 18:00:00,5.809621463870768e-05
2018-07-19 19:00:00,4.763115415740394e-05
2018-07-19 20:00:00,4.798843896619755e-05
2018-07-19 21:00:00,4.7720968039597976e-05
2018-07-19 22:00:00,4.426047408255247e-05
2018-07-19 23:00:00,4.8977414532746225e-05
2018-07-20 00:00:00,4.335607137385017e-05
2018-07-20 02:00:00,5.69971738450822e-05
2018-07-20 03:00:00,4.703938269308142e-05
2018-07-20 04:00:00,4.457240539856364e-05
2018-07-20 05:00:00,4.570422728701188e-05
2018-07-20 06:00:00,4.980295366160789e-05
2018-07-20 07:00:00,5.2598804460860706e-05
2018-07-20 08:00:00,6.795738808381831e-05
2018-07-20 09:00:00,5.236058313511894e-05
2018-07-20 10:00:00,4.784645298014763e-05
2018-07-20 11:00:00,4.813140861836769e-05
2018-07-20 12:00:00,4.8439212865376166e-05
2018-07-20 13:00:00,4.908832266344669e-05
2018-07-20 14:00:00,4.51928341745343e-05
2018-07-20 15:00:00,4.456537032955074e-05
2018-07-20 16:00:00,4.3514707507301555e-05
2018-07-20 17:00:00,4.786080530659111e-05
2018-07-20 18:00:00,0.00014294664842842507
2018-07-20 19:00:00,8.233303105743062e-05
2018-07-20 20:00:00,6.154685025961542e-05
2018-07-20 21:00:00,5.40313410720156e-05
2018-07-20 22:00:00,6.531728384312004e-05
2018-07-20 23:00:00,7.184179160426462e-05
2018-07-21 00:00:00,6.0700370325649044e-05
2018-07-21 01:00:00,0.0001014669124209571
2018-07-21 02:00:00,6.787790458848542e-05
2018-07-21 03:00:00,5.536268617178463e-05
2018-07-21 04:00:00,4.971750958133823e-05
2018-07-21 05:00:00,5.045794106963189e-05
2018-07-21 06:00:00,4.9697606241249654e-05
2018-07-21 07:00:00,4.926406200400591e-05
2018-07-21 08:00:00,4.938971049639078e-05
2018-07-21 09:00:00,4.7967092068456974e-05
2018-07-21 10:00:00,4.725861073614056e-05
2018-07-21 11:00:00,5.1981205737371925e-05
2018-07-21 12:00:00,5.015339619298403e-05
2018-07-21 13:00:00,4.946868328423002e-05
2018-07-21 14:00:00,4.7244629263083505e-05
2018-07-21 15:00:00,4.623585451049179e-05
2018-07-21 16:00:00,5.285023801139896e-05
2018-07-21 17:00:00,4.4333200317879354e-05
2018-07-21 18:00:00,4.0051544662988654e-05
2018-07-21 19:00:00,4.125282902766795e-05
2018-07-21 20:00:00,4.008617052761381e-05
2018-07-21 21:00:00,4.010735159761585e-05
2018-07-21 22:00:00,3.954525527683764e-05
2018-07-21 23:00:00,3.8814543568279056e-05
2018-07-22 00:00:00,3.891637224739698e-05
2018-07-22 01:00:00,4.2851774264453245e-05
2018-07-22 02:00:00,4.117065537247088e-05
2018-07-22 03:00:00,4.406493405127242e-05
2018-07-22 04:00:00,4.173452624304845e-05
2018-07-22 05:00:00,3.931548755945018e-05
2018-07-22 06:00:00,3.8142694058428875e-05
2018-07-22 07:00:00,3.911203911468135e-05
2018-07-22 08:00:00,3.788630528802406e-05
2018-07-22 09:00:00,4.8533981140098566e-05
2018-07-22 10:00:00,4.079718444741928e-05
2018-07-22 11:00:00,3.8249439470335075e-05
2018-07-22 12:00:00,3.7532969611171625e-05
2018-07-22 13:00:00,3.9150161080101294e-05
2018-07-22 14:00:00,4.1138577937657324e-05
2018-07-22 15:00:00,4.005101512883503e-05
2018-07-22 16:00:00,4.605366444597055e-05
2018-07-22 17:00:00,4.1407904140626624e-05
2018-07-22 18:00:00,3.95734007505008e-05
2018-07-22 19:00:00,3.9348917276431044e-05
2018-07-22 20:00:00,3.94094814827307e-05
2018-07-22 21:00:00,3.8840036988050786e-05
2018-07-22 22:00:00,0.00014300241637052168
2018-07-22 23:00:00,7.991900690985423e-05
2018-07-23 00:00:00,5.394043832354511e-05
2018-07-23 01:00:00,6.606804826395036e-05
2018-07-23 02:00:00,6.116075018006556e-05
2018-07-23 03:00:00,0.00011634847864505507
2018-07-23 04:00:00,6.789832775920678e-05
2018-07-23 05:00:00,6.322948755667827e-05
2018-07-23 06:00:00,5.538538416495135e-05
2018-07-23 07:00:00,5.3271774367374855e-05
2018-07-23 08:00:00,7.154584104321082e-05
2018-07-23 09:00:00,6.18648924775074e-05
2018-07-23 10:00:00,5.247294287189812e-05
2018-07-23 11:00:00,5.1836738188440635e-05
2018-07-23 12:00:00,5.036849450784387e-05
2018-07-23 13:00:00,5.1039750894517474e-05
2018-07-23 14:00:00,5.1059303784944086e-05
2018-07-23 15:00:00,5.255318528552022e-05
2018-07-23 16:00:00,5.232981980334535e-05
2018-07-23 17:00:00,5.141484530877052e-05
2018-07-23 18:00:00,5.0005543686596123e-05
2018-07-23 19:00:00,5.1132831658685086e-05
2018-07-23 20:00:00,5.035549015590387e-05
2018-07-23 21:00:00,5.665273307659655e-05
2018-07-23 22:00:00,5.6352331044046734e-05
2018-07-23 23:00:00,4.978719564805295e-05
2018-07-24 00:00:00,4.488612186773905e-05
2018-07-24 01:00:00,4.3687847012995634e-05
2018-07-24 02:00:00,4.441921430784031e-05
2018-07-24 03:00:00,4.050549887826e-05
2018-07-24 04:00:00,4.215620404052017e-05
2018-07-24 05:00:00,8.251799212453657e-05
2018-07-24 06:00:00,0.00010799364167167278
2018-07-24 07:00:00,6.282799418457459e-05
2018-07-24 08:00:00,5.33679450195643e-05
2018-07-24 09:00:00,4.725148051734986e-05
2018-07-24 10:00:00,4.61421610196366e-05
2018-07-24 11:00:00,9.555892767606812e-05
2018-07-24 12:00:00,0.00011352021254536142
2018-07-24 13:00:00,7.381086133026614e-05
2018-07-24 14:00:00,5.626245564032066e-05
2018-07-24 15:00:00,6.548321716567029e-05
2018-07-24 16:00:00,5.08223953121437e-05
2018-07-24 17:00:00,4.786197255457739e-05
2018-07-24 18:00:00,5.593795318355212e-05
2018-07-24 19:00:00,4.88372983140124e-05
2018-07-24 20:00:00,4.606169819777004e-05
2018-07-24 21:00:00,5.398496759483235e-05
2018-07-24 22:00:00,5.128239671376448e-05
2018-07-25 00:00:00,6.603644980523081e-05
2018-07-25 01:00:00,5.133413098154406e-05
2018-07-25 02:00:00,4.649151551512221e-05
2018-07-25 03:00:00,6.243574791097249e-05
2018-07-25 04:00:00,5.152619097684196e-05
2018-07-25 05:00:00,4.926722168367636e-05
2018-07-25 06:00:00,4.518379607071172e-05
2018-07-25 07:00:00,7.094673152848723e-05
2018-07-25 08:00:00,4.983496748442388e-05
2018-07-25 09:00:00,5.065957434880567e-05
2018-07-25 10:00:00,5.61585986042714e-05
2018-07-25 11:00:00,4.422088825897065e-05
2018-07-25 12:00:00,4.797828086551067e-05
2018-07-25 13:00:00,4.379726661879834e-05
2018-07-25 14:00:00,3.9585979712937047e-05
2018-07-25 15:00:00,3.940994071771924e-05
2018-07-25 16:00:00,5.502153549081953e-05
2018-07-25 17:00:00,4.829362943739097e-05
2018-07-25 18:00:00,4.985644730568071e-05
2018-07-25 19:00:00,5.151343180827218e-05
2018-07-25 20:00:00,7.197203016558819e-05
2018-07-25 21:00:00,5.104778004062742e-05
2018-07-25 22:00:00,8.42194346891184e-05
2018-07-25 23:00:00,5.676107512300819e-05
2018-07-26 00:00:00,7.02577127052409e-05
2018-07-26 01:00:00,6.065789193723167e-05
2018-07-26 02:00:00,4.6920045303860365e-05
2018-07-26 03:00:00,4.543173148786573e-05
2018-07-26 04:00:00,4.520478536523888e-05
2018-07-26 05:00:00,4.262214023234111e-05
2018-07-26 06:00:00,4.637033526876028e-05
2018-07-26 07:00:00,5.968124207727918e-05
2018-07-26 08:00:00,4.851192222845747e-05
2018-07-26 09:00:00,4.406021748958196e-05
2018-07-26 10:00:00,4.410062391918781e-05
2018-07-26 11:00:00,4.4571242013436856e-05
2018-07-26 12:00:00,4.5770351019012424e-05
2018-07-26 13:00:00,4.6296217121008576e-05
2018-07-26 14:00:00,4.5072286410635346e-05
2018-07-26 15:00:00,4.3706704178425976e-05
2018-07-26 16:00:00,4.376452269924648e-05
2018-07-26 17:00:00,4.2366717482414234e-05
2018-07-26 18:00:00,4.1985788230657156e-05
2018-07-26 19:00:00,4.581140564872245e-05
2018-07-26 20:00:00,4.797769192965508e-05
2018-07-26 21:00:00,0.00010957185950658523
2018-07-26 22:00:00,0.00023966367959554118
2018-07-26 23:00:00,0.00011586823411602004
2018-07-27 00:00:00,7.458915101393801e-05
2018-07-27 01:00:00,6.192486122367885e-05
2018-07-27 02:00:00,5.8953861872957256e-05
2018-07-27 03:00:00,6.091098290407528e-05
2018-07-27 04:00:00,5.882719741329391e-05
2018-07-27 05:00:00,7.035401747839567e-05
2018-07-27 06:00:00,6.0412065764589714e-05
2018-07-27 07:00:00,5.698975740746272e-05
2018-07-27 08:00:00,5.581506780915381e-05
2018-07-27 09:00:00,6.978029391340166e-05
2018-07-27 10:00:00,5.88735057521043e-05
2018-07-27 11:00:00,5.566134936834068e-05
2018-07-27 12:00:00,5.8916958886604474e-05
2018-07-27 13:00:00,8.961470729967419e-05
2018-07-27 14:00:00,7.45685237573547e-05
2018-07-27 15:00:00,8.389455761714867e-05
2018-07-27 16:00:00,0.0006643451670108946
2018-07-27 17:00:00,0.00024613106638167004
2018-07-27 18:00:00,0.00011549370255052585
2018-07-27 19:00:00,0.00010361748222924397
2018-07-27 20:00:00,8.101491098936204e-05
2018-07-27 21:00:00,5.98441020999702e-05
2018-07-27 22:00:00,5.228691576679472e-05
2018-07-27 23:00:00,4.673235336180647e-05
2018-07-28 00:00:00,5.34760200606734e-05
2018-07-28 01:00:00,4.537615937705184e-05
2018-07-28 02:00:00,4.245858687508493e-05
2018-07-28 03:00:00,4.1767221116300706e-05
2018-07-28 04:00:00,4.1511873975240285e-05
2018-07-28 05:00:00,4.885685773722116e-05
2018-07-28 06:00:00,4.839655358983357e-05
2018-07-28 07:00:00,4.4392546307836986e-05
2018-07-28 08:00:00,4.218959497834987e-05
2018-07-28 09:00:00,4.2060614354493304e-05
2018-07-28 10:00:00,4.274434392813569e-05
2018-07-28 11:00:00,4.259517278701718e-05
2018-07-28 12:00:00,4.192474542397991e-05
2018-07-28 13:00:00,4.156627082462634e-05
2018-07-28 14:00:00,4.411088804586281e-05
2018-07-28 15:00:00,4.439577005821241e-05
2018-07-28 16:00:00,4.321517369717101e-05
2018-07-28 17:00:00,5.4071258945461866e-05
2018-07-28 18:00:00,4.372460743865345e-05
2018-07-28 19:00:00,4.1391627450957094e-05
2018-07-28 20:00:00,4.041040797761589e-05
2018-07-28 21:00:00,4.25497664704573e-05
2018-07-28 22:00:00,4.1723947971273244e-05
2018-07-28 23:00:00,4.233958154961519e-05
2018-07-29 00:00:00,4.670055165652493e-05
2018-07-29 01:00:00,4.528519501371725e-05
2018-07-29 02:00:00,4.3393662457919164e-05
2018-07-29 03:00:00,4.80801766385469e-05
2018-07-29 04:00:00,4.388115559095533e-05
2018-07-29 05:00:00,4.6170247605990595e-05
2018-07-29 06:00:00,4.34621898094323e-05
2018-07-29 07:00:00,4.190033487786851e-05
2018-07-29 08:00:00,4.3268032604077356e-05
2018-07-29 09:00:00,4.5303090821868916e-05
2018-07-29 10:00:00,4.3219754951046455e-05
2018-07-29 11:00:00,4.285014462573381e-05
2018-07-29 12:00:00,4.197731828978157e-05
2018-07-29 13:00:00,4.830342183043148e-05
2018-07-29 14:00:00,4.33249446103971e-05
2018-07-29 15:00:00,4.197912577360448e-05
2018-07-29 16:00:00,3.978687905734687e-05
2018-07-29 17:00:00,4.788519224449042e-05
2018-07-29 18:00:00,4.480069508358771e-05
2018-07-29 19:00:00,4.491173416305284e-05
2018-07-29 20:00:00,4.2871575844432254e-05
2018-07-29 21:00:00,4.237358706424887e-05
2018-07-29 22:00:00,4.1646301941054435e-05
2018-07-29 23:00:00,4.132117584676213e-05
2018-07-30 00:00:00,4.462700465072266e-05
2018-07-30 01:00:00,5.730887991205654e-05
2018-07-30 02:00:00,5.988537551736495e-05
2018-07-30 03:00:00,4.9714770280630674e-05
2018-07-30 04:00:00,4.591533641222129e-05
2018-07-30 05:00:00,4.50675017424328e-05
2018-07-30 06:00:00,4.432744918093321e-05
2018-07-30 07:00:00,5.7145587620383256e-05
2018-07-30 08:00:00,5.5894616256492875e-05
2018-07-30 09:00:00,5.272827265783729e-05
2018-07-30 10:00:00,5.227126057427949e-05
2018-07-30 11:00:00,5.43696553108552e-05
2018-07-30 12:00:00,5.448984605669681e-05
2018-07-30 13:00:00,5.6941486791012714e-05
2018-07-30 14:00:00,5.6337844541102565e-05
2018-07-30 15:00:00,7.056752264981423e-05
2018-07-30 16:00:00,7.533850403175377e-05
2018-07-30 17:00:00,5.965298963449441e-05
2018-07-30 18:00:00,0.0002761733162028949
2018-07-30 19:00:00,0.00013398580900892378
2018-07-30 20:00:00,0.0001951131711319631
2018-07-30 21:00:00,0.00010363427790364194
2018-07-30 22:00:00,7.307482129263092e-05
2018-07-30 23:00:00,6.369407621665335e-05
2018-07-31 00:00:00,5.725181025632939e-05
2018-07-31 01:00:00,6.528210658218947e-05
2018-07-31 02:00:00,5.608820617485651e-05
2018-07-31 03:00:00,5.393019969590809e-05
2018-07-31 04:00:00,5.5009833863311694e-05
2018-07-31 05:00:00,5.471473139914939e-05
2018-07-31 06:00:00,5.4843435849745424e-05
2018-07-31 07:00:00,5.271210494922163e-05
2018-07-31 08:00:00,5.040146381113371e-05
2018-07-31 09:00:00,9.087585637672038e-05
2018-07-31 10:00:00,6.155025569551126e-05
2018-07-31 11:00:00,7.559249304889939e-05
2018-07-31 12:00:00,6.02986056769646e-05
2018-07-31 13:00:00,0.00020964295081660932
2018-07-31 14:00:00,0.00013254063506482796
2018-07-31 15:00:00,8.084734548689135e-05
2018-07-31 16:00:00,6.56541477434995e-05
2018-07-31 17:00:00,7.173466042847867e-05
2018-07-31 18:00:00,8.883606406278523e-05
2018-07-31 19:00:00,6.522932172292373e-05
2018-07-31 20:00:00,5.585828597558747e-05
2018-07-31 21:00:00,6.736396753867785e-05
2018-07-31 22:00:00,5.685872090453823e-05
2018-08-03 23:00:00,3.473114660273407e-05
2018-08-04 00:00:00,3.348557690808294e-05
2018-08-04 01:00:00,3.8217485025761345e-05
2018-08-04 02:00:00,3.600110250966515e-05
2018-08-04 03:00:00,3.43638493753936e-05
2018-08-04 04:00:00,3.588996800567547e-05
2018-08-04 05:00:00,3.653183892666944e-05
2018-08-04 06:00:00,4.133382387053021e-05
2018-08-04 07:00:00,3.874520250502936e-05
2018-08-04 08:00:00,3.98627591686153e-05
2018-08-04 09:00:00,3.7847066040306347e-05
2018-08-04 10:00:00,3.7178424706363945e-05
2018-08-04 11:00:00,4.8906413288920464e-05
2018-08-04 12:00:00,4.008675038376039e-05
2018-08-04 13:00:00,0.00014801198118591282
2018-08-04 14:00:00,7.123829534672071e-05
2018-08-04 15:00:00,0.00027285806872157174
2018-08-04 16:00:00,0.00016163539500353979
2018-08-04 17:00:00,8.301407654321205e-05
2018-08-04 18:00:00,5.9172853982874334e-05
2018-08-04 19:00:00,5.2173373326871224e-05
2018-08-04 20:00:00,5.0094939208379104e-05
2018-08-04 21:00:00,4.935764783588779e-05
2018-08-04 22:00:00,4.8066555324539476e-05
2018-08-04 23:00:00,4.9022610337531206e-05
2018-08-05 00:00:00,4.762364961569872e-05
2018-08-05 01:00:00,9.131445229747949e-05
2018-08-05 02:00:00,6.208977262295035e-05
2018-08-05 03:00:00,5.383208797652037e-05
2018-08-05 04:00:00,7.013522477645994e-05
2018-08-05 05:00:00,5.891760476975333e-05
2018-08-05 06:00:00,5.052082463447766e-05
2018-08-05 07:00:00,5.120233882605533e-05
2018-08-05 08:00:00,5.363947362760919e-05
2018-08-05 09:00:00,6.451981437942397e-05
2018-08-05 10:00:00,9.218784445978808e-05
2018-08-05 11:00:00,6.541304668410555e-05
2018-08-05 12:00:00,5.4307973898195033e-05
2018-08-05 13:00:00,5.006689305638508e-05
2018-08-05 14:00:00,8.366849818702801e-05
2018-08-05 15:00:00,6.158656237751796e-05
2018-08-05 16:00:00,7.691528056610634e-05
2018-08-05 17:00:00,5.037787900949006e-05
2018-08-05 18:00:00,4.391364962339784e-05
2018-08-05 19:00:00,4.2730046352390966e-05
2018-08-05 20:00:00,4.001264253042568e-05
2018-08-05 21:00:00,4.905211147239033e-05
2018-08-05 22:00:00,4.24556029750825e-05
2018-08-05 23:00:00,4.2465757419566825e-05
2018-08-06 00:00:00,4.01068690041064e-05
2018-08-06 01:00:00,3.8965076747068984e-05
2018-08-06 02:00:00,6.264852248079466e-05
2018-08-06 03:00:00,4.528415083938596e-05
2018-08-06 04:00:00,4.556742108615577e-05
2018-08-06 05:00:00,4.276717846791386e-05
2018-08-06 06:00:00,3.963534037838894e-05
2018-08-06 07:00:00,3.911623358869602e-05
2018-08-06 08:00:00,5.499293343316165e-05
2018-08-06 09:00:00,5.3662114935613526e-05
2018-08-06 10:00:00,4.259590423095882e-05
2018-08-06 11:00:00,4.038489845676854e-05
2018-08-06 12:00:00,3.840085559330882e-05
2018-08-06 13:00:00,3.87478705829052e-05
2018-08-06 14:00:00,4.886877985078068e-05
2018-08-06 15:00:00,4.369346331150182e-05
2018-08-06 16:00:00,4.297864544301074e-05
2018-08-06 17:00:00,5.582572742279082e-05
2018-08-06 18:00:00,4.458914236217442e-05
2018-08-06 19:00:00,4.097287205136211e-05
2018-08-06 20:00:00,4.221641807518697e-05
2018-08-06 21:00:00,4.1573489369009755e-05
2018-08-06 22:00:00,5.820593654070483e-05
2018-08-06 23:00:00,4.748281330734129e-05
2018-08-07 00:00:00,5.740618716120005e-05
2018-08-07 01:00:00,4.791645011393546e-05
2018-08-07 02:00:00,5.313869579374156e-05
2018-08-07 03:00:00,4.852526923654182e-05
2018-08-07 04:00:00,4.394552718355479e-05
2018-08-07 05:00:00,4.478235327900152e-05
2018-08-07 06:00:00,4.647796124858793e-05
2018-08-07 07:00:00,4.354419312400067e-05
2018-08-07 08:00:00,7.271352851218961e-05
2018-08-07 09:00:00,5.288399628592135e-05
2018-08-07 10:00:00,4.65535578227043e-05
2018-08-07 11:00:00,4.4039927068454254e-05
2018-08-07 12:00:00,4.837124475683755e-05
2018-08-07 13:00:00,4.931071309517463e-05
2018-08-07 14:00:00,5.500056720690256e-05
2018-08-07 15:00:00,4.699392114449123e-05
2018-08-07 16:00:00,4.41913130640236e-05
2018-08-07 17:00:00,4.0440765214700184e-05
2018-08-07 18:00:00,3.9621130089500565e-05
2018-08-07 19:00:00,4.138217880616112e-05
2018-08-07 20:00:00,8.307682866784662e-05
2018-08-07 21:00:00,0.0001362294579417488
2018-08-07 22:00:00,0.0001673926239777519
2018-08-07 23:00:00,8.509546773989419e-05
2018-08-08 00:00:00,6.377340956474681e-05
2018-08-08 01:00:00,0.00014121135983696456
2018-08-08 02:00:00,8.101448499282469e-05
2018-08-08 03:00:00,6.998049756224926e-05
2018-08-08 04:00:00,6.182291989103371e-05
2018-08-08 05:00:00,0.00010495618360339365
2018-08-08 06:00:00,7.424015443805986e-05
2018-08-08 07:00:00,5.584778913452233e-05
2018-08-08 08:00:00,0.0001037214074446121
2018-08-08 09:00:00,8.286978496925837e-05
2018-08-08 10:00:00,5.865919932290959e-05
2018-08-08 11:00:00,5.0655550443167225e-05
2018-08-08 12:00:00,5.243832443835553e-05
2018-08-08 13:00:00,5.0319243220320346e-05
2018-08-08 14:00:00,5.2122803333781414e-05
2018-08-08 15:00:00,5.1567299379814473e-05
2018-08-08 16:00:00,4.713435482035529e-05
2018-08-08 17:00:00,0.0003834720483671359
2018-08-08 18:00:00,0.00014166267304707283
2018-08-08 19:00:00,7.630025461424822e-05
2018-08-08 20:00:00,9.091304384202788e-05
2018-08-08 21:00:00,5.999489218124239e-05
2018-08-08 22:00:00,4.7064599232758386e-05
2018-08-08 23:00:00,5.1077396739561436e-05
2018-08-09 00:00:00,4.641764636039215e-05
2018-08-09 01:00:00,4.25100367572025e-05
2018-08-09 02:00:00,5.398866515541193e-05
2018-08-09 03:00:00,4.91003010763513e-05
2018-08-09 04:00:00,4.6952798194545447e-05
2018-08-09 05:00:00,4.82181734025704e-05
2018-08-09 06:00:00,4.54500665584528e-05
2018-08-09 07:00:00,4.5041173533091005e-05
2018-08-09 08:00:00,5.161533912539239e-05
2018-08-09 09:00:00,4.786016766868318e-05
2018-08-09 10:00:00,5.017639396950489e-05
2018-08-09 11:00:00,4.884059137321113e-05
2018-08-09 12:00:00,5.332120845026764e-05
2018-08-09 13:00:00,8.615385864500376e-05
2018-08-09 14:00:00,0.0003181206039141411
2018-08-09 15:00:00,0.00017662879842408595
2018-08-09 16:00:00,0.00011447534565885739
2018-08-09 17:00:00,6.96936187232413e-05
2018-08-09 18:00:00,5.9058715021049215e-05
2018-08-09 19:00:00,5.285797823648612e-05
2018-08-09 20:00:00,4.9800050998619354e-05
2018-08-09 21:00:00,6.413985413067602e-05
2018-08-09 22:00:00,8.886310397233155e-05
2018-08-09 23:00:00,6.220738226456871e-05
2018-08-10 00:00:00,7.326174730156858e-05
2018-08-10 01:00:00,5.7472106432623336e-05
2018-08-10 02:00:00,5.4586141350088524e-05
2018-08-10 03:00:00,7.099713550031298e-05
2018-08-10 04:00:00,5.800658952285001e-05
2018-08-10 05:00:00,6.11252629064334e-05
2018-08-10 06:00:00,5.347734455569791e-05
2018-08-10 07:00:00,5.197182571451595e-05
2018-08-10 08:00:00,5.3021222917171267e-05
2018-08-10 09:00:00,8.341925739836317e-05
2018-08-10 10:00:00,7.981217137954665e-05
2018-08-10 11:00:00,5.850921627479919e-05
2018-08-10 12:00:00,5.2932792129409755e-05
2018-08-10 13:00:00,0.00027974132760312444
2018-08-10 14:00:00,0.00010977064844427436
2018-08-10 15:00:00,8.694227945053657e-05
2018-08-10 16:00:00,6.0267793280606566e-05
2018-08-10 17:00:00,8.737230898413704e-05
2018-08-10 18:00:00,6.906012598228655e-05
2018-08-10 19:00:00,5.301110295437002e-05
2018-08-10 20:00:00,4.6898561765099625e-05
2018-08-10 21:00:00,0.0003993800867378359
2018-08-10 22:00:00,0.0003128161453095768
2018-08-10 23:00:00,0.00014169259025108443
2018-08-11 00:00:00,0.00011009032325893565
2018-08-11 01:00:00,0.00010243102293412836
2018-08-11 02:00:00,7.33781494974193e-05
2018-08-11 03:00:00,7.667443829505451e-05
2018-08-11 04:00:00,6.756319155418865e-05
2018-08-11 05:00:00,5.956583593215377e-05
2018-08-11 06:00:00,5.443894659903313e-05
2018-08-11 07:00:00,5.588646395219429e-05
2018-08-11 08:00:00,5.660433770920125e-05
2018-08-11 09:00:00,5.288907774003375e-05
2018-08-11 10:00:00,5.3109215630244863e-05
2018-08-11 11:00:00,5.196457891582652e-05
2018-08-11 12:00:00,5.37568249877179e-05
2018-08-11 13:00:00,5.259205730579323e-05
2018-08-11 14:00:00,5.307084421185688e-05
2018-08-11 15:00:00,5.4023336273531855e-05
2018-08-11 16:00:00,5.315492370216904e-05
2018-08-11 17:00:00,5.210919158771851e-05
2018-08-11 18:00:00,0.0011497154256609147
2018-08-11 19:00:00,0.00041950549117398276
2018-08-11 20:00:00,0.00016456893416322543
2018-08-11 21:00:00,9.031189587094023e-05
2018-08-11 22:00:00,6.234389308988865e-05
2018-08-11 23:00:00,5.630828421126366e-05
2018-08-12 00:00:00,0.00023171700626400306
2018-08-12 01:00:00,0.00012016859575254733
2018-08-12 02:00:00,7.380456505056188e-05
2018-08-12 03:00:00,6.368175758926335e-05
2018-08-12 04:00:00,5.981944864129858e-05
2018-08-12 05:00:00,6.086499354747412e-05
2018-08-12 06:00:00,9.372339111335897e-05
2018-08-12 07:00:00,6.822816474659328e-05
2018-08-12 08:00:00,6.295387356110661e-05
2018-08-12 09:00:00,5.987590559596096e-05
2018-08-12 10:00:00,6.132479907384927e-05
2018-08-12 11:00:00,5.904601834348055e-05
2018-08-12 12:00:00,5.966451642880592e-05
2018-08-12 13:00:00,0.0001246756295280387
2018-08-12 14:00:00,7.855184356398519e-05
2018-08-12 15:00:00,7.635282949420034e-05
2018-08-12 16:00:00,6.59203148613433e-05
2018-08-12 17:00:00,6.154728646231197e-05
2018-08-12 18:00:00,5.0858584176304755e-05
2018-08-12 19:00:00,4.9830296849108156e-05
2018-08-12 20:00:00,5.9414821184172905e-05
2018-08-12 21:00:00,5.935769620032459e-05
2018-08-12 22:00:00,6.438775168866455e-05
2018-08-12 23:00:00,6.14868672496988e-05
2018-08-13 00:00:00,6.411016554376348e-05
2018-08-13 01:00:00,5.849761554035167e-05
2018-08-13 02:00:00,6.070683429712105e-05
2018-08-13 03:00:00,6.333591744403089e-05
2018-08-13 04:00:00,6.705859573060811e-05
2018-08-13 05:00:00,6.333965593875062e-05
2018-08-13 06:00:00,6.272375732773545e-05
2018-08-13 07:00:00,0.00012701180153197925
2018-08-13 08:00:00,8.84807818815108e-05
2018-08-13 09:00:00,8.478891184929615e-05
2018-08-13 10:00:00,7.457624793014813e-05
2018-08-13 11:00:00,7.105236953718926e-05
2018-08-13 12:00:00,7.328907115708842e-05
2018-08-13 13:00:00,6.861293809155233e-05
2018-08-13 14:00:00,7.895299996637243e-05
2018-08-13 15:00:00,7.997834857345757e-05
2018-08-13 16:00:00,0.00014602605064352957
2018-08-13 17:00:00,9.044088286439515e-05
2018-08-13 18:00:00,0.00011586196903183844
2018-08-13 19:00:00,8.84904457151297e-05
2018-08-13 20:00:00,6.574569066405339e-05
2018-08-13 21:00:00,8.010640527888584e-05
2018-08-13 22:00:00,8.177669001560396e-05
2018-08-13 23:00:00,7.063066283597546e-05
2018-08-14 00:00:00,6.482519856053549e-05
2018-08-14 01:00:00,6.872123799854963e-05
2018-08-14 02:00:00,0.00036995620284230345
2018-08-14 03:00:00,0.00021718630202519009
2018-08-14 04:00:00,0.0001245337409124842
2018-08-14 05:00:00,7.395275633898302e-05
2018-08-14 06:00:00,6.154725396119041e-05
2018-08-14 07:00:00,5.3995999621896415e-05
2018-08-14 08:00:00,7.326190017646194e-05
2018-08-14 09:00:00,5.6694290421619556e-05
2018-08-14 10:00:00,5.3904282750835696e-05
2018-08-14 11:00:00,5.160085972313824e-05
2018-08-14 12:00:00,4.93235117644271e-05
2018-08-14 13:00:00,0.00010026593843080522
2018-08-14 14:00:00,6.725230209587472e-05
2018-08-14 15:00:00,0.00010990245542622103
2018-08-14 16:00:00,6.379215344690113e-05
2018-08-14 17:00:00,5.028384840048282e-05
2018-08-14 18:00:00,4.4359822759820614e-05
2018-08-14 19:00:00,4.7676265350947414e-05
2018-08-14 20:00:00,5.3522083577498675e-05
2018-08-14 21:00:00,4.9041084014351025e-05
2018-08-14 22:00:00,5.476751056129429e-05
2018-08-14 23:00:00,4.900337200811005e-05
2018-08-15 00:00:00,7.455091342308922e-05
2018-08-15 01:00:00,5.572726514679176e-05
2018-08-15 02:00:00,4.746152460793878e-05
2018-08-15 03:00:00,5.352482480889934e-05
2018-08-15 04:00:00,5.111459501940752e-05
2018-08-15 05:00:00,5.34396929696938e-05
2018-08-15 06:00:00,5.165373922992694e-05
2018-08-15 07:00:00,4.756857422069943e-05
2018-08-15 08:00:00,9.36793530416757e-05
2018-08-15 09:00:00,6.203446283675203e-05
2018-08-15 10:00:00,7.13173966037265e-05
2018-08-15 11:00:00,8.204885380304745e-05
2018-08-15 12:00:00,7.080912797943523e-05
2018-08-15 13:00:00,5.618973826993719e-05
2018-08-15 14:00:00,5.858998420866723e-05
2018-08-15 15:00:00,7.507346037010676e-05
2018-08-15 16:00:00,5.8146245969601636e-05
2018-08-15 17:00:00,0.0001771962905331523
2018-08-15 18:00:00,8.655797666095624e-05
2018-08-15 19:00:00,6.314381952664884e-05
2018-08-15 20:00:00,0.00019460164730353402
2018-08-15 21:00:00,8.846672359926867e-05
2018-08-15 22:00:00,6.59182497173422e-05
2018-08-15 23:00:00,8.559280841678594e-05
2018-08-16 00:00:00,8.41378421821362e-05
2018-08-16 01:00:00,5.940994512779771e-05
2018-08-16 02:00:00,5.2201488787886614e-05
2018-08-16 03:00:00,5.1097500767440205e-05
2018-08-16 04:00:00,4.758704886567048e-05
2018-08-16 05:00:00,5.055633877263919e-05
2018-08-16 06:00:00,4.818753487628178e-05
2018-08-16 07:00:00,4.490489440723599e-05
2018-08-16 08:00:00,8.138552923842422e-05
2018-08-16 09:00:00,5.541474522691932e-05
2018-08-16 10:00:00,4.686670008576334e-05
2018-08-16 11:00:00,5.988266978794729e-05
2018-08-16 12:00:00,4.788530197988291e-05
2018-08-16 13:00:00,0.00013816683521851802
2018-08-16 14:00:00,7.90906540425229e-05
2018-08-16 15:00:00,6.188745453570103e-05
2018-08-16 16:00:00,0.00010086771670645172
2018-08-16 17:00:00,5.864650554940251e-05
2018-08-16 18:00:00,4.6916491700564206e-05
2018-08-16 19:00:00,4.346329184540408e-05
2018-08-16 20:00:00,4.2607661529746394e-05
2018-08-16 21:00:00,0.000169787281624647
2018-08-16 22:00:00,8.389513352416389e-05
2018-08-16 23:00:00,5.476651979324968e-05
2018-08-17 00:00:00,5.4342062305574744e-05
2018-08-17 01:00:00,4.9763541407158754e-05
2018-08-17 02:00:00,4.514004050273193e-05
2018-08-17 03:00:00,7.41920567244164e-05
2018-08-17 04:00:00,5.093201827067643e-05
2018-08-17 05:00:00,5.640400791660344e-05
2018-08-17 06:00:00,4.850793713793111e-05
2018-08-17 07:00:00,6.391080478220929e-05
2018-08-17 08:00:00,4.914303717340847e-05
2018-08-17 10:00:00,5.368138059625974e-05
2018-08-17 11:00:00,7.179621664576588e-05
2018-08-17 12:00:00,6.1364964726031e-05
2018-08-17 13:00:00,4.917365912207513e-05
2018-08-17 14:00:00,4.4996570331056715e-05
2018-08-17 15:00:00,4.490334039384221e-05
2018-08-17 16:00:00,4.5530120915816964e-05
2018-08-17 17:00:00,4.575485466669285e-05
2018-08-17 18:00:00,4.448656508820464e-05
2018-08-17 19:00:00,4.4260773637726655e-05
2018-08-17 20:00:00,4.6003687711189455e-05
2018-08-17 21:00:00,4.491728140233718e-05
2018-08-17 22:00:00,4.704076877588678e-05
2018-08-17 23:00:00,5.872515808357393e-05
2018-08-18 00:00:00,4.965208204099045e-05
2018-08-18 01:00:00,4.630665523855684e-05
2018-08-18 02:00:00,6.52579853874675e-05
2018-08-18 03:00:00,5.438700317243697e-05
2018-08-18 04:00:00,4.8956737096785745e-05
2018-08-18 05:00:00,4.521560135844887e-05
2018-08-18 06:00:00,4.2994345777037254e-05
2018-08-18 07:00:00,4.860797190101253e-05
2018-08-18 08:00:00,4.3517437689106635e-05
2018-08-18 09:00:00,4.2445278246732964e-05
2018-08-18 10:00:00,4.212785877594104e-05
2018-08-18 11:00:00,4.319697121462233e-05
2018-08-18 12:00:00,4.150206340737614e-05
2018-08-18 13:00:00,4.501246377542219e-05
2018-08-18 14:00:00,0.0001279500291911481
2018-08-18 15:00:00,6.946022389637108e-05
2018-08-18 16:00:00,5.3146002649072655e-05
2018-08-18 17:00:00,4.722224007259351e-05
2018-08-18 18:00:00,4.472766300792954e-05
2018-08-18 19:00:00,4.728878310257047e-05
2018-08-18 20:00:00,4.311255372487407e-05
2018-08-18 21:00:00,4.2174606097989654e-05
2018-08-18 22:00:00,4.6092816476892e-05
2018-08-18 23:00:00,4.269945601359756e-05
2018-08-19 00:00:00,4.164113178945997e-05
2018-08-19 01:00:00,4.5773346429463977e-05
2018-08-19 02:00:00,4.458498162935637e-05
2018-08-19 03:00:00,4.529979817529188e-05
2018-08-19 04:00:00,5.145902806038344e-05
2018-08-19 05:00:00,5.3133264316587925e-05
2018-08-19 06:00:00,4.6852338337070015e-05
2018-08-19 07:00:00,4.685495902111411e-05
2018-08-19 08:00:00,4.480452709880969e-05
2018-08-19 09:00:00,4.642508010426839e-05
2018-08-19 10:00:00,4.475746273707049e-05
2018-08-19 11:00:00,4.586760290481263e-05
2018-08-19 12:00:00,5.599942704063985e-05
2018-08-19 13:00:00,4.831291099694578e-05
2018-08-19 14:00:00,5.030983628669439e-05
2018-08-19 15:00:00,4.857735915862279e-05
2018-08-19 16:00:00,4.586425943190518e-05
2018-08-19 17:00:00,4.646196048973776e-05
2018-08-19 18:00:00,4.501392918088025e-05
2018-08-19 19:00:00,4.175816271332233e-05
2018-08-19 20:00:00,4.218926094478777e-05
2018-08-19 21:00:00,0.0001785304480830999
2018-08-19 22:00:00,8.983206621992451e-05
2018-08-19 23:00:00,5.742133634390914e-05
2018-08-20 00:00:00,5.420357555455601e-05
2018-08-20 01:00:00,4.883789040077194e-05
2018-08-20 02:00:00,4.5075284444511176e-05
2018-08-20 03:00:00,4.4867748580291175e-05
2018-08-20 04:00:00,4.426737161519585e-05
2018-08-20 05:00:00,4.6226870404437945e-05
2018-08-20 06:00:00,4.4421562578532926e-05
2018-08-20 07:00:00,4.869962291515563e-05
2018-08-20 08:00:00,4.829670414795938e-05
2018-08-20 09:00:00,4.748677843509842e-05
2018-08-20 10:00:00,5.058767137575394e-05
2018-08-20 11:00:00,4.630859093856367e-05
2018-08-20 12:00:00,5.318754501265327e-05
2018-08-20 13:00:00,4.695479820340902e-05
2018-08-20 14:00:00,4.5685347865823746e-05
2018-08-20 15:00:00,4.450963672099624e-05
2018-08-20 16:00:00,4.5125740289040415e-05
2018-08-20 17:00:00,5.763557992219454e-05
2018-08-20 18:00:00,4.6978770510140896e-05
2018-08-20 19:00:00,4.357050979499459e-05
2018-08-20 20:00:00,4.572970726107178e-05
2018-08-20 21:00:00,4.1884933165671e-05
2018-08-20 22:00:00,4.927038224507364e-05
2018-08-20 23:00:00,0.00012607091269414437
2018-08-21 00:00:00,9.215341958890856e-05
2018-08-21 01:00:00,7.992199490039828e-05
2018-08-21 02:00:00,5.829820209313787e-05
2018-08-21 03:00:00,5.241807951738196e-05
2018-08-21 04:00:00,5.077818723298463e-05
2018-08-21 05:00:00,5.2750163513666435e-05
2018-08-21 06:00:00,5.395098019138092e-05
2018-08-21 07:00:00,8.762418531934352e-05
2018-08-21 08:00:00,6.216575801091177e-05
2018-08-21 09:00:00,9.176557390148013e-05
2018-08-21 10:00:00,7.465578623555757e-05
2018-08-21 11:00:00,6.004816448440847e-05
2018-08-21 12:00:00,5.4863260398113824e-05
2018-08-21 13:00:00,5.200337269865655e-05
2018-08-21 14:00:00,5.809220469614192e-05
2018-08-21 15:00:00,5.489463318462582e-05
2018-08-21 16:00:00,5.208352456665287e-05
2018-08-21 17:00:00,5.314821063866344e-05
2018-08-21 18:00:00,5.5734008710732844e-05
2018-08-21 19:00:00,6.204345556743546e-05
2018-08-21 20:00:00,5.663232077953633e-05
2018-08-21 21:00:00,5.5733244553067856e-05
2018-08-21 22:00:00,5.363142873151684e-05
2018-08-21 23:00:00,4.657451980695932e-05
2018-08-22 00:00:00,4.317508346954675e-05
2018-08-22 01:00:00,4.398554750635302e-05
2018-08-22 02:00:00,0.0009683928916142061
2018-08-22 03:00:00,0.0004031391312254139
2018-08-22 04:00:00,0.00016032251171242427
2018-08-22 05:00:00,8.768680427156132e-05
2018-08-22 06:00:00,8.292327790371322e-05
2018-08-22 07:00:00,6.672184634034557e-05
2018-08-22 08:00:00,6.98653568893645e-05
2018-08-22 09:00:00,6.659717478688874e-05
2018-08-22 10:00:00,6.212727384104603e-05
2018-08-22 11:00:00,6.124622238339447e-05
2018-08-22 12:00:00,5.965142890033372e-05
2018-08-22 13:00:00,5.881067298150257e-05
2018-08-22 14:00:00,6.135747388649854e-05
2018-08-22 15:00:00,6.527185740396372e-05
2018-08-22 16:00:00,0.00041224982284734127
2018-08-22 17:00:00,0.0002031470855874429
2018-08-22 18:00:00,0.0001210633390523771
2018-08-22 19:00:00,0.00010549709472997596
2018-08-22 20:00:00,9.538674089349133e-05
2018-08-22 21:00:00,0.00022757122710123263
2018-08-22 22:00:00,0.00015644205225474374
2018-08-22 23:00:00,0.00012873531049844962
2018-08-23 00:00:00,0.00010769999823408083
2018-08-23 01:00:00,0.0001625551213286482
2018-08-23 02:00:00,9.111130533739163e-05
2018-08-23 03:00:00,7.652291526421465e-05
2018-08-23 04:00:00,7.54237744850239e-05
2018-08-23 05:00:00,7.557886746436984e-05
2018-08-23 06:00:00,8.548184689382199e-05
2018-08-23 07:00:00,7.868283551672748e-05
2018-08-23 08:00:00,7.86704751572864e-05
2018-08-23 09:00:00,8.131121151668662e-05
2018-08-23 10:00:00,8.81914367125718e-05
2018-08-23 11:00:00,8.667779760092478e-05
2018-08-23 12:00:00,8.692194165115774e-05
2018-08-23 13:00:00,9.020103075225789e-05
2018-08-23 14:00:00,8.268550655934728e-05
2018-08-23 15:00:00,8.068318411605088e-05
2018-08-23 16:00:00,7.465659259652079e-05
2018-08-23 17:00:00,6.359433614110974e-05
2018-08-23 18:00:00,6.284233799806872e-05
2018-08-23 19:00:00,6.290255257202293e-05
2018-08-23 20:00:00,6.959057242486522e-05
2018-08-23 21:00:00,5.810002576713818e-05
2018-08-23 22:00:00,7.69278384829298e-05
2018-08-23 23:00:00,5.8282105410668064e-05
2018-08-24 00:00:00,5.056483495387081e-05
2018-08-24 01:00:00,5.424621672427872e-05
2018-08-24 02:00:00,4.792422928916597e-05
2018-08-24 03:00:00,4.536632174000173e-05
2018-08-24 04:00:00,4.502240954500711e-05
2018-08-24 05:00:00,4.4982515717628166e-05
2018-08-24 06:00:00,4.6242121665504415e-05
2018-08-24 07:00:00,4.556900516495909e-05
2018-08-24 08:00:00,4.8474581298623986e-05
2018-08-24 09:00:00,4.606932220539917e-05
2018-08-24 10:00:00,4.446551995876276e-05
2018-08-24 11:00:00,4.495805238701133e-05
2018-08-24 12:00:00,4.3973360103439086e-05
2018-08-24 13:00:00,4.500367984990127e-05
2018-08-24 14:00:00,4.6149279853912784e-05
2018-08-24 15:00:00,4.928043284476791e-05
2018-08-24 16:00:00,4.6932170432152505e-05
2018-08-24 17:00:00,5.656411988811692e-05
2018-08-24 18:00:00,5.960794912156235e-05
2018-08-24 19:00:00,6.552366249496922e-05
2018-08-24 20:00:00,5.3828505992427096e-05
2018-08-24 21:00:00,4.967810574378037e-05
2018-08-24 22:00:00,8.088752162460487e-05
2018-08-24 23:00:00,5.70134983038419e-05
2018-08-25 00:00:00,5.017771864753313e-05
2018-08-25 01:00:00,5.3567404604394805e-05
2018-08-25 02:00:00,5.066072420664454e-05
2018-08-25 03:00:00,5.391670477734609e-05
2018-08-25 04:00:00,5.59901569887938e-05
2018-08-25 05:00:00,5.056897188120063e-05
2018-08-25 06:00:00,4.835587445324895e-05
2018-08-25 07:00:00,5.3316520171458386e-05
2018-08-25 08:00:00,4.833876749072262e-05
2018-08-25 09:00:00,5.116848684993324e-05
2018-08-25 10:00:00,4.7380033083165666e-05
2018-08-25 11:00:00,4.605489214824169e-05
2018-08-25 12:00:00,4.441264271952375e-05
2018-08-25 13:00:00,4.306353663932988e-05
2018-08-25 14:00:00,4.279999062470099e-05
2018-08-25 15:00:00,4.536749640601307e-05
2018-08-25 16:00:00,4.445871231600953e-05
2018-08-25 17:00:00,4.576484596184836e-05
2018-08-25 18:00:00,4.2500412099749205e-05
2018-08-25 19:00:00,4.2812663193436985e-05
2018-08-25 21:00:00,4.1620466463204486e-05
2018-08-25 22:00:00,4.0855175409936665e-05
2018-08-25 23:00:00,4.288109402433006e-05
2018-08-26 00:00:00,4.1593099590035545e-05
2018-08-26 01:00:00,4.2526323757003905e-05
2018-08-26 02:00:00,4.441072979964141e-05
2018-08-26 03:00:00,8.79457150138194e-05
2018-08-26 04:00:00,5.952376578565976e-05
2018-08-26 05:00:00,4.67513648377462e-05
2018-08-26 06:00:00,5.0631202826001515e-05
2018-08-26 07:00:00,4.589894562292131e-05
2018-08-26 08:00:00,4.7804482563978426e-05
2018-08-26 09:00:00,4.4222623802330115e-05
2018-08-26 10:00:00,4.838046079650767e-05
2018-08-26 11:00:00,4.4458338625321706e-05
2018-08-26 12:00:00,5.0149961214781066e-05
2018-08-26 13:00:00,4.538160084151953e-05
2018-08-26 14:00:00,4.757783289374749e-05
2018-08-26 15:00:00,4.5493641845481034e-05
2018-08-26 16:00:00,4.407185011283523e-05
2018-08-26 17:00:00,4.633721928566081e-05
2018-08-26 18:00:00,4.370855868726548e-05
2018-08-26 19:00:00,5.412448699432161e-05
2018-08-26 20:00:00,4.68974255927938e-05
2018-08-26 21:00:00,4.723380414454664e-05
2018-08-26 22:00:00,4.330091457555976e-05
2018-08-26 23:00:00,4.203311903831374e-05
2018-08-27 00:00:00,4.384253432240722e-05
2018-08-27 01:00:00,4.2040978870552205e-05
2018-08-27 02:00:00,4.55865473929386e-05
2018-08-27 03:00:00,4.132745585269032e-05
2018-08-27 04:00:00,4.039068460153422e-05
2018-08-27 05:00:00,4.426399164624516e-05
2018-08-27 06:00:00,4.103620293004478e-05
2018-08-27 07:00:00,4.065839691554387e-05
2018-08-27 08:00:00,4.109983790308172e-05
2018-08-27 09:00:00,4.1040787722081445e-05
2018-08-27 10:00:00,4.152020666406623e-05
2018-08-27 11:00:00,4.198743117986599e-05
2018-08-27 12:00:00,4.152793736197392e-05
2018-08-27 13:00:00,4.615564090434894e-05
2018-08-27 14:00:00,4.775323734975411e-05
2018-08-27 15:00:00,4.3786754217852815e-05
2018-08-27 16:00:00,4.742798275822375e-05
2018-08-27 17:00:00,4.3770651006530966e-05
2018-08-27 18:00:00,4.198941946058981e-05
2018-08-27 19:00:00,4.239412709367392e-05
2018-08-27 20:00:00,4.2423629095648516e-05
2018-08-27 21:00:00,4.325069174045268e-05
2018-08-27 22:00:00,4.1960104308600445e-05
2018-08-27 23:00:00,4.335303660172124e-05
2018-08-28 00:00:00,0.00019156203401251678
2018-08-28 01:00:00,9.244700099492537e-05
2018-08-28 02:00:00,6.291764713469099e-05
2018-08-28 03:00:00,5.7462606340585434e-05
2018-08-28 04:00:00,5.230946182159267e-05
2018-08-28 05:00:00,5.3656876025431e-05
2018-08-28 06:00:00,5.148876926947539e-05
2018-08-28 07:00:00,5.082123025941098e-05
2018-08-28 08:00:00,5.120528978500472e-05
2018-08-28 09:00:00,5.039295127711553e-05
2018-08-28 10:00:00,5.069062382950464e-05
2018-08-28 11:00:00,5.0747474347023764e-05
2018-08-28 12:00:00,0.00012853982963661445
2018-08-28 13:00:00,7.727493179292718e-05
2018-08-28 14:00:00,7.713939050315242e-05
2018-08-28 15:00:00,6.649162047005921e-05
2018-08-28 16:00:00,6.230914080424277e-05
2018-08-28 17:00:00,6.35630243359848e-05
2018-08-28 18:00:00,6.587158161981554e-05
2018-08-28 19:00:00,5.9059256032977403e-05
2018-08-28 20:00:00,6.271542013025541e-05
2018-08-28 21:00:00,5.7933702738577124e-05
2018-08-28 22:00:00,5.815938642541556e-05
2018-08-28 23:00:00,5.7828998362481013e-05
2018-08-29 00:00:00,4.7531479900058226e-05
2018-08-29 01:00:00,4.779285984469164e-05
2018-08-29 02:00:00,4.7902684416884904e-05
2018-08-29 03:00:00,5.170388457977531e-05
2018-08-29 04:00:00,4.765186907763583e-05
2018-08-29 05:00:00,4.68655316835236e-05
2018-08-29 06:00:00,5.135613193296085e-05
2018-08-29 07:00:00,5.077244081589236e-05
2018-08-29 08:00:00,5.035157575002745e-05
2018-08-29 09:00:00,5.099442103406846e-05
2018-08-29 10:00:00,5.746695490010896e-05
2018-08-29 11:00:00,5.601742094426519e-05
2018-08-29 12:00:00,4.48022184089113e-05
2018-08-29 13:00:00,4.3267079865945675e-05
2018-08-29 14:00:00,4.280414885145899e-05
2018-08-29 15:00:00,4.406088507294779e-05
2018-08-29 16:00:00,0.00010238051743043072
2018-08-29 17:00:00,6.474896220339182e-05
2018-08-29 18:00:00,5.495552637359432e-05
2018-08-29 19:00:00,4.9246045685528856e-05
2018-08-29 20:00:00,4.742074147615944e-05
2018-08-29 21:00:00,5.2160815563776725e-05
2018-08-29 22:00:00,4.9158079253436895e-05
2018-08-29 23:00:00,4.6779583984628254e-05
2018-08-30 00:00:00,4.8135087040765226e-05
2018-08-30 01:00:00,4.911370900223438e-05
2018-08-30 02:00:00,4.945998839636613e-05
2018-08-30 03:00:00,5.6144826770492566e-05
2018-08-30 04:00:00,5.296903545768185e-05
2018-08-30 05:00:00,4.99337076840693e-05
2018-08-30 06:00:00,5.497071589447895e-05
2018-08-30 07:00:00,4.837809942319938e-05
2018-08-30 08:00:00,4.682464031224528e-05
2018-08-30 09:00:00,5.250750964297733e-05
2018-08-30 10:00:00,5.156928931495825e-05
2018-08-30 11:00:00,4.840602474802318e-05
2018-08-30 12:00:00,6.704888998198368e-05
2018-08-30 13:00:00,6.199745613520244e-05
2018-08-30 14:00:00,5.223636043983423e-05
2018-08-30 15:00:00,5.09713893052342e-05
2018-08-30 16:00:00,4.2885270023073325e-05
2018-08-30 17:00:00,4.205973316859474e-05
2018-08-30 18:00:00,4.2309571606469146e-05
2018-08-30 19:00:00,5.197001978332654e-05
2018-08-30 20:00:00,4.464162639307603e-05
2018-08-30 21:00:00,9.753530447204058e-05
2018-08-30 22:00:00,6.124311360393214e-05
2018-08-30 23:00:00,4.880849840028036e-05
2018-08-31 00:00:00,5.815658467809607e-05
2018-08-31 01:00:00,5.136568951424724e-05
2018-08-31 02:00:00,4.435830147750302e-05
2018-08-31 03:00:00,4.2570006576177944e-05
2018-08-31 04:00:00,4.3530179332684504e-05
2018-08-31 05:00:00,4.788189763857068e-05
2018-08-31 06:00:00,4.364243788470108e-05
2018-08-31 07:00:00,4.184436881215059e-05
2018-08-31 08:00:00,4.634713169915456e-05
2018-08-31 09:00:00,4.324527529054161e-05
2018-08-31 10:00:00,4.0551332451383736e-05
2018-08-31 11:00:00,4.025229435099288e-05
2018-08-31 12:00:00,4.085413317409074e-05
2018-08-31 13:00:00,5.993088996795985e-05
2018-08-31 14:00:00,4.998086276940814e-05
2018-08-31 15:00:00,4.3264637954118736e-05
2018-08-31 16:00:00,4.477651452255899e-05
2018-08-31 17:00:00,5.047797896330943e-05
2018-08-31 18:00:00,5.992913369669074e-05
2018-08-31 19:00:00,4.813478195845024e-05
2018-08-31 20:00:00,4.4449796438953654e-05
2018-08-31 21:00:00,4.2261117403868285e-05
2018-08-31 22:00:00,4.421940753220666e-05
2018-09-03 23:00:00,3.467055308241265e-05
2018-09-04 00:00:00,3.41149055954676e-05
2018-09-04 01:00:00,3.647083185609854e-05
2018-09-04 02:00:00,3.797089591668957e-05
2018-09-04 03:00:00,4.041050558320839e-05
2018-09-04 04:00:00,3.8963436426695394e-05
2018-09-04 05:00:00,3.8677653819554435e-05
2018-09-04 06:00:00,3.84438821291292e-05
2018-09-04 07:00:00,3.8983279318557815e-05
2018-09-04 08:00:00,4.045987544235679e-05
2018-09-04 09:00:00,4.0204545141076936e-05
2018-09-04 10:00:00,3.8144930690418734e-05
2018-09-04 11:00:00,3.932767672139112e-05
2018-09-04 12:00:00,3.88273602245357e-05
2018-09-04 13:00:00,4.444290608407708e-05
2018-09-04 14:00:00,4.209113576065435e-05
2018-09-04 15:00:00,4.0898338106736294e-05
2018-09-04 16:00:00,4.0475078148138224e-05
2018-09-04 17:00:00,4.0080559104787386e-05
2018-09-04 18:00:00,4.0242464774262295e-05
2018-09-04 19:00:00,4.723174837896931e-05
2018-09-04 20:00:00,4.336623823303842e-05
2018-09-04 21:00:00,4.327150496874595e-05
2018-09-04 22:00:00,4.248977632452349e-05
2018-09-04 23:00:00,4.15744831055513e-05
2018-09-05 00:00:00,4.136544042899535e-05
2018-09-05 01:00:00,4.19162837987401e-05
2018-09-05 02:00:00,3.959778377172198e-05
2018-09-05 03:00:00,3.978843873583385e-05
2018-09-05 04:00:00,3.945237740860199e-05
2018-09-05 05:00:00,4.126332897702664e-05
2018-09-05 06:00:00,4.2626769365208025e-05
2018-09-05 07:00:00,4.1366978040052724e-05
2018-09-05 08:00:00,4.0886101238857915e-05
2018-09-05 09:00:00,4.08894346383513e-05
2018-09-05 10:00:00,0.00044636857775531873
2018-09-05 11:00:00,0.00032569600297893475
2018-09-05 12:00:00,0.00014989404479313442
2018-09-05 13:00:00,9.282739890445418e-05
2018-09-05 14:00:00,8.996241857837455e-05
2018-09-05 15:00:00,7.710849101975767e-05
2018-09-05 16:00:00,7.551870040418813e-05
2018-09-05 17:00:00,0.00012213343502023665
2018-09-05 18:00:00,8.952581314674394e-05
2018-09-05 19:00:00,7.872966394186824e-05
2018-09-05 20:00:00,7.668822999243065e-05
2018-09-05 21:00:00,9.247253096978831e-05
2018-09-05 22:00:00,8.580801385675511e-05
2018-09-05 23:00:00,8.506544632443422e-05
2018-09-06 00:00:00,0.0006113992111754992
2018-09-06 01:00:00,0.0012692166763117667
2018-09-06 02:00:00,0.00045398744956622825
2018-09-06 03:00:00,0.00021467205842799438
2018-09-06 04:00:00,0.00013826697404462667
2018-09-06 05:00:00,9.618891179357275e-05
2018-09-06 06:00:00,9.727954554743493e-05
2018-09-06 07:00:00,8.643525993802291e-05
2018-09-06 08:00:00,7.279178956099593e-05
2018-09-06 09:00:00,7.171592030050686e-05
2018-09-06 10:00:00,8.296688697624932e-05
2018-09-06 11:00:00,6.468192019663848e-05
2018-09-06 12:00:00,6.59924211053142e-05
2018-09-06 13:00:00,6.153095760666758e-05
2018-09-06 14:00:00,0.00012299069427211784
2018-09-06 15:00:00,8.362505747135547e-05
2018-09-06 16:00:00,8.309009716549367e-05
2018-09-06 17:00:00,6.527418697882206e-05
2018-09-06 18:00:00,7.37436077843959e-05
2018-09-06 19:00:00,7.492648818171766e-05
2018-09-06 20:00:00,8.152024661478471e-05
2018-09-06 21:00:00,7.000931178760107e-05
2018-09-06 22:00:00,6.314852137551984e-05
2018-09-06 23:00:00,6.51279234616682e-05
2018-09-07 00:00:00,6.770606766601087e-05
2018-09-07 01:00:00,4.606109171971073e-05
2018-09-07 02:00:00,4.7095098133112065e-05
2018-09-07 03:00:00,4.47461559251414e-05
2018-09-07 04:00:00,4.3762293680276114e-05
2018-09-07 05:00:00,4.460315931888047e-05
2018-09-07 06:00:00,4.807241138088387e-05
2018-09-07 07:00:00,5.930967524608568e-05
2018-09-07 08:00:00,5.446977279518027e-05
2018-09-07 09:00:00,5.6217589337781234e-05
2018-09-07 10:00:00,4.7012811343028864e-05
2018-09-07 11:00:00,9.455813174882089e-05
2018-09-07 12:00:00,5.9862644161554295e-05
2018-09-07 13:00:00,7.148898951259094e-05
2018-09-07 14:00:00,5.2724991502225e-05
2018-09-07 15:00:00,4.9656872128686604e-05
2018-09-07 16:00:00,5.684201401295489e-05
2018-09-07 17:00:00,7.384283371820117e-05
2018-09-07 18:00:00,5.6993304217008214e-05
2018-09-07 19:00:00,4.467401651262354e-05
2018-09-07 20:00:00,4.252256018034703e-05
2018-09-07 21:00:00,4.659586615142801e-05
2018-09-07 22:00:00,4.86790909806037e-05
2018-09-07 23:00:00,4.566203155861568e-05
2018-09-08 00:00:00,4.293213157516408e-05
2018-09-08 01:00:00,4.702078158898302e-05
2018-09-08 02:00:00,4.426539458060381e-05
2018-09-08 03:00:00,4.4830617728719586e-05
2018-09-08 04:00:00,4.54039966416374e-05
2018-09-08 05:00:00,4.316604077099459e-05
2018-09-08 06:00:00,4.594124463585156e-05
2018-09-08 07:00:00,4.438552552913819e-05
2018-09-08 09:00:00,4.537741620753022e-05
2018-09-08 10:00:00,4.495431719888012e-05
2018-09-08 11:00:00,4.4060125000762916e-05
2018-09-08 12:00:00,4.3950784899783126e-05
2018-09-08 13:00:00,4.6675006844409435e-05
2018-09-08 16:00:00,4.5385522985649294e-05
2018-09-08 17:00:00,6.241230106021736e-05
2018-09-08 18:00:00,0.00025962512154648456
2018-09-08 19:00:00,0.0001342346924021063
2018-09-08 20:00:00,8.415483808299487e-05
2018-09-08 21:00:00,7.090770531557635e-05
2018-09-08 22:00:00,6.510673198033246e-05
2018-09-08 23:00:00,6.345559672050079e-05
2018-09-09 00:00:00,6.282412901542244e-05
2018-09-09 02:00:00,6.42240840431632e-05
2018-09-09 03:00:00,7.719363341412321e-05
2018-09-09 04:00:00,6.815878651869426e-05
2018-09-09 05:00:00,7.373528999703146e-05
2018-09-09 06:00:00,7.156999797763497e-05
2018-09-09 07:00:00,6.530130520350725e-05
2018-09-09 08:00:00,6.1024721303890826e-05
2018-09-09 09:00:00,5.996474894650361e-05
2018-09-09 10:00:00,0.0004198336980270049
2018-09-09 11:00:00,0.0001671210042062407
2018-09-09 12:00:00,9.352739801084206e-05
2018-09-09 13:00:00,7.214597567642024e-05
2018-09-09 14:00:00,6.54446906227232e-05
2018-09-09 15:00:00,6.303996840349703e-05
2018-09-09 16:00:00,6.1000720995486024e-05
2018-09-09 17:00:00,6.226930059421968e-05
2018-09-09 18:00:00,5.500440357613225e-05
2018-09-09 19:00:00,5.166428682821918e-05
2018-09-09 20:00:00,5.355333890231442e-05
2018-09-09 21:00:00,5.240232985317071e-05
2018-09-09 22:00:00,5.9085695735452154e-05
2018-09-09 23:00:00,0.00016712948335302903
2018-09-10 00:00:00,8.825580978801234e-05
2018-09-10 01:00:00,6.428719418310471e-05
2018-09-10 02:00:00,9.531761962075929e-05
2018-09-10 03:00:00,6.625065053298508e-05
2018-09-10 04:00:00,5.79945603106985e-05
2018-09-10 05:00:00,5.505165981891108e-05
2018-09-10 06:00:00,5.209435502409482e-05
2018-09-10 07:00:00,5.6463864440715974e-05
2018-09-10 08:00:00,5.310310141853513e-05
2018-09-10 09:00:00,5.6024373665438067e-05
2018-09-10 10:00:00,4.552318457380483e-05
2018-09-10 11:00:00,4.434364280525174e-05
2018-09-10 12:00:00,4.533278713362077e-05
2018-09-10 13:00:00,4.5750537125797426e-05
2018-09-10 14:00:00,4.3224133593621725e-05
2018-09-10 15:00:00,4.296726979152179e-05
2018-09-10 16:00:00,4.3751045304763333e-05
2018-09-10 17:00:00,5.0261774332910006e-05
2018-09-10 18:00:00,4.5122600955400825e-05
2018-09-10 19:00:00,4.4503310083785116e-05
2018-09-10 20:00:00,4.438588820412895e-05
2018-09-10 21:00:00,4.424571171404852e-05
2018-09-10 22:00:00,4.377615024567943e-05
2018-09-11 00:00:00,4.006682130589173e-05
2018-09-11 01:00:00,3.922277215544108e-05
2018-09-11 02:00:00,6.104431612789351e-05
2018-09-11 03:00:00,5.001049335363444e-05
2018-09-11 04:00:00,4.229094280302564e-05
2018-09-11 05:00:00,4.298062343770361e-05
2018-09-11 06:00:00,4.01168841060756e-05
2018-09-11 07:00:00,3.8155744387355754e-05
2018-09-11 08:00:00,4.0483397759584186e-05
2018-09-11 09:00:00,3.853506720905206e-05
2018-09-11 10:00:00,3.940234690439446e-05
2018-09-11 11:00:00,4.046922372837523e-05
2018-09-11 12:00:00,5.162943631499578e-05
2018-09-11 13:00:00,4.241709893901564e-05
2018-09-11 14:00:00,4.059181603241014e-05
2018-09-11 16:00:00,6.162193233337103e-05
2018-09-11 17:00:00,4.6036205844520734e-05
2018-09-11 18:00:00,4.240287463455631e-05
2018-09-11 19:00:00,4.071580413077859e-05
2018-09-11 20:00:00,4.146312133815794e-05
2018-09-11 21:00:00,3.987626876968717e-05
2018-09-11 22:00:00,5.870641282895767e-05
2018-09-11 23:00:00,5.020034341873374e-05
2018-09-12 00:00:00,4.354862468030721e-05
2018-09-12 01:00:00,4.603264507745449e-05
2018-09-12 02:00:00,4.307807759158963e-05
2018-09-12 03:00:00,4.2907025038738967e-05
2018-09-12 04:00:00,4.255253000315786e-05
2018-09-12 05:00:00,4.2414979951606004e-05
2018-09-12 06:00:00,4.2478395167949106e-05
2018-09-12 07:00:00,4.597026989259942e-05
2018-09-12 08:00:00,4.370910028724334e-05
2018-09-12 09:00:00,4.264472637456385e-05
2018-09-12 10:00:00,4.4100373305214175e-05
2018-09-12 11:00:00,4.564032676742622e-05
2018-09-12 12:00:00,4.257359044527484e-05
2018-09-12 13:00:00,4.305497219241098e-05
2018-09-12 14:00:00,5.0796140360404776e-05
2018-09-12 15:00:00,4.48647651141764e-05
2018-09-12 16:00:00,4.267098833946654e-05
2018-09-12 17:00:00,4.1915361768027374e-05
2018-09-12 18:00:00,4.215863080419572e-05
2018-09-12 19:00:00,4.3865183693213595e-05
2018-09-12 20:00:00,4.166910780767281e-05
2018-09-12 21:00:00,3.9882975471626904e-05
2018-09-12 22:00:00,3.718356329025432e-05
2018-09-12 23:00:00,4.459065242372847e-05
2018-09-13 00:00:00,4.031074012058576e-05
2018-09-13 01:00:00,7.763927951455247e-05
2018-09-13 02:00:00,5.0463547061991276e-05
2018-09-13 03:00:00,4.0998584747454365e-05
2018-09-13 04:00:00,3.969347984498706e-05
2018-09-13 05:00:00,3.976178708890158e-05
2018-09-13 06:00:00,4.139102263261756e-05
2018-09-13 07:00:00,4.061486941799605e-05
2018-09-13 08:00:00,3.966608611455997e-05
2018-09-13 09:00:00,4.393270549907355e-05
2018-09-13 10:00:00,4.372085903299714e-05
2018-09-13 11:00:00,4.1016167900954196e-05
2018-09-13 12:00:00,4.4383600271612465e-05
2018-09-13 13:00:00,4.28061087790283e-05
2018-09-13 14:00:00,5.598740739716084e-05
2018-09-13 15:00:00,4.919818136259812e-05
2018-09-13 16:00:00,4.419268522163037e-05
2018-09-13 17:00:00,4.8465696077936025e-05
2018-09-13 18:00:00,4.545650971719463e-05
2018-09-13 19:00:00,4.575516051994101e-05
2018-09-13 20:00:00,5.129333938568227e-05
2018-09-13 21:00:00,4.781762548146713e-05
2018-09-13 22:00:00,4.5968058433249e-05
2018-09-13 23:00:00,4.6273045811335176e-05
2018-09-14 00:00:00,4.629936962648107e-05
2018-09-14 01:00:00,5.1068268020646875e-05
2018-09-14 02:00:00,5.155571513496517e-05
2018-09-14 03:00:00,6.728898883032438e-05
2018-09-14 04:00:00,4.9720053720882335e-05
2018-09-14 05:00:00,4.389368128956786e-05
2018-09-14 06:00:00,4.264707864527782e-05
2018-09-14 07:00:00,4.468020247444219e-05
2018-09-14 08:00:00,4.4286736119884736e-05
2018-09-14 09:00:00,0.00014996611204908824
2018-09-14 10:00:00,7.677067345618266e-05
2018-09-14 11:00:00,5.462326897067316e-05
2018-09-14 12:00:00,5.011240298105655e-05
2018-09-14 13:00:00,4.5772732568126665e-05
2018-09-14 14:00:00,4.590728697724705e-05
2018-09-14 15:00:00,4.470657896171425e-05
2018-09-14 16:00:00,4.909065883119104e-05
2018-09-14 17:00:00,4.8947003768475065e-05
2018-09-14 18:00:00,5.527956309473227e-05
2018-09-14 19:00:00,4.728190230572317e-05
2018-09-14 20:00:00,7.22885702124739e-05
2018-09-14 21:00:00,5.207025430356351e-05
2018-09-14 22:00:00,4.814051904364353e-05
2018-09-14 23:00:00,4.4534719048686306e-05
2018-09-15 00:00:00,5.382562192838934e-05
2018-09-15 01:00:00,4.664388320344895e-05
2018-09-15 02:00:00,4.9001568837606434e-05
2018-09-15 03:00:00,4.564047870094002e-05
2018-09-15 04:00:00,4.3728114354617584e-05
2018-09-15 05:00:00,4.4269018131894145e-05
2018-09-15 07:00:00,4.278677600848257e-05
2018-09-15 08:00:00,4.4698738301650886e-05
2018-09-15 09:00:00,4.135248480857046e-05
2018-09-15 10:00:00,4.168202567749763e-05
2018-09-15 11:00:00,4.0594505914380055e-05
2018-09-15 12:00:00,4.015166010965668e-05
2018-09-15 13:00:00,4.0451630711623055e-05
2018-09-15 14:00:00,3.9999211673264916e-05
2018-09-15 15:00:00,3.987871057320287e-05
2018-09-15 16:00:00,3.980727327003087e-05
2018-09-15 17:00:00,4.0552502079681454e-05
2018-09-15 18:00:00,3.97194608639372e-05
2018-09-15 19:00:00,4.5077744106829405e-05
2018-09-15 20:00:00,4.261077246506543e-05
2018-09-15 21:00:00,4.122720013754288e-05
2018-09-15 22:00:00,4.54675241984468e-05
2018-09-15 23:00:00,4.282061971809144e-05
2018-09-16 00:00:00,4.0909462249194973e-05
2018-09-16 01:00:00,4.055216385004772e-05
2018-09-16 02:00:00,4.51062066952537e-05
2018-09-16 03:00:00,4.1955042432587006e-05
2018-09-16 04:00:00,4.1427911241719805e-05
2018-09-16 05:00:00,5.667250354244356e-05
2018-09-16 06:00:00,5.1749085333465156e-05
2018-09-16 07:00:00,4.738061508934112e-05
2018-09-16 08:00:00,4.484680632714051e-05
2018-09-16 09:00:00,5.032947428152924e-05
2018-09-16 10:00:00,4.6032871492641455e-05
2018-09-16 11:00:00,4.369061043222815e-05
2018-09-16 12:00:00,4.307061621764745e-05
2018-09-16 13:00:00,4.256850807967958e-05
2018-09-16 14:00:00,4.588745569826303e-05
2018-09-16 15:00:00,4.3152619431094345e-05
2018-09-16 16:00:00,4.2728771170024155e-05
2018-09-16 17:00:00,4.358949094237529e-05
2018-09-16 18:00:00,4.388172477132748e-05
2018-09-16 19:00:00,4.3346866949025726e-05
2018-09-16 20:00:00,4.592198807291685e-05
2018-09-16 21:00:00,4.255211875664341e-05
2018-09-16 22:00:00,4.2040698604331614e-05
2018-09-16 23:00:00,4.0316365113313164e-05
2018-09-17 00:00:00,3.998678971756972e-05
2018-09-17 01:00:00,4.316715931889533e-05
2018-09-17 02:00:00,4.3369305535258915e-05
2018-09-17 03:00:00,4.1699844688475614e-05
2018-09-17 04:00:00,4.11156997497785e-05
2018-09-17 05:00:00,4.1949412333452844e-05
2018-09-17 06:00:00,3.8431516581897774e-05
2018-09-17 07:00:00,3.7298280852719236e-05
2018-09-17 08:00:00,3.725553934175282e-05
2018-09-17 09:00:00,3.766547283496494e-05
2018-09-17 10:00:00,4.172942002292888e-05
2018-09-17 11:00:00,4.191501087699503e-05
2018-09-17 12:00:00,4.020365720805242e-05
2018-09-17 13:00:00,4.3431346187089444e-05
2018-09-17 14:00:00,4.45853064898719e-05
2018-09-17 15:00:00,7.448593904441694e-05
2018-09-17 16:00:00,0.00012045767391093651
2018-09-17 17:00:00,6.891541042361861e-05
2018-09-17 18:00:00,5.9457567012557387e-05
2018-09-17 19:00:00,5.097252138932536e-05
2018-09-17 20:00:00,5.4973510859181004e-05
2018-09-17 21:00:00,7.539093934932693e-05
2018-09-17 22:00:00,6.542472296448872e-05
2018-09-17 23:00:00,5.3098250160970944e-05
2018-09-18 00:00:00,4.976630826575185e-05
2018-09-18 01:00:00,4.868982367111582e-05
2018-09-18 02:00:00,4.60450641004094e-05
2018-09-18 03:00:00,4.723510362534404e-05
2018-09-18 04:00:00,4.86031799181906e-05
2018-09-18 05:00:00,5.0856672347599554e-05
2018-09-18 06:00:00,5.061534014689287e-05
2018-09-18 07:00:00,5.1109254943243594e-05
2018-09-18 08:00:00,5.595962338698993e-05
2018-09-18 09:00:00,5.794802355367091e-05
2018-09-18 10:00:00,5.07175947877531e-05
2018-09-18 11:00:00,5.032614697893792e-05
2018-09-18 12:00:00,6.0114971046491955e-05
2018-09-18 13:00:00,6.182809757024244e-05
2018-09-18 14:00:00,6.655982691159193e-05
2018-09-18 15:00:00,5.156965252959449e-05
2018-09-18 16:00:00,4.348232448186365e-05
2018-09-18 17:00:00,4.2911966425647994e-05
2018-09-18 18:00:00,4.5569048069644216e-05
2018-09-18 19:00:00,4.2621936605581955e-05
2018-09-18 20:00:00,5.300930997840757e-05
2018-09-18 21:00:00,4.90968202121411e-05
2018-09-18 22:00:00,4.541765576980204e-05
2018-09-18 23:00:00,4.775086734310964e-05
2018-09-19 00:00:00,4.672975793290911e-05
2018-09-19 01:00:00,4.7848911392362506e-05
2018-09-19 02:00:00,4.7612473947123834e-05
2018-09-19 03:00:00,4.6874102990159734e-05
2018-09-19 04:00:00,4.541162435126451e-05
2018-09-19 05:00:00,4.6674264382172846e-05
2018-09-19 06:00:00,4.7526559582793357e-05
2018-09-19 07:00:00,4.8743113578828516e-05
2018-09-19 08:00:00,4.880802461686292e-05
2018-09-19 09:00:00,5.326452295520852e-05
2018-09-19 10:00:00,5.5749144922600604e-05
2018-09-19 11:00:00,5.7065480814555634e-05
2018-09-19 12:00:00,6.363682339031708e-05
2018-09-19 13:00:00,5.574977867732714e-05
2018-09-19 14:00:00,5.2479542423414524e-05
2018-09-19 15:00:00,6.0280602077403374e-05
2018-09-19 16:00:00,5.480776381553516e-05
2018-09-19 17:00:00,5.3568987509217844e-05
2018-09-19 18:00:00,5.246058397560922e-05
2018-09-19 19:00:00,0.0003287307540314371
2018-09-19 20:00:00,0.0008728672795947453
2018-09-19 21:00:00,0.00031183354650778664
2018-09-19 22:00:00,0.00014785885035239197
2018-09-19 23:00:00,9.15301324627697e-05
2018-09-20 00:00:00,7.359805887799191e-05
2018-09-20 01:00:00,7.35378310944007e-05
2018-09-20 02:00:00,6.920227461847872e-05
2018-09-20 03:00:00,6.800293270806003e-05
2018-09-20 04:00:00,6.635688304727584e-05
2018-09-20 05:00:00,6.567826660144527e-05
2018-09-20 06:00:00,6.470906921564842e-05
2018-09-20 07:00:00,6.334455689325088e-05
2018-09-20 08:00:00,6.318204396583852e-05
2018-09-20 09:00:00,6.103726154078982e-05
2018-09-20 10:00:00,6.117404844268134e-05
2018-09-20 11:00:00,6.007157752180072e-05
2018-09-20 12:00:00,6.156039504952509e-05
2018-09-20 13:00:00,5.8982283293412585e-05
2018-09-20 14:00:00,5.805655812101342e-05
2018-09-20 15:00:00,6.032769847272205e-05
2018-09-20 16:00:00,6.0634371286372635e-05
2018-09-20 17:00:00,6.138903284562297e-05
2018-09-20 18:00:00,6.565820192155913e-05
2018-09-20 19:00:00,5.7258119013508575e-05
2018-09-20 20:00:00,4.2463372875589905e-05
2018-09-20 21:00:00,5.298789608166728e-05
2018-09-20 22:00:00,0.0001599937394671316
2018-09-20 23:00:00,8.883068783111367e-05
2018-09-21 00:00:00,7.297892203316183e-05
2018-09-21 01:00:00,6.106756874933166e-05
2018-09-21 02:00:00,5.5598676256920334e-05
2018-09-21 03:00:00,6.962705900049869e-05
2018-09-21 04:00:00,5.842846783603259e-05
2018-09-21 05:00:00,5.4963003805710435e-05
2018-09-21 06:00:00,5.3183715247130405e-05
2018-09-21 07:00:00,5.3433336274260955e-05
2018-09-21 08:00:00,0.0001260816196185671
2018-09-21 09:00:00,0.00010463777240476455
2018-09-21 10:00:00,7.581391482141906e-05
2018-09-21 11:00:00,6.396798150077995e-05
2018-09-21 12:00:00,7.431174382804962e-05
2018-09-21 13:00:00,6.430915870064025e-05
2018-09-21 14:00:00,6.139888335868406e-05
2018-09-21 15:00:00,5.8601392067256614e-05
2018-09-21 16:00:00,6.49301654215359e-05
2018-09-21 17:00:00,6.36569503536079e-05
2018-09-21 18:00:00,5.854202576411948e-05
2018-09-21 19:00:00,6.225421455683755e-05
2018-09-21 20:00:00,5.3346303617661015e-05
2018-09-21 21:00:00,6.275222248197011e-05
2018-09-21 22:00:00,5.162920045685225e-05
2018-09-21 23:00:00,5.009953634613428e-05
2018-09-22 00:00:00,4.8918958106118756e-05
2018-09-22 01:00:00,5.557314123309775e-05
2018-09-22 02:00:00,5.2849645867418116e-05
2018-09-22 03:00:00,5.08692131319057e-05
2018-09-22 04:00:00,4.925128925090873e-05
2018-09-22 05:00:00,4.70201617303474e-05
2018-09-22 06:00:00,4.491857374763621e-05
2018-09-22 07:00:00,4.276210610209273e-05
2018-09-22 08:00:00,4.2670471050946516e-05
2018-09-22 09:00:00,6.832296072578808e-05
2018-09-22 10:00:00,5.608188263513149e-05
2018-09-22 11:00:00,4.610656735080106e-05
2018-09-22 12:00:00,4.664518663860074e-05
2018-09-22 13:00:00,4.5318795230656636e-05
2018-09-22 14:00:00,4.263564211554399e-05
2018-09-22 15:00:00,4.541130904805818e-05
2018-09-22 16:00:00,4.160882942863782e-05
2018-09-22 17:00:00,4.072910883623084e-05
2018-09-22 18:00:00,3.9918899603891e-05
2018-09-22 19:00:00,5.740150175153299e-05
2018-09-22 20:00:00,4.6739265797769036e-05
2018-09-22 21:00:00,4.2358562027427646e-05
2018-09-22 22:00:00,4.178528819206068e-05
2018-09-22 23:00:00,4.308808716221744e-05
2018-09-23 00:00:00,4.632217443379634e-05
2018-09-23 01:00:00,4.552844467824536e-05
2018-09-23 02:00:00,4.6457664115651455e-05
2018-09-23 03:00:00,5.519924752600536e-05
2018-09-23 04:00:00,5.847841330106734e-05
2018-09-23 05:00:00,5.979919992419419e-05
2018-09-23 06:00:00,5.890484995279463e-05
2018-09-23 07:00:00,6.305114007212133e-05
2018-09-23 08:00:00,6.82454861018622e-05
2018-09-23 09:00:00,6.0993273758982514e-05
2018-09-23 10:00:00,7.826404760940234e-05
2018-09-23 11:00:00,6.878971822535379e-05
2018-09-23 12:00:00,6.528226857204319e-05
2018-09-23 13:00:00,6.344691001044616e-05
2018-09-23 14:00:00,6.0797849292737856e-05
2018-09-23 15:00:00,7.579324163226888e-05
2018-09-23 16:00:00,6.823933159497207e-05
2018-09-23 17:00:00,6.543448129487322e-05
2018-09-23 18:00:00,6.446314717415143e-05
2018-09-23 19:00:00,5.9345514738836985e-05
2018-09-23 20:00:00,5.964659204741137e-05
2018-09-23 21:00:00,5.7476276618730624e-05
2018-09-23 22:00:00,5.628139279604086e-05
2018-09-23 23:00:00,6.276013074989564e-05
2018-09-24 00:00:00,5.7827204416542525e-05
2018-09-24 01:00:00,5.753121017566897e-05
2018-09-24 02:00:00,6.148941585521044e-05
2018-09-24 03:00:00,5.5081583305716076e-05
2018-09-24 04:00:00,5.266565279449777e-05
2018-09-24 05:00:00,5.215308903165925e-05
2018-09-24 06:00:00,5.217988625363666e-05
2018-09-24 07:00:00,6.0734790719912234e-05
2018-09-24 08:00:00,5.234494640509813e-05
2018-09-24 09:00:00,5.3337944887480434e-05
2018-09-24 10:00:00,6.576585676235272e-05
2018-09-24 11:00:00,5.2766670421867594e-05
2018-09-24 12:00:00,5.3880388731326316e-05
2018-09-24 13:00:00,6.202262748451186e-05
2018-09-24 14:00:00,4.992888310666793e-05
2018-09-24 15:00:00,4.5985887745980555e-05
2018-09-24 16:00:00,4.439848602494842e-05
2018-09-24 17:00:00,4.390009543270789e-05
2018-09-24 18:00:00,4.7458395723750343e-05
2018-09-24 19:00:00,4.4250896369902015e-05
2018-09-24 20:00:00,4.552060431588479e-05
2018-09-24 21:00:00,4.4443903423432026e-05
2018-09-24 22:00:00,4.384916203109861e-05
2018-09-24 23:00:00,4.7712829205304673e-05
2018-09-25 00:00:00,4.909813235525821e-05
2018-09-25 01:00:00,8.019053561684333e-05
2018-09-25 02:00:00,0.00012638811930889575
2018-09-25 03:00:00,7.12317316711765e-05
2018-09-25 04:00:00,6.246466786046646e-05
2018-09-25 05:00:00,5.173764891030859e-05
2018-09-25 06:00:00,4.9004705872522183e-05
2018-09-25 07:00:00,6.542862454804625e-05
2018-09-25 08:00:00,6.255269755315043e-05
2018-09-25 09:00:00,5.501863670961401e-05
2018-09-25 10:00:00,4.759949200695691e-05
2018-09-25 11:00:00,4.704238464382408e-05
2018-09-25 12:00:00,4.597397403626302e-05
2018-09-25 13:00:00,5.74277699236245e-05
2018-09-25 14:00:00,5.2654294509626594e-05
2018-09-25 15:00:00,4.64416330942151e-05
2018-09-25 16:00:00,4.5192470438977016e-05
2018-09-25 17:00:00,4.286694837705601e-05
2018-09-25 18:00:00,4.174915708770882e-05
2018-09-25 19:00:00,5.061712197134866e-05
2018-09-25 20:00:00,4.295287028409031e-05
2018-09-25 21:00:00,4.4355813209357734e-05
2018-09-25 22:00:00,4.556424796651765e-05
2018-09-25 23:00:00,4.4106795672214355e-05
2018-09-26 00:00:00,5.342207540133248e-05
2018-09-26 01:00:00,5.312139437373263e-05
2018-09-26 02:00:00,4.645007331120557e-05
2018-09-26 03:00:00,4.631224861007307e-05
2018-09-26 04:00:00,4.719849114857293e-05
2018-09-26 05:00:00,5.206081126995173e-05
2018-09-26 06:00:00,6.378315988081195e-05
2018-09-26 07:00:00,5.625518552372034e-05
2018-09-26 08:00:00,5.429530399866529e-05
2018-09-26 09:00:00,5.204354187466229e-05
2018-09-26 10:00:00,5.15608807112224e-05
2018-09-26 11:00:00,5.132848519929516e-05
2018-09-26 12:00:00,7.588914593847657e-05
2018-09-26 13:00:00,6.51796482365972e-05
2018-09-26 14:00:00,5.649916683275279e-05
2018-09-26 15:00:00,5.9001349035778964e-05
2018-09-26 16:00:00,5.5042046524004985e-05
2018-09-26 17:00:00,5.28687264817571e-05
2018-09-26 18:00:00,5.230762853336441e-05
2018-09-26 19:00:00,5.228074505183952e-05
2018-09-26 20:00:00,5.498211712218359e-05
2018-09-26 21:00:00,4.9876719220227186e-05
2018-09-26 22:00:00,5.021267879219669e-05
2018-09-26 23:00:00,4.556926159157717e-05
2018-09-27 00:00:00,4.2831632366069255e-05
2018-09-27 01:00:00,4.921819071036523e-05
2018-09-27 02:00:00,4.6016957236337966e-05
2018-09-27 03:00:00,4.5582994589579686e-05
2018-09-27 04:00:00,4.514703940329011e-05
2018-09-27 05:00:00,4.5676898006810895e-05
2018-09-27 06:00:00,4.525632971338579e-05
2018-09-27 07:00:00,4.357748708526506e-05
2018-09-27 08:00:00,4.480442503346137e-05
2018-09-27 09:00:00,4.367795913066986e-05
2018-09-27 10:00:00,4.339288788267913e-05
2018-09-27 11:00:00,4.350660798201365e-05
2018-09-27 12:00:00,4.32824101846982e-05
2018-09-27 13:00:00,4.337558048801263e-05
2018-09-27 14:00:00,4.2495820746436084e-05
2018-09-27 15:00:00,4.225732742889805e-05
2018-09-27 16:00:00,4.3627167076568435e-05
2018-09-27 17:00:00,4.1869826530945196e-05
2018-09-27 18:00:00,4.168057306162788e-05
2018-09-27 19:00:00,4.1021203275752715e-05
2018-09-27 20:00:00,0.0001737337526372464
2018-09-27 21:00:00,9.925677724015257e-05
2018-09-27 22:00:00,6.54183700951891e-05
2018-09-27 23:00:00,6.379816159449817e-05
2018-09-28 00:00:00,5.273513255661212e-05
2018-09-28 01:00:00,4.971474969986916e-05
2018-09-28 02:00:00,4.906657934192421e-05
2018-09-28 03:00:00,4.8598555594813217e-05
2018-09-28 04:00:00,4.59796817383185e-05
2018-09-28 05:00:00,4.6307496979224716e-05
2018-09-28 06:00:00,4.6700354002952986e-05
2018-09-28 07:00:00,5.027962198255799e-05
2018-09-28 08:00:00,5.87896236906627e-05
2018-09-28 09:00:00,6.680961664033878e-05
2018-09-28 10:00:00,0.00010651344669943482
2018-09-28 11:00:00,6.887596837219654e-05
2018-09-28 12:00:00,5.790618254735822e-05
2018-09-28 13:00:00,8.105648709573146e-05
2018-09-28 14:00:00,8.614447657365869e-05
2018-09-28 15:00:00,6.376518541629e-05
2018-09-28 16:00:00,5.670093276338026e-05
2018-09-28 17:00:00,5.417733455720637e-05
2018-09-28 18:00:00,5.1234878391727875e-05
2018-09-28 19:00:00,5.11182022100879e-05
2018-09-28 20:00:00,5.98936149694707e-05
2018-09-28 21:00:00,5.784668206366993e-05
2018-09-28 22:00:00,5.324616342248339e-05
2018-09-28 23:00:00,5.287545189730642e-05
2018-09-29 00:00:00,5.1077259408210427e-05
2018-09-29 01:00:00,5.18806123321538e-05
2018-09-29 02:00:00,0.0001777978346255028
2018-09-29 03:00:00,9.156776547165469e-05
2018-09-29 04:00:00,6.056577307919589e-05
2018-09-29 05:00:00,4.8172771988090314e-05
2018-09-29 06:00:00,4.251886117639629e-05
2018-09-29 07:00:00,4.192980874815441e-05
2018-09-29 09:00:00,4.755758257661943e-05
2018-09-29 10:00:00,4.1005635201989814e-05
2018-09-29 11:00:00,3.9978560366887965e-05
2018-09-29 12:00:00,5.070673624795049e-05
2018-09-29 13:00:00,4.4055977208613756e-05
2018-09-29 14:00:00,4.188864257009301e-05
2018-09-29 15:00:00,4.175929504321146e-05
2018-09-29 16:00:00,4.511660028727973e-05
2018-09-29 17:00:00,4.593631899789231e-05
2018-09-29 18:00:00,4.9812787349264715e-05
2018-09-29 19:00:00,4.2086366189658386e-05
2018-09-29 20:00:00,3.671428079978248e-05
2018-09-29 21:00:00,3.7342311787977404e-05
2018-09-29 22:00:00,3.71798943493109e-05
2018-09-29 23:00:00,3.7083412590395155e-05
2018-09-30 00:00:00,3.6484666717656295e-05
2018-09-30 01:00:00,3.862638947729317e-05
2018-09-30 02:00:00,3.810223652639439e-05
2018-09-30 03:00:00,3.8836007882794934e-05
2018-09-30 04:00:00,3.879237364167355e-05
2018-09-30 05:00:00,4.480780458674657e-05
2018-09-30 06:00:00,4.568472390402429e-05
2018-09-30 07:00:00,5.3005104813377925e-05
2018-09-30 08:00:00,5.343663792988968e-05
2018-09-30 09:00:00,5.3039345762026295e-05
2018-09-30 10:00:00,5.356037989142696e-05
2018-09-30 11:00:00,7.799750974812733e-05
2018-09-30 12:00:00,6.641361552316337e-05
2018-09-30 13:00:00,5.777985607740541e-05
2018-09-30 14:00:00,5.519251053334095e-05
2018-09-30 15:00:00,5.5104054090560494e-05
2018-09-30 16:00:00,7.515936994462897e-05
2018-09-30 17:00:00,6.209107911411208e-05
2018-09-30 18:00:00,5.435658034400867e-05
2018-09-30 19:00:00,5.2702929964902785e-05
2018-09-30 20:00:00,5.358839788539609e-05
2018-09-30 21:00:00,5.461108815988243e-05
