datetime,HAR
2018-07-03 23:00:00,0.000192728808217141
2018-07-04 00:00:00,0.00026933494885095124
2018-07-04 01:00:00,0.00024910457747324944
2018-07-04 02:00:00,0.00025633236425023795
2018-07-04 03:00:00,0.0002140171804613163
2018-07-04 04:00:00,0.0002180994995938948
2018-07-04 05:00:00,0.00022174302064613042
2018-07-04 06:00:00,0.0001803624118582628
2018-07-04 07:00:00,0.0001749942739258406
2018-07-04 08:00:00,0.0001713207206164695
2018-07-04 09:00:00,0.00022846582212517215
2018-07-04 10:00:00,0.00019105686401373352
2018-07-04 11:00:00,0.0002587901465856634
2018-07-04 12:00:00,0.00021678233674262917
2018-07-04 13:00:00,0.0002447478291932052
2018-07-04 14:00:00,0.00044778608310030033
2018-07-04 15:00:00,0.0002972437061669866
2018-07-04 16:00:00,0.00020518536597916094
2018-07-04 17:00:00,0.0001996190233061419
2018-07-04 18:00:00,0.0001877184779598881
2018-07-04 19:00:00,0.0002173431396276963
2018-07-04 20:00:00,0.00019063267562559238
2018-07-04 21:00:00,0.00013493392703385761
2018-07-04 22:00:00,0.0002007316012930646
2018-07-04 23:00:00,0.0002661813922499096
2018-07-05 00:00:00,0.00024232142037280076
2018-07-05 01:00:00,0.00028891793145612927
2018-07-05 02:00:00,0.0002839844070929702
2018-07-05 03:00:00,0.00023310144419572463
2018-07-05 04:00:00,0.00020086847728026917
2018-07-05 06:00:00,0.00020318673241704685
2018-07-05 07:00:00,0.00019077692709935776
2018-07-05 08:00:00,0.00020726021633113285
2018-07-05 09:00:00,0.0001519695124116971
2018-07-05 10:00:00,0.0002354461964455101
2018-07-05 11:00:00,0.00019642717122287013
2018-07-05 12:00:00,0.00019834183568374138
2018-07-05 13:00:00,0.00020928371064252814
2018-07-05 14:00:00,0.00022319943028928873
2018-07-05 15:00:00,0.00023252014550197446
2018-07-05 16:00:00,0.00020272609898349165
2018-07-05 17:00:00,0.00014097537209521269
2018-07-05 18:00:00,0.0001617743102102306
2018-07-05 19:00:00,0.0002441707312808843
2018-07-05 20:00:00,0.0001696439160463952
2018-07-05 21:00:00,0.00016282799263851668
2018-07-05 22:00:00,0.00019499129886172564
2018-07-05 23:00:00,0.00017906482633174177
2018-07-06 00:00:00,0.00015419157141642945
2018-07-06 01:00:00,0.00014328526135962401
2018-07-06 02:00:00,0.00010889680304182794
2018-07-06 03:00:00,0.00011502255422100288
2018-07-06 04:00:00,0.00010157499912498483
2018-07-06 05:00:00,0.00017087198839600142
2018-07-06 06:00:00,0.00011402744574113814
2018-07-06 07:00:00,0.00018228715309572018
2018-07-06 08:00:00,0.00022547423639195135
2018-07-06 09:00:00,0.00019271462441721688
2018-07-06 10:00:00,0.00014621690268912778
2018-07-06 11:00:00,0.0001520908232336267
2018-07-06 12:00:00,0.00019510815255766273
2018-07-06 13:00:00,0.00028961244556908485
2018-07-06 14:00:00,0.0002108509647769609
2018-07-06 15:00:00,0.00014604723244904597
2018-07-06 16:00:00,0.00013889132697237716
2018-07-06 17:00:00,0.000119600193238621
2018-07-06 18:00:00,0.00020709286705584807
2018-07-06 19:00:00,0.0001950767914844721
2018-07-06 20:00:00,8.581371106571438e-05
2018-07-06 21:00:00,0.00016234804349399463
2018-07-06 22:00:00,0.00015871608630316176
2018-07-06 23:00:00,0.0001820219672318851
2018-07-07 00:00:00,0.00014014974442655366
2018-07-07 01:00:00,0.00011564400560379749
2018-07-07 02:00:00,0.0001165163537652475
2018-07-07 03:00:00,0.00012787844426223355
2018-07-07 04:00:00,0.00010097231817367733
2018-07-07 05:00:00,9.990448485692587e-05
2018-07-07 06:00:00,8.013178015839444e-05
2018-07-07 07:00:00,6.226886110272124e-05
2018-07-07 08:00:00,8.221654740298684e-05
2018-07-07 09:00:00,7.894384345695026e-05
2018-07-07 10:00:00,7.314138888219343e-05
2018-07-07 11:00:00,8.951231326621937e-05
2018-07-07 12:00:00,7.618911797929468e-05
2018-07-07 13:00:00,0.00014782571786223372
2018-07-07 14:00:00,0.00017519018323231973
2018-07-07 15:00:00,0.00013544614972329383
2018-07-07 16:00:00,0.00011965886165416814
2018-07-07 17:00:00,8.963372234815586e-05
2018-07-07 18:00:00,0.0001120914913173455
2018-07-07 19:00:00,9.007526402079756e-05
2018-07-07 20:00:00,0.00010082977810533458
2018-07-07 21:00:00,0.00011112015634619616
2018-07-07 22:00:00,8.80519422631561e-05
2018-07-07 23:00:00,0.00015202459218294638
2018-07-08 00:00:00,0.0003831626063590498
2018-07-08 01:00:00,0.00028586266206204766
2018-07-08 02:00:00,0.0002135150933828038
2018-07-08 03:00:00,0.00022000446836826875
2018-07-08 04:00:00,0.0001734083114460234
2018-07-08 05:00:00,0.00010614728772381652
2018-07-08 06:00:00,0.00014839349354201794
2018-07-08 07:00:00,0.00013493233062368329
2018-07-08 08:00:00,0.00011685813003929486
2018-07-08 09:00:00,0.0001278889398657107
2018-07-08 10:00:00,0.00014003430152908857
2018-07-08 11:00:00,0.00014451072671022816
2018-07-08 12:00:00,8.306366355472434e-05
2018-07-08 13:00:00,0.0001432803871647218
2018-07-08 14:00:00,0.00014685903036495602
2018-07-08 15:00:00,0.00022865317010585352
2018-07-08 16:00:00,0.00012734054820801182
2018-07-08 17:00:00,0.00010476846777710375
2018-07-08 18:00:00,5.506131376616468e-05
2018-07-08 19:00:00,6.3087928825008e-05
2018-07-08 20:00:00,6.184595642289997e-05
2018-07-08 21:00:00,5.715427331702329e-05
2018-07-08 22:00:00,5.125284264714683e-05
2018-07-08 23:00:00,7.13382754202134e-05
2018-07-09 00:00:00,0.00015938902143662902
2018-07-09 01:00:00,0.00011616807978099025
2018-07-09 02:00:00,0.00010849938991821033
2018-07-09 03:00:00,8.220211403164349e-05
2018-07-09 04:00:00,7.370094469482179e-05
2018-07-09 05:00:00,0.0001417370810072151
2018-07-09 06:00:00,4.7755010472143734e-05
2018-07-09 07:00:00,0.00012262119013657885
2018-07-09 08:00:00,0.00011011615334862658
2018-07-09 09:00:00,0.0001167776895322503
2018-07-09 10:00:00,0.00013671940657128179
2018-07-09 11:00:00,7.004945141948203e-05
2018-07-09 12:00:00,0.00012475856599453448
2018-07-09 13:00:00,0.00013297958178194237
2018-07-09 15:00:00,0.0001110474009192783
2018-07-09 16:00:00,9.53667351442224e-05
2018-07-09 17:00:00,0.00018096748029990714
2018-07-09 18:00:00,0.00016235344548841955
2018-07-09 19:00:00,0.00010051689109245283
2018-07-09 20:00:00,8.116598984997006e-05
2018-07-09 21:00:00,9.63767256840274e-05
2018-07-09 22:00:00,9.584364066697879e-05
2018-07-09 23:00:00,0.00023003986281196136
2018-07-10 00:00:00,0.0003005484717157036
2018-07-10 01:00:00,0.00017615997565263966
2018-07-10 02:00:00,0.00013535530943589716
2018-07-10 03:00:00,0.00018583632689420272
2018-07-10 04:00:00,0.00016645740703549034
2018-07-10 05:00:00,0.00013287587354759157
2018-07-10 06:00:00,0.0001182369685523824
2018-07-10 07:00:00,0.00032346001480581865
2018-07-10 08:00:00,0.0001673502253578636
2018-07-10 09:00:00,0.0002136987008358731
2018-07-10 10:00:00,0.0003690087611068539
2018-07-10 11:00:00,0.000268164139446783
2018-07-10 12:00:00,0.00039714735242096186
2018-07-10 13:00:00,0.00028931814390499935
2018-07-10 14:00:00,0.00022489124615898183
2018-07-10 15:00:00,0.00017600440489699983
2018-07-10 16:00:00,0.00010651199776399203
2018-07-10 17:00:00,0.0001727231267839866
2018-07-10 18:00:00,0.000147544349771315
2018-07-10 19:00:00,8.546802928723841e-05
2018-07-10 20:00:00,7.935932155789499e-05
2018-07-10 21:00:00,0.00010663693442165229
2018-07-10 22:00:00,0.0001640381461370572
2018-07-11 00:00:00,0.00018066541109580022
2018-07-11 01:00:00,0.0002871986901636597
2018-07-11 02:00:00,0.0001422305253056688
2018-07-11 03:00:00,0.0001701079863116893
2018-07-11 04:00:00,0.0001335682861813484
2018-07-11 05:00:00,0.00016068133412488846
2018-07-11 06:00:00,0.0001782725098314992
2018-07-11 07:00:00,0.00019467577351640973
2018-07-11 08:00:00,0.00016531160254664554
2018-07-11 09:00:00,0.00014282456631756996
2018-07-11 10:00:00,0.00018488267045733628
2018-07-11 12:00:00,0.0001478803474206763
2018-07-11 13:00:00,0.00016012798159830164
2018-07-11 14:00:00,0.00014865713869664204
2018-07-11 15:00:00,0.00012580171069459455
2018-07-11 16:00:00,9.02491560887805e-05
2018-07-11 17:00:00,0.0001319586639147592
2018-07-11 18:00:00,0.00013080983059994615
2018-07-11 19:00:00,0.00013014661998538536
2018-07-11 20:00:00,0.0001529175959530538
2018-07-11 21:00:00,0.0001241525588992287
2018-07-11 22:00:00,0.0001617122490960487
2018-07-11 23:00:00,0.00016495201570300777
2018-07-12 00:00:00,0.00011082118628643497
2018-07-12 01:00:00,0.0001208911331317562
2018-07-12 02:00:00,0.0001223217227173674
2018-07-12 03:00:00,0.00015862788276615634
2018-07-12 04:00:00,8.402366570763785e-05
2018-07-12 05:00:00,6.371785217974805e-05
2018-07-12 06:00:00,0.00010731893258375002
2018-07-12 07:00:00,0.00027215903161435437
2018-07-12 08:00:00,0.0002637134108059119
2018-07-12 09:00:00,0.0003795562883184995
2018-07-12 10:00:00,0.00018985785445856332
2018-07-12 11:00:00,0.00015396067606490954
2018-07-12 12:00:00,0.00018257691103760142
2018-07-12 13:00:00,0.00013562682769799575
2018-07-12 14:00:00,8.952139553911603e-05
2018-07-12 15:00:00,9.796423875413594e-05
2018-07-12 16:00:00,0.0001263523173669347
2018-07-12 17:00:00,0.000120760574962863
2018-07-12 18:00:00,0.0001057559442860192
2018-07-12 19:00:00,6.713775655449828e-05
2018-07-12 20:00:00,9.51460369563716e-05
2018-07-12 21:00:00,9.688703762635587e-05
2018-07-12 22:00:00,0.0001308044751956958
2018-07-12 23:00:00,0.00017585639485432673
2018-07-13 00:00:00,0.0003115867448047499
2018-07-13 01:00:00,0.0002603171430072208
2018-07-13 02:00:00,9.872956041779227e-05
2018-07-13 03:00:00,0.00015238307194375452
2018-07-13 04:00:00,0.00015795231216223816
2018-07-13 05:00:00,0.00015323596784403676
2018-07-13 06:00:00,0.0001259102955297458
2018-07-13 07:00:00,0.00011127222108381079
2018-07-13 08:00:00,0.00011104582638274453
2018-07-13 09:00:00,0.00015003349483990247
2018-07-13 10:00:00,0.00010034856342367792
2018-07-13 11:00:00,7.96233196381401e-05
2018-07-13 12:00:00,8.174441560123995e-05
2018-07-13 13:00:00,0.00015546574503334318
2018-07-13 14:00:00,0.00013231607881160554
2018-07-13 15:00:00,0.0001215870898056125
2018-07-13 16:00:00,0.00010642534655409792
2018-07-13 17:00:00,8.74402268311058e-05
2018-07-13 18:00:00,8.72778356008139e-05
2018-07-13 19:00:00,0.00019136738388875999
2018-07-13 20:00:00,0.00024246411845865108
2018-07-13 21:00:00,0.00026311297704190373
2018-07-13 22:00:00,0.0002228146226523361
2018-07-13 23:00:00,0.00013170257034706489
2018-07-14 00:00:00,0.00014052559142751212
2018-07-14 01:00:00,0.00017356496615727365
2018-07-14 02:00:00,0.00014116374472047672
2018-07-14 03:00:00,8.877763452824438e-05
2018-07-14 04:00:00,0.00011521956353851994
2018-07-14 05:00:00,9.21174860822979e-05
2018-07-14 06:00:00,9.959457814728834e-05
2018-07-14 07:00:00,9.278808478826906e-05
2018-07-14 08:00:00,7.525301659289075e-05
2018-07-14 09:00:00,5.205648992015509e-05
2018-07-14 10:00:00,0.0001077353129910883
2018-07-14 11:00:00,0.00012389126639650706
2018-07-14 12:00:00,0.00010258153098464225
2018-07-14 13:00:00,9.562461248184788e-05
2018-07-14 14:00:00,7.084490195081326e-05
2018-07-14 15:00:00,7.649956017532914e-05
2018-07-14 16:00:00,7.835276558784765e-05
2018-07-14 17:00:00,9.656773549641773e-05
2018-07-14 18:00:00,6.470522060635255e-05
2018-07-14 19:00:00,9.232762054894436e-05
2018-07-14 20:00:00,0.00010178796115967787
2018-07-14 21:00:00,0.00012382200979931058
2018-07-14 22:00:00,0.00013442515061285232
2018-07-14 23:00:00,9.088627712599519e-05
2018-07-15 00:00:00,7.18555310374894e-05
2018-07-15 01:00:00,8.903123649013235e-05
2018-07-15 02:00:00,9.44044928934437e-05
2018-07-15 03:00:00,8.716813239893372e-05
2018-07-15 04:00:00,7.249218914170995e-05
2018-07-15 05:00:00,0.00010100399660238846
2018-07-15 06:00:00,7.887660044313261e-05
2018-07-15 07:00:00,0.0001073483515957123
2018-07-15 08:00:00,8.222340827721767e-05
2018-07-15 09:00:00,0.00021084348943119197
2018-07-15 10:00:00,0.0001120054561538423
2018-07-15 11:00:00,0.00015817342245474337
2018-07-15 12:00:00,0.00011336770691295474
2018-07-15 13:00:00,0.00010020518240765816
2018-07-15 14:00:00,8.969191438861869e-05
2018-07-15 15:00:00,8.204539812732877e-05
2018-07-16 08:00:00,8.709878665776574e-05
2018-07-16 09:00:00,0.00014026812146202095
2018-07-16 10:00:00,0.0003802092328024886
2018-07-16 11:00:00,0.00019777660033284795
2018-07-16 12:00:00,0.0003244434202057768
2018-07-16 13:00:00,0.0001962264267606062
2018-07-16 14:00:00,0.00017466752957874478
2018-07-16 15:00:00,0.00018437370533767598
2018-07-16 16:00:00,0.00019645493879677118
2018-07-16 17:00:00,0.0001585364871031877
2018-07-16 18:00:00,0.000308194072925871
2018-07-16 19:00:00,0.0001597042915752088
2018-07-16 20:00:00,0.00012113700450906386
2018-07-16 21:00:00,0.00013995500790928397
2018-07-16 22:00:00,0.00013984973113683415
2018-07-16 23:00:00,0.00018136532208284464
2018-07-17 00:00:00,0.00028427464401232605
2018-07-17 01:00:00,0.0001766382846530084
2018-07-17 02:00:00,0.00015161132737659476
2018-07-17 03:00:00,0.00012845895781092164
2018-07-17 04:00:00,0.0001357011603127355
2018-07-17 05:00:00,0.00015089586145323897
2018-07-17 06:00:00,0.00018909717648457473
2018-07-17 07:00:00,0.00016288210948813423
2018-07-17 08:00:00,0.00010831676091354154
2018-07-17 09:00:00,0.00015042849917333977
2018-07-17 10:00:00,0.00014336933447562638
2018-07-17 11:00:00,8.23098500028869e-05
2018-07-17 12:00:00,0.00011653157945773357
2018-07-17 13:00:00,0.00013902772121187398
2018-07-17 14:00:00,0.0001171044690782317
2018-07-17 15:00:00,0.00016224414661945592
2018-07-17 16:00:00,0.00017372951200999822
2018-07-17 17:00:00,0.00015489422869792554
2018-07-17 18:00:00,0.001282026303247561
2018-07-17 19:00:00,0.000855064171321263
2018-07-17 21:00:00,0.00025448142811319586
2018-07-17 22:00:00,0.00037198161593604
2018-07-17 23:00:00,0.00039764267719918293
2018-07-18 00:00:00,0.00023310269155603147
2018-07-18 01:00:00,0.00018020222669129689
2018-07-18 02:00:00,0.00013272676969754282
2018-07-18 03:00:00,0.0003129726733718527
2018-07-18 04:00:00,0.000539471198965141
2018-07-18 05:00:00,0.00021754811940990994
2018-07-18 06:00:00,0.00020000183897786063
2018-07-18 07:00:00,0.00019476175004017748
2018-07-18 08:00:00,0.00027426058654505885
2018-07-18 09:00:00,0.00039247858697262305
2018-07-18 10:00:00,0.0002063139639658258
2018-07-18 11:00:00,0.00023221234404636248
2018-07-18 12:00:00,0.00022554501034994967
2018-07-18 13:00:00,0.0002143131098288955
2018-07-18 14:00:00,0.00023140503528477782
2018-07-18 15:00:00,0.0003170728555064445
2018-07-18 16:00:00,0.0002054008624465632
2018-07-18 17:00:00,0.00013352965027811972
2018-07-18 18:00:00,0.00030586082978415196
2018-07-18 19:00:00,0.000489999902989029
2018-07-18 20:00:00,0.0002873587820199248
2018-07-18 21:00:00,0.00048338191846504714
2018-07-18 22:00:00,0.00042371280160260436
2018-07-18 23:00:00,0.00046984725532810405
2018-07-19 00:00:00,0.00027936312801674025
2018-07-19 01:00:00,0.00025472566577595024
2018-07-19 02:00:00,0.00025692316395718853
2018-07-19 03:00:00,0.00020391977727924652
2018-07-19 04:00:00,0.0001334471214811208
2018-07-19 05:00:00,0.00015849553618321765
2018-07-19 06:00:00,0.00012258576278941454
2018-07-19 07:00:00,0.00013150863301761442
2018-07-19 08:00:00,0.00017508894387318236
2018-07-19 09:00:00,0.00015589463371294148
2018-07-19 10:00:00,0.0002574831396323911
2018-07-19 11:00:00,0.00020293562013186194
2018-07-19 12:00:00,0.0003091707923036918
2018-07-19 13:00:00,0.0002156093081153696
2018-07-19 14:00:00,0.0002660554782011374
2018-07-19 15:00:00,0.00020470243695014422
2018-07-19 16:00:00,0.0002636062762307501
2018-07-19 17:00:00,0.00025608423779026866
2018-07-19 18:00:00,0.00019609046104054228
2018-07-19 19:00:00,0.0001327092858105272
2018-07-19 20:00:00,0.00016550641349459335
2018-07-19 21:00:00,0.00024785003288031553
2018-07-19 22:00:00,0.0002028532655110162
2018-07-19 23:00:00,0.00034897480368920194
2018-07-20 00:00:00,0.00018276184971164952
2018-07-20 02:00:00,0.00021569567356418215
2018-07-20 03:00:00,9.79100687390328e-05
2018-07-20 04:00:00,9.74761732041842e-05
2018-07-20 05:00:00,9.482858099160568e-05
2018-07-20 06:00:00,0.00012329950665290182
2018-07-20 07:00:00,0.0002486015682253377
2018-07-20 08:00:00,0.00017608350320961124
2018-07-20 09:00:00,0.00018434289162659617
2018-07-20 10:00:00,0.00012122678826772378
2018-07-20 11:00:00,9.143743881235422e-05
2018-07-20 12:00:00,0.00013700451134055245
2018-07-20 13:00:00,0.00012431628845296978
2018-07-20 14:00:00,0.00011364635280075309
2018-07-20 15:00:00,0.0001135475294205218
2018-07-20 16:00:00,0.0001316331030129669
2018-07-20 17:00:00,0.00048764257174347775
2018-07-20 18:00:00,0.0004661054490801384
2018-07-20 19:00:00,0.0002283349828474368
2018-07-20 20:00:00,0.00017818758571969365
2018-07-20 21:00:00,0.0001573189920370521
2018-07-20 22:00:00,0.00020889144996993228
2018-07-20 23:00:00,0.00025126964344741333
2018-07-21 00:00:00,0.00019202816782879542
2018-07-21 01:00:00,0.0003068382988384279
2018-07-21 02:00:00,0.00018836165093372807
2018-07-21 03:00:00,0.00019659263035405066
2018-07-21 04:00:00,0.0001487224318564586
2018-07-21 05:00:00,0.00012967506424698145
2018-07-21 06:00:00,0.00015817390153306733
2018-07-21 07:00:00,0.0001535220078227518
2018-07-21 08:00:00,0.00015791313504824305
2018-07-21 09:00:00,0.00013051137541386496
2018-07-21 10:00:00,0.00012882744866407858
2018-07-21 11:00:00,0.00021004255241948564
2018-07-21 12:00:00,0.00015376826648467196
2018-07-21 13:00:00,0.00012358666659913672
2018-07-21 14:00:00,0.00013527095705692383
2018-07-21 15:00:00,9.810456476572329e-05
2018-07-21 16:00:00,0.00014838061521237615
2018-07-21 17:00:00,0.00013465581156015324
2018-07-21 18:00:00,0.0001335472914936449
2018-07-21 19:00:00,0.00010892736797010153
2018-07-21 20:00:00,0.00011467335107289809
2018-07-21 21:00:00,0.00011036839841589957
2018-07-21 22:00:00,0.00010892114889285564
2018-07-21 23:00:00,0.00011349160791391922
2018-07-22 00:00:00,0.00010125675873444438
2018-07-22 01:00:00,0.00016850943338302487
2018-07-22 02:00:00,0.00012925219260285546
2018-07-22 03:00:00,0.00015055046013802363
2018-07-22 04:00:00,0.0001510957993139496
2018-07-22 05:00:00,0.00015115295739753464
2018-07-22 06:00:00,0.00012132318643459456
2018-07-22 07:00:00,0.00016373872370614557
2018-07-22 08:00:00,0.00015195286469899918
2018-07-22 09:00:00,0.00017452875970573
2018-07-22 10:00:00,0.00013572071117660183
2018-07-22 11:00:00,0.00015929572966796578
2018-07-22 12:00:00,0.00014220171526385615
2018-07-22 13:00:00,0.00013244104696698923
2018-07-22 14:00:00,0.0001308337466710721
2018-07-22 15:00:00,0.00019399710533137948
2018-07-22 16:00:00,0.00023308983008608192
2018-07-22 17:00:00,0.00018162716620982917
2018-07-22 18:00:00,0.00012463485061208165
2018-07-22 19:00:00,7.834850379103637e-05
2018-07-22 20:00:00,9.150603605272225e-05
2018-07-22 21:00:00,0.00010588636604632171
2018-07-22 22:00:00,0.0004279302712150777
2018-07-22 23:00:00,0.00020528827495253698
2018-07-23 00:00:00,0.00010931117490637539
2018-07-23 01:00:00,0.00018125853093192194
2018-07-23 02:00:00,0.00014298827063140022
2018-07-23 03:00:00,0.0004989338010861425
2018-07-23 04:00:00,0.00011849968258427444
2018-07-23 05:00:00,0.00018693655406458234
2018-07-23 06:00:00,0.00012122557823054181
2018-07-23 07:00:00,0.00015184996408725845
2018-07-23 08:00:00,0.0003129522368994908
2018-07-23 09:00:00,0.00015504181240544215
2018-07-23 10:00:00,0.00011009986171218075
2018-07-23 11:00:00,0.00010501797810459569
2018-07-23 12:00:00,0.00011984421428135847
2018-07-23 13:00:00,0.00010699501797282887
2018-07-23 14:00:00,0.00012429378639751813
2018-07-23 15:00:00,0.00010082769379562078
2018-07-23 16:00:00,0.00010899520958250316
2018-07-23 17:00:00,0.00015012833388935973
2018-07-23 18:00:00,0.0001554788223165364
2018-07-23 19:00:00,0.0003693385746039131
2018-07-23 20:00:00,0.0001951353070179176
2018-07-23 21:00:00,0.0001521921098184927
2018-07-23 22:00:00,0.0001971220407937943
2018-07-23 23:00:00,0.00015375154321004234
2018-07-24 00:00:00,0.000165759318724606
2018-07-24 01:00:00,0.00011637550106154316
2018-07-24 02:00:00,9.628982640462455e-05
2018-07-24 03:00:00,9.646361466090896e-05
2018-07-24 04:00:00,0.00011019835139828436
2018-07-24 05:00:00,0.00025185933568730104
2018-07-24 06:00:00,0.0003306026677292158
2018-07-24 07:00:00,0.00014761864309989492
2018-07-24 08:00:00,0.00014408674552837124
2018-07-24 09:00:00,0.00012730670775203094
2018-07-24 10:00:00,0.00010861026050063072
2018-07-24 11:00:00,0.0002764444892347398
2018-07-24 12:00:00,0.000301854624154912
2018-07-24 13:00:00,0.0003897428081045427
2018-07-24 14:00:00,0.00023646141729922064
2018-07-24 15:00:00,0.0002341280839590161
2018-07-24 16:00:00,0.0001862308035003108
2018-07-24 17:00:00,9.46202265641748e-05
2018-07-24 18:00:00,0.00022399427797020784
2018-07-24 19:00:00,0.00014089465174620867
2018-07-24 20:00:00,0.00019072526565769407
2018-07-24 21:00:00,0.00018282939650811266
2018-07-24 22:00:00,0.00026447891252249844
2018-07-25 00:00:00,0.0002174165667829951
2018-07-25 01:00:00,0.00024320278066984494
2018-07-25 02:00:00,0.00012949646939572495
2018-07-25 03:00:00,0.0002456338894364931
2018-07-25 04:00:00,0.00019851233377333235
2018-07-25 05:00:00,0.00015062098043151429
2018-07-25 06:00:00,0.00018190245069734683
2018-07-25 07:00:00,0.00022852958234247553
2018-07-25 08:00:00,0.00017553949355777636
2018-07-25 09:00:00,0.00020300740588211872
2018-07-25 10:00:00,0.0001756624204175576
2018-07-25 11:00:00,0.00020537328918188757
2018-07-25 12:00:00,0.0001653274548509566
2018-07-25 13:00:00,0.00012072259733506828
2018-07-25 14:00:00,0.00015781787314437384
2018-07-25 15:00:00,8.812440224702852e-05
2018-07-25 16:00:00,0.00026785956383596117
2018-07-25 17:00:00,0.00012460811198201086
2018-07-25 18:00:00,8.779610582493714e-05
2018-07-25 19:00:00,9.024490692975974e-05
2018-07-25 20:00:00,0.00011424317623982614
2018-07-25 21:00:00,0.00012068515941199465
2018-07-25 22:00:00,0.0002053232206968897
2018-07-25 23:00:00,0.00014177192650944505
2018-07-26 00:00:00,0.00021121909798343363
2018-07-26 01:00:00,0.00015610273936284436
2018-07-26 02:00:00,9.178098760731808e-05
2018-07-26 03:00:00,0.00011051613476510375
2018-07-26 04:00:00,8.792929552619815e-05
2018-07-26 05:00:00,6.896636681612322e-05
2018-07-26 06:00:00,5.8354576989117404e-05
2018-07-26 07:00:00,0.00010452559074920512
2018-07-26 08:00:00,0.000116210638857199
2018-07-26 09:00:00,0.0001612450533281976
2018-07-26 10:00:00,6.153192795150066e-05
2018-07-26 11:00:00,9.396956875435617e-05
2018-07-26 12:00:00,9.414538322512191e-05
2018-07-26 13:00:00,9.705372701729669e-05
2018-07-26 14:00:00,8.425156963573899e-05
2018-07-26 15:00:00,7.108118862042786e-05
2018-07-26 16:00:00,5.295615244247221e-05
2018-07-26 17:00:00,6.0863959266164064e-05
2018-07-26 18:00:00,6.254573245982808e-05
2018-07-26 19:00:00,4.079751280525802e-05
2018-07-26 20:00:00,5.5106854422488474e-05
2018-07-26 21:00:00,0.0002237183754958116
2018-07-26 22:00:00,0.00039793763786857866
2018-07-26 23:00:00,0.00020883533549830385
2018-07-27 00:00:00,0.00021278141788130247
2018-07-27 01:00:00,9.201761205240837e-05
2018-07-27 02:00:00,0.0001277043227202989
2018-07-27 03:00:00,8.019566122493958e-05
2018-07-27 04:00:00,6.937334164662024e-05
2018-07-27 05:00:00,7.599200107854642e-05
2018-07-27 06:00:00,6.907478003767942e-05
2018-07-27 07:00:00,8.589344385937966e-05
2018-07-27 08:00:00,6.956986926303033e-05
2018-07-27 09:00:00,9.429208745226305e-05
2018-07-27 10:00:00,6.846613388433186e-05
2018-07-27 11:00:00,6.983223440023181e-05
2018-07-27 12:00:00,6.461645549396997e-05
2018-07-27 13:00:00,0.000135102011960675
2018-07-27 14:00:00,0.00010981381275642516
2018-07-27 15:00:00,9.55043727097186e-05
2018-07-27 16:00:00,0.0002791626583430602
2018-07-27 17:00:00,0.00015376269207683524
2018-07-27 18:00:00,7.074640765378501e-05
2018-07-27 19:00:00,0.0001259072190378547
2018-07-27 20:00:00,0.00011256948208153489
2018-07-27 21:00:00,8.245123566902123e-05
2018-07-27 22:00:00,0.00010216871353358164
2018-07-27 23:00:00,9.145708092764228e-05
2018-07-28 00:00:00,0.00015007041470511078
2018-07-28 01:00:00,0.00013862249397987835
2018-07-28 02:00:00,9.982590849344496e-05
2018-07-28 03:00:00,8.174531926592737e-05
2018-07-28 04:00:00,6.695310214529584e-05
2018-07-28 05:00:00,9.012967589715722e-05
2018-07-28 06:00:00,7.598105783702284e-05
2018-07-28 07:00:00,5.903592400360926e-05
2018-07-28 08:00:00,7.582861772350773e-05
2018-07-28 09:00:00,7.052552029486395e-05
2018-07-28 10:00:00,8.710605131222383e-05
2018-07-28 11:00:00,0.00010376169394137592
2018-07-28 12:00:00,0.0001581143494893525
2018-07-28 13:00:00,6.474320860729137e-05
2018-07-28 14:00:00,5.819709495478021e-05
2018-07-28 15:00:00,9.43221477749493e-05
2018-07-28 16:00:00,0.00019825524431217319
2018-07-28 17:00:00,0.00011034095021958873
2018-07-28 18:00:00,9.52415185432382e-05
2018-07-28 19:00:00,6.248474182309206e-05
2018-07-28 20:00:00,7.153552039064774e-05
2018-07-28 21:00:00,4.633465112161171e-05
2018-07-28 22:00:00,6.936608764035877e-05
2018-07-28 23:00:00,7.410596515856107e-05
2018-07-29 00:00:00,9.18604696807287e-05
2018-07-29 01:00:00,0.00015716902633775844
2018-07-29 02:00:00,0.00010054369321504403
2018-07-29 03:00:00,0.00010912279719403354
2018-07-29 04:00:00,0.00010213156564017894
2018-07-29 05:00:00,8.849483603703151e-05
2018-07-29 06:00:00,0.00010926899976670704
2018-07-29 07:00:00,6.983964616181785e-05
2018-07-29 08:00:00,7.188351643986437e-05
2018-07-29 09:00:00,0.00010018392092502753
2018-07-29 10:00:00,6.601845910542672e-05
2018-07-29 11:00:00,5.639661974451871e-05
2018-07-29 12:00:00,8.769226096447029e-05
2018-07-29 13:00:00,8.889978879415337e-05
2018-07-29 14:00:00,8.395205292077247e-05
2018-07-29 15:00:00,7.026344030782865e-05
2018-07-29 16:00:00,5.153500439375992e-05
2018-07-29 17:00:00,7.085181423681446e-05
2018-07-29 18:00:00,2.9362407706858855e-05
2018-07-29 19:00:00,4.351841333114716e-05
2018-07-29 20:00:00,6.213624949323152e-05
2018-07-29 21:00:00,5.396473080746388e-05
2018-07-29 22:00:00,7.525467832811036e-05
2018-07-29 23:00:00,7.016822695257817e-05
2018-07-30 00:00:00,0.00010526907995823559
2018-07-30 01:00:00,0.00016788873251333928
2018-07-30 02:00:00,0.00013591788936379931
2018-07-30 03:00:00,4.661617660717932e-05
2018-07-30 04:00:00,4.50717501099629e-05
2018-07-30 05:00:00,5.13281052473274e-05
2018-07-30 06:00:00,4.0589007160584605e-05
2018-07-30 07:00:00,0.00017069801201160232
2018-07-30 08:00:00,0.00018865697791831514
2018-07-30 09:00:00,7.031689256121608e-05
2018-07-30 10:00:00,4.7228127064642895e-05
2018-07-30 11:00:00,0.0001487478810302157
2018-07-30 12:00:00,8.624988747974618e-05
2018-07-30 13:00:00,6.895389000983757e-05
2018-07-30 14:00:00,6.873938056607455e-05
2018-07-30 15:00:00,9.238833775286209e-05
2018-07-30 16:00:00,8.227873513696393e-05
2018-07-30 17:00:00,7.223842084826561e-05
2018-07-30 18:00:00,0.00022368315909545935
2018-07-30 19:00:00,0.00018918365297026151
2018-07-30 20:00:00,0.0001742998837368853
2018-07-30 21:00:00,0.00020383745192742504
2018-07-30 22:00:00,9.705004987906419e-05
2018-07-30 23:00:00,0.00010868160839334801
2018-07-31 00:00:00,8.552227748948497e-05
2018-07-31 01:00:00,9.179686888213311e-05
2018-07-31 02:00:00,7.283353488210799e-05
2018-07-31 03:00:00,5.078222786773722e-05
2018-07-31 04:00:00,4.267613854447433e-05
2018-07-31 05:00:00,6.165316768254529e-05
2018-07-31 06:00:00,5.007958583499382e-05
2018-07-31 07:00:00,9.194033825914837e-05
2018-07-31 08:00:00,7.729505212174207e-05
2018-07-31 09:00:00,9.759324234912928e-05
2018-07-31 10:00:00,0.00014190320167340153
2018-07-31 11:00:00,0.0001337565603405591
2018-07-31 12:00:00,0.00011686959942618079
2018-07-31 13:00:00,0.00032217970697810146
2018-07-31 14:00:00,0.00020527028341502066
2018-07-31 15:00:00,0.00022389509311828763
2018-07-31 16:00:00,0.0001718226483727131
2018-07-31 17:00:00,0.0001117764169411051
2018-07-31 18:00:00,0.00016774439738752176
2018-07-31 19:00:00,0.00011572129376164528
2018-07-31 20:00:00,9.416002748718789e-05
2018-07-31 21:00:00,0.00010208826376860288
2018-07-31 22:00:00,0.00014845812891516052
2018-08-03 23:00:00,0.00013208408992684402
2018-08-04 00:00:00,0.00013942945464825846
2018-08-04 01:00:00,0.0001510596423717483
2018-08-04 02:00:00,0.00011308869531685784
2018-08-04 03:00:00,0.0001417734046778026
2018-08-04 04:00:00,9.68710604127104e-05
2018-08-04 05:00:00,9.213947514665026e-05
2018-08-04 06:00:00,7.611593943115175e-05
2018-08-04 07:00:00,0.00010251186080651817
2018-08-04 08:00:00,0.00010299549963356531
2018-08-04 09:00:00,0.00012071215679324323
2018-08-04 10:00:00,7.859409548046885e-05
2018-08-04 11:00:00,0.00011947913960361465
2018-08-04 12:00:00,8.352972864279171e-05
2018-08-04 13:00:00,0.00020709569158103812
2018-08-04 14:00:00,0.00011461308983898815
2018-08-04 15:00:00,0.0004284691724935171
2018-08-04 16:00:00,0.00028074876533070125
2018-08-04 17:00:00,0.00019453865208603164
2018-08-04 18:00:00,0.00017059990097324467
2018-08-04 19:00:00,9.955635685314439e-05
2018-08-04 20:00:00,9.343860673034814e-05
2018-08-04 21:00:00,7.506961907880373e-05
2018-08-04 22:00:00,0.00016094167408682485
2018-08-04 23:00:00,0.00011217518287055549
2018-08-05 00:00:00,0.00011203365907350755
2018-08-05 01:00:00,0.00016886206312388363
2018-08-05 02:00:00,0.0002243387243029036
2018-08-05 03:00:00,0.00010899198089924757
2018-08-05 04:00:00,0.000112698608183954
2018-08-05 05:00:00,9.816620095888897e-05
2018-08-05 06:00:00,7.362444696616194e-05
2018-08-05 07:00:00,6.994616370262876e-05
2018-08-05 08:00:00,7.23417070102136e-05
2018-08-05 09:00:00,0.000110590806881509
2018-08-05 10:00:00,0.00012270511173148797
2018-08-05 11:00:00,9.929491586314664e-05
2018-08-05 12:00:00,8.239125893392967e-05
2018-08-05 13:00:00,8.126200607324179e-05
2018-08-05 14:00:00,0.0001090252584297785
2018-08-05 15:00:00,0.00015226093166263076
2018-08-05 16:00:00,0.00013980568718346801
2018-08-05 17:00:00,7.237790458791917e-05
2018-08-05 18:00:00,0.00010449656967364842
2018-08-05 19:00:00,8.234294965580436e-05
2018-08-05 20:00:00,0.00010314952178373537
2018-08-05 21:00:00,9.20345346328706e-05
2018-08-05 22:00:00,0.0001239582864099821
2018-08-05 23:00:00,9.926199513578545e-05
2018-08-06 00:00:00,7.807862704201986e-05
2018-08-06 01:00:00,7.947664273492989e-05
2018-08-06 02:00:00,0.00012580861719281222
2018-08-06 03:00:00,6.848643337461684e-05
2018-08-06 04:00:00,6.12643269519309e-05
2018-08-06 05:00:00,5.2656364682947704e-05
2018-08-06 06:00:00,8.375814292949344e-05
2018-08-06 07:00:00,5.2988685358985826e-05
2018-08-06 08:00:00,8.23506683182552e-05
2018-08-06 09:00:00,9.633260173769297e-05
2018-08-06 10:00:00,9.703337790823325e-05
2018-08-06 11:00:00,8.355218361146623e-05
2018-08-06 12:00:00,0.00010691303064330308
2018-08-06 13:00:00,8.062642619768142e-05
2018-08-06 14:00:00,0.00019482193966906125
2018-08-06 15:00:00,9.036386211666945e-05
2018-08-06 16:00:00,7.181466760889362e-05
2018-08-06 17:00:00,0.00011903440820725402
2018-08-06 18:00:00,5.512885528072753e-05
2018-08-06 19:00:00,7.934673847500879e-05
2018-08-06 20:00:00,7.095360008938142e-05
2018-08-06 21:00:00,7.415806956744214e-05
2018-08-06 22:00:00,0.0001494823408665072
2018-08-06 23:00:00,0.00012157683237085196
2018-08-07 00:00:00,0.00011093754111217438
2018-08-07 01:00:00,0.00010172043620433517
2018-08-07 02:00:00,5.982597517105683e-05
2018-08-07 03:00:00,7.519590023270629e-05
2018-08-07 04:00:00,5.88635961566412e-05
2018-08-07 05:00:00,5.5227086823967935e-05
2018-08-07 06:00:00,5.8288456432450925e-05
2018-08-07 07:00:00,5.664706021261253e-05
2018-08-07 08:00:00,0.0001551728986852129
2018-08-07 09:00:00,7.7477481944329e-05
2018-08-07 10:00:00,8.178119943390583e-05
2018-08-07 11:00:00,7.829251397591672e-05
2018-08-07 12:00:00,0.0001030557131844595
2018-08-07 13:00:00,9.988221716715434e-05
2018-08-07 14:00:00,9.266566567141558e-05
2018-08-07 15:00:00,6.449282916064058e-05
2018-08-07 16:00:00,7.030926851471725e-05
2018-08-07 17:00:00,6.619300713485165e-05
2018-08-07 18:00:00,5.037804095795098e-05
2018-08-07 19:00:00,6.133940535421484e-05
2018-08-07 20:00:00,7.55608447375116e-05
2018-08-07 21:00:00,0.0002327199239938327
2018-08-07 22:00:00,0.0003162314750322519
2018-08-07 23:00:00,0.00012274573346734836
2018-08-08 00:00:00,0.00010181359059423127
2018-08-08 01:00:00,0.00015816881900099005
2018-08-08 02:00:00,9.586169821445791e-05
2018-08-08 03:00:00,9.538064095241228e-05
2018-08-08 04:00:00,9.714578883978645e-05
2018-08-08 05:00:00,0.00016559767009972066
2018-08-08 06:00:00,0.00021706203583774926
2018-08-08 07:00:00,0.00011873166863829162
2018-08-08 08:00:00,0.00010060921773670007
2018-08-08 09:00:00,0.00012641356792453373
2018-08-08 10:00:00,0.0001354357603665225
2018-08-08 11:00:00,0.00011010753817711357
2018-08-08 12:00:00,0.0001285272055680963
2018-08-08 13:00:00,0.00013020692076678612
2018-08-08 14:00:00,0.00014021281273018956
2018-08-08 15:00:00,0.00016401069080578424
2018-08-08 16:00:00,0.00010675329240358785
2018-08-08 17:00:00,0.00034037520459758905
2018-08-08 18:00:00,0.00019867303849904034
2018-08-08 19:00:00,0.00035791721417200036
2018-08-08 20:00:00,0.00025257802928797124
2018-08-08 21:00:00,0.00017297031529237583
2018-08-08 22:00:00,0.0002411386407123402
2018-08-08 23:00:00,0.00019320723675428746
2018-08-09 00:00:00,0.00023823185872819618
2018-08-09 01:00:00,0.00013238809597779664
2018-08-09 02:00:00,0.00011496837146492584
2018-08-09 03:00:00,8.762330894767732e-05
2018-08-09 04:00:00,0.00010597219617845278
2018-08-09 05:00:00,0.00010393952648950154
2018-08-09 06:00:00,0.00014617674954255346
2018-08-09 07:00:00,0.0001308038084021617
2018-08-09 08:00:00,0.000229133545332084
2018-08-09 09:00:00,0.0001025493137775748
2018-08-09 10:00:00,9.097087275040281e-05
2018-08-09 11:00:00,9.507409927609821e-05
2018-08-09 12:00:00,6.694009669145719e-05
2018-08-09 13:00:00,0.00022487155556051328
2018-08-09 14:00:00,0.00040879641935841123
2018-08-09 15:00:00,0.00022516840803915776
2018-08-09 16:00:00,0.00015832068096561925
2018-08-09 17:00:00,0.00010816428823335524
2018-08-09 18:00:00,8.686022185698209e-05
2018-08-09 19:00:00,7.387493137641243e-05
2018-08-09 20:00:00,0.00012031273689880425
2018-08-09 21:00:00,0.00010158819440795118
2018-08-09 22:00:00,0.0002859850325689672
2018-08-09 23:00:00,0.00012190355635294985
2018-08-10 00:00:00,0.00012269149272406754
2018-08-10 01:00:00,8.659786086084112e-05
2018-08-10 02:00:00,8.660699512985136e-05
2018-08-10 03:00:00,0.00010731502237460858
2018-08-10 04:00:00,6.009778179764806e-05
2018-08-10 05:00:00,0.00014269164720418718
2018-08-10 06:00:00,7.677237094848417e-05
2018-08-10 07:00:00,9.504015728849481e-05
2018-08-10 08:00:00,9.115959589311995e-05
2018-08-10 09:00:00,0.00017804324121165418
2018-08-10 10:00:00,0.00020519075078899413
2018-08-10 11:00:00,0.00010804976531461071
2018-08-10 12:00:00,0.0001934702272089242
2018-08-10 13:00:00,0.00025636179800468813
2018-08-10 14:00:00,0.00011082017887203433
2018-08-10 15:00:00,0.00017082162549666223
2018-08-10 16:00:00,9.950068454897154e-05
2018-08-10 17:00:00,0.00011215452841165094
2018-08-10 18:00:00,0.0001586536582420909
2018-08-10 19:00:00,0.00015301235712533436
2018-08-10 20:00:00,0.00011601174016080972
2018-08-10 21:00:00,0.00048519417241523377
2018-08-10 22:00:00,0.0007120984344030219
2018-08-10 23:00:00,0.00026566178232486184
2018-08-11 00:00:00,0.00030419814355935466
2018-08-11 01:00:00,0.00022002435383765517
2018-08-11 02:00:00,0.00017299610952812588
2018-08-11 03:00:00,0.0001422837561801421
2018-08-11 04:00:00,0.00015485616527629066
2018-08-11 05:00:00,0.00017068197751667088
2018-08-11 06:00:00,0.00036477892038741267
2018-08-11 07:00:00,0.00022258353242740663
2018-08-11 08:00:00,0.00018429670718206765
2018-08-11 09:00:00,0.00019567019197746247
2018-08-11 10:00:00,0.00014130969066234616
2018-08-11 11:00:00,0.0001597092683385269
2018-08-11 12:00:00,0.00011656876742618952
2018-08-11 13:00:00,0.00020830129696057482
2018-08-11 14:00:00,0.0001550787338106474
2018-08-11 15:00:00,0.00018164269044050876
2018-08-11 16:00:00,0.00018462327524017624
2018-08-11 17:00:00,0.0002277861003026696
2018-08-11 18:00:00,0.0007153685586833259
2018-08-11 19:00:00,0.0002453562184677663
2018-08-11 20:00:00,0.00019570058946288672
2018-08-11 21:00:00,0.00011702905045658053
2018-08-11 22:00:00,9.434836761021255e-05
2018-08-11 23:00:00,5.776394018568703e-05
2018-08-12 00:00:00,0.0002666157435510039
2018-08-12 01:00:00,0.000346987733149707
2018-08-12 02:00:00,0.00024194753320695505
2018-08-12 03:00:00,8.141218535901432e-05
2018-08-12 04:00:00,8.07830994572551e-05
2018-08-12 05:00:00,9.40531442282646e-05
2018-08-12 06:00:00,0.00025057880516228965
2018-08-12 07:00:00,0.0002014069592537939
2018-08-12 08:00:00,0.00015342125848534516
2018-08-12 09:00:00,0.00012379657567261593
2018-08-12 10:00:00,0.00011763371623935762
2018-08-12 11:00:00,0.00010385833445376914
2018-08-12 12:00:00,0.00015954086932324526
2018-08-12 13:00:00,0.0002720253647456511
2018-08-12 14:00:00,0.00014054374152529405
2018-08-12 15:00:00,0.00022057391635115989
2018-08-12 16:00:00,0.0001611019583078231
2018-08-12 17:00:00,0.00019727809588015926
2018-08-12 18:00:00,0.0001421448593121873
2018-08-12 19:00:00,0.00012496713997462363
2018-08-12 20:00:00,0.0005339994527755318
2018-08-12 21:00:00,0.0001602124442716488
2018-08-12 22:00:00,0.00012087561325751212
2018-08-12 23:00:00,0.0001660383742318715
2018-08-13 00:00:00,0.00013210191529220905
2018-08-13 01:00:00,7.765884683657843e-05
2018-08-13 02:00:00,5.176451449600512e-05
2018-08-13 03:00:00,5.641895399124822e-05
2018-08-13 04:00:00,9.936520315942095e-05
2018-08-13 05:00:00,0.00010386485676465042
2018-08-13 06:00:00,0.00011074938338485446
2018-08-13 07:00:00,0.00031436436701518075
2018-08-13 08:00:00,0.00010628465284221307
2018-08-13 09:00:00,0.0002625826393660264
2018-08-13 10:00:00,0.0001012439438786825
2018-08-13 11:00:00,8.140991271784491e-05
2018-08-13 12:00:00,8.605325717550707e-05
2018-08-13 13:00:00,9.201613668236295e-05
2018-08-13 14:00:00,0.00016108242302856156
2018-08-13 15:00:00,0.00013028694498665096
2018-08-13 16:00:00,0.000246999205879918
2018-08-13 17:00:00,0.0001388810023918673
2018-08-13 18:00:00,0.00031883692197575797
2018-08-13 19:00:00,0.00015839336992790848
2018-08-13 20:00:00,0.0001368575563854473
2018-08-13 21:00:00,0.00015760033813511182
2018-08-13 22:00:00,0.0001446687954909433
2018-08-13 23:00:00,0.00013475015502016345
2018-08-14 00:00:00,0.00010759146738090097
2018-08-14 01:00:00,0.00016737007752299553
2018-08-14 02:00:00,0.00025894116541021493
2018-08-14 03:00:00,0.0003400064309503412
2018-08-14 04:00:00,0.00017282026262988652
2018-08-14 05:00:00,0.0001467428176207158
2018-08-14 06:00:00,0.00010670710248159608
2018-08-14 07:00:00,0.0001322227612305756
2018-08-14 08:00:00,0.00025228670053340597
2018-08-14 09:00:00,0.0001315945786926999
2018-08-14 10:00:00,0.00013425077610576476
2018-08-14 11:00:00,0.00013568833745105844
2018-08-14 12:00:00,0.0001674663262738623
2018-08-14 13:00:00,0.0002824566624627031
2018-08-14 14:00:00,0.00022688830195923768
2018-08-14 15:00:00,0.0001937913062464636
2018-08-14 16:00:00,0.00020759089576415622
2018-08-14 17:00:00,0.00017215411505390016
2018-08-14 18:00:00,0.0002090483222247729
2018-08-14 19:00:00,0.00017274067901295662
2018-08-14 20:00:00,0.0003082273659490082
2018-08-14 21:00:00,0.00015399000872192879
2018-08-14 22:00:00,0.00019710949505422063
2018-08-14 23:00:00,0.00023335650584997044
2018-08-15 00:00:00,0.00023357692046522925
2018-08-15 01:00:00,0.00017253198366784126
2018-08-15 02:00:00,0.00012338116425341877
2018-08-15 03:00:00,0.00017003315217321906
2018-08-15 04:00:00,0.00017471731548500483
2018-08-15 05:00:00,0.0001975746035767837
2018-08-15 06:00:00,0.00011282404656506882
2018-08-15 07:00:00,0.00010319649855983226
2018-08-15 08:00:00,0.0002507028863885651
2018-08-15 09:00:00,0.0001982213778494495
2018-08-15 10:00:00,0.0002980102623094888
2018-08-15 11:00:00,0.000191345783820934
2018-08-15 12:00:00,0.00016368072802393314
2018-08-15 13:00:00,0.00017244966096134553
2018-08-15 14:00:00,0.00017889966458604364
2018-08-15 15:00:00,0.0001538506452624553
2018-08-15 16:00:00,0.00025256754367193395
2018-08-15 17:00:00,0.00036527754422837857
2018-08-15 18:00:00,0.00020903045763378535
2018-08-15 19:00:00,0.0001493680972893424
2018-08-15 20:00:00,0.0002642860658321753
2018-08-15 21:00:00,0.0002131062551813054
2018-08-15 22:00:00,0.00021659415143423773
2018-08-15 23:00:00,0.00020605787901187183
2018-08-16 00:00:00,0.00023341860802204758
2018-08-16 01:00:00,0.00019764396213222302
2018-08-16 02:00:00,0.00015153738534050685
2018-08-16 03:00:00,8.902629694816213e-05
2018-08-16 04:00:00,0.0001408939503223757
2018-08-16 05:00:00,0.00015238580736689385
2018-08-16 06:00:00,0.00014217064148310592
2018-08-16 07:00:00,0.0001234448260238985
2018-08-16 08:00:00,0.0001820493374455114
2018-08-16 09:00:00,0.00018377658556145555
2018-08-16 10:00:00,0.00015181681754353698
2018-08-16 11:00:00,0.00020263764473351747
2018-08-16 12:00:00,0.0001709177405186776
2018-08-16 13:00:00,0.00023718997003523674
2018-08-16 14:00:00,0.00017271335068156523
2018-08-16 15:00:00,0.00017869207299543908
2018-08-16 16:00:00,0.00019034117691080297
2018-08-16 17:00:00,0.0001386345994705665
2018-08-16 18:00:00,0.00016085684130031917
2018-08-16 19:00:00,0.0001230958188661425
2018-08-16 20:00:00,0.00012495135598823262
2018-08-16 21:00:00,0.00027470009801435646
2018-08-16 22:00:00,0.00024802807370488244
2018-08-16 23:00:00,0.0001922854257889789
2018-08-17 00:00:00,0.00012538129958004606
2018-08-17 01:00:00,0.00013510878213521341
2018-08-17 02:00:00,8.761405210809496e-05
2018-08-17 03:00:00,0.00012252751331855757
2018-08-17 04:00:00,0.00013277786627096
2018-08-17 05:00:00,0.00018375606315775432
2018-08-17 06:00:00,0.00010000220712953459
2018-08-17 07:00:00,9.845763455225145e-05
2018-08-17 08:00:00,0.00020425834614564534
2018-08-17 10:00:00,0.00012038736562881493
2018-08-17 11:00:00,0.00018809467052632463
2018-08-17 12:00:00,9.98042315246753e-05
2018-08-17 13:00:00,0.00010211857403846174
2018-08-17 14:00:00,0.00012406237884132114
2018-08-17 15:00:00,0.00011694970298712555
2018-08-17 16:00:00,0.00012363885294878
2018-08-17 17:00:00,0.0001532216605351792
2018-08-17 18:00:00,0.0001786382698276381
2018-08-17 19:00:00,0.00010414113669861889
2018-08-17 20:00:00,8.286073535850749e-05
2018-08-17 21:00:00,0.00013597953690771983
2018-08-17 22:00:00,0.00018309633248161518
2018-08-17 23:00:00,0.00019380907136586683
2018-08-18 00:00:00,0.0001446963633436879
2018-08-18 01:00:00,0.0001444308031924576
2018-08-18 02:00:00,0.00014818404596909676
2018-08-18 03:00:00,0.0001063918122284929
2018-08-18 04:00:00,0.00010680109646700506
2018-08-18 05:00:00,0.00011288859668547933
2018-08-18 06:00:00,0.00011674390816649976
2018-08-18 07:00:00,0.00013110502659606708
2018-08-18 08:00:00,0.00016182465739337392
2018-08-18 09:00:00,0.00010148472397881232
2018-08-18 10:00:00,8.217725138677763e-05
2018-08-18 11:00:00,0.00010964451881165473
2018-08-18 12:00:00,0.00011761311067436389
2018-08-18 13:00:00,0.00011350988958500053
2018-08-18 14:00:00,0.0002470706313967542
2018-08-18 15:00:00,0.00012946447265132203
2018-08-18 16:00:00,0.0001731553683262362
2018-08-18 17:00:00,0.00017902790865693255
2018-08-18 18:00:00,0.00014810036295143762
2018-08-18 19:00:00,0.00012171079523227121
2018-08-18 20:00:00,0.00010664517251621101
2018-08-18 21:00:00,0.00015103982821463468
2018-08-18 22:00:00,0.00014952540788789418
2018-08-18 23:00:00,0.00013464576853688615
2018-08-19 00:00:00,0.00011180654103042973
2018-08-19 01:00:00,0.00011094848237041437
2018-08-19 02:00:00,0.0001133295853332319
2018-08-19 03:00:00,7.267832867921903e-05
2018-08-19 04:00:00,0.00011204483131085217
2018-08-19 05:00:00,8.109969684377835e-05
2018-08-19 06:00:00,0.00011941729100118266
2018-08-19 07:00:00,9.499649761425888e-05
2018-08-19 08:00:00,9.906878406997836e-05
2018-08-19 09:00:00,8.116106347191097e-05
2018-08-19 10:00:00,9.066818822082412e-05
2018-08-19 11:00:00,8.032581503696863e-05
2018-08-19 12:00:00,0.00012117833084434182
2018-08-19 13:00:00,9.701380109976685e-05
2018-08-19 14:00:00,0.00011245987162114138
2018-08-19 15:00:00,0.00012747065293962763
2018-08-19 16:00:00,0.00014166644017195472
2018-08-19 17:00:00,0.00010433449297611202
2018-08-19 18:00:00,9.829233787636256e-05
2018-08-19 19:00:00,8.653668207206257e-05
2018-08-19 20:00:00,8.511601748289593e-05
2018-08-19 21:00:00,0.00013551639173934403
2018-08-19 22:00:00,0.00011430758196137253
2018-08-19 23:00:00,8.638847290515027e-05
2018-08-20 00:00:00,8.01240563633132e-05
2018-08-20 01:00:00,7.042730737887137e-05
2018-08-20 02:00:00,4.4238896290083824e-05
2018-08-20 03:00:00,7.305672165590143e-05
2018-08-20 04:00:00,6.158914522720322e-05
2018-08-20 05:00:00,7.513482175001446e-05
2018-08-20 06:00:00,6.665230312955334e-05
2018-08-20 07:00:00,8.31360897062735e-05
2018-08-20 08:00:00,5.5607893719845544e-05
2018-08-20 09:00:00,7.148902359163332e-05
2018-08-20 10:00:00,0.00010103310971470263
2018-08-20 11:00:00,6.607869437434642e-05
2018-08-20 12:00:00,7.017881061339643e-05
2018-08-20 13:00:00,8.705311881319997e-05
2018-08-20 14:00:00,8.259874087243382e-05
2018-08-20 15:00:00,6.278196437866187e-05
2018-08-20 16:00:00,8.987223144915664e-05
2018-08-20 17:00:00,8.511941605055373e-05
2018-08-20 18:00:00,6.946052562122873e-05
2018-08-20 19:00:00,5.475602372438497e-05
2018-08-20 20:00:00,5.662919658392193e-05
2018-08-20 21:00:00,6.62414861914337e-05
2018-08-20 22:00:00,6.944746678527356e-05
2018-08-20 23:00:00,0.00027046315560360344
2018-08-21 00:00:00,0.00014141867855915494
2018-08-21 01:00:00,7.13148606367867e-05
2018-08-21 02:00:00,5.428421225854827e-05
2018-08-21 03:00:00,6.170466094072575e-05
2018-08-21 04:00:00,5.07986494801152e-05
2018-08-21 05:00:00,4.9851665786463925e-05
2018-08-21 06:00:00,8.664877005431323e-05
2018-08-21 07:00:00,0.00010923298953725057
2018-08-21 08:00:00,8.182405640014577e-05
2018-08-21 09:00:00,0.00010564649725460357
2018-08-21 10:00:00,7.786070794621341e-05
2018-08-21 11:00:00,6.591345612106775e-05
2018-08-21 12:00:00,5.964452953594467e-05
2018-08-21 13:00:00,6.772610699900668e-05
2018-08-21 14:00:00,9.46748755368999e-05
2018-08-21 15:00:00,0.0001123433101168858
2018-08-21 16:00:00,8.707087191924712e-05
2018-08-21 17:00:00,9.93238941612001e-05
2018-08-21 18:00:00,9.794562284593962e-05
2018-08-21 19:00:00,0.0001013619281344085
2018-08-21 20:00:00,8.67392844346729e-05
2018-08-21 21:00:00,9.810581454337212e-05
2018-08-21 22:00:00,0.0001611896860626828
2018-08-21 23:00:00,8.863231504442809e-05
2018-08-22 00:00:00,7.771121314447354e-05
2018-08-22 01:00:00,9.09685822864949e-05
2018-08-22 02:00:00,0.0005633908311279227
2018-08-22 03:00:00,0.00023126649313155904
2018-08-22 04:00:00,0.00010385135018406753
2018-08-22 05:00:00,9.935555365176847e-05
2018-08-22 06:00:00,0.00010728027664226964
2018-08-22 07:00:00,9.429707554722343e-05
2018-08-22 08:00:00,8.946501581534727e-05
2018-08-22 09:00:00,8.786174984096598e-05
2018-08-22 10:00:00,9.23173406163898e-05
2018-08-22 11:00:00,8.143110370993108e-05
2018-08-22 12:00:00,9.3048173104431e-05
2018-08-22 13:00:00,9.867959807963506e-05
2018-08-22 14:00:00,6.722297708576114e-05
2018-08-22 15:00:00,6.952070899687404e-05
2018-08-22 16:00:00,0.0002631883406924315
2018-08-22 17:00:00,0.00041346950366898404
2018-08-22 18:00:00,9.116704153539679e-05
2018-08-22 19:00:00,0.00010149115865587424
2018-08-22 20:00:00,7.867214865204686e-05
2018-08-22 21:00:00,0.0002860874098175358
2018-08-22 22:00:00,0.0002483826836847898
2018-08-22 23:00:00,0.00041192652225342753
2018-08-23 00:00:00,0.00014278651167274036
2018-08-23 01:00:00,0.00013593544508254084
2018-08-23 02:00:00,8.321982500208443e-05
2018-08-23 03:00:00,7.78749566657425e-05
2018-08-23 04:00:00,9.964517238925424e-05
2018-08-23 05:00:00,7.507175749088958e-05
2018-08-23 06:00:00,0.00010684116116186912
2018-08-23 07:00:00,8.846604444116709e-05
2018-08-23 08:00:00,6.830655034197527e-05
2018-08-23 09:00:00,6.192386044529979e-05
2018-08-23 10:00:00,8.767456948705255e-05
2018-08-23 11:00:00,8.093818492832743e-05
2018-08-23 12:00:00,9.15576765340039e-05
2018-08-23 13:00:00,8.137389619864703e-05
2018-08-23 14:00:00,0.00010534794938968345
2018-08-23 15:00:00,0.00014539376577053946
2018-08-23 16:00:00,8.105904830523928e-05
2018-08-23 17:00:00,9.936222734776364e-05
2018-08-23 18:00:00,7.947063364438297e-05
2018-08-23 19:00:00,6.883040918041796e-05
2018-08-23 20:00:00,0.00013292049726077563
2018-08-23 21:00:00,8.386674917636454e-05
2018-08-23 22:00:00,0.00015702186615962853
2018-08-23 23:00:00,0.00015478818878137985
2018-08-24 00:00:00,8.287012000153625e-05
2018-08-24 01:00:00,7.770881108367641e-05
2018-08-24 02:00:00,7.476537390798989e-05
2018-08-24 03:00:00,7.86322180354225e-05
2018-08-24 04:00:00,6.415534112256134e-05
2018-08-24 05:00:00,6.197336493790011e-05
2018-08-24 06:00:00,6.243859738587007e-05
2018-08-24 07:00:00,6.776746091381642e-05
2018-08-24 08:00:00,0.0001086592137753273
2018-08-24 09:00:00,7.350056466744266e-05
2018-08-24 10:00:00,7.322935452228336e-05
2018-08-24 11:00:00,7.647853140009187e-05
2018-08-24 12:00:00,8.972350995311967e-05
2018-08-24 13:00:00,0.00010341785124971452
2018-08-24 14:00:00,0.00012195209949824774
2018-08-24 15:00:00,0.0001472637737900054
2018-08-24 16:00:00,0.00013943557195138023
2018-08-24 17:00:00,9.708546501038024e-05
2018-08-24 18:00:00,0.00020556471764842556
2018-08-24 19:00:00,0.0001193416838687044
2018-08-24 20:00:00,9.058326362272694e-05
2018-08-24 21:00:00,8.474598675622678e-05
2018-08-24 22:00:00,0.00016467248509779777
2018-08-24 23:00:00,0.00016493505356771714
2018-08-25 00:00:00,0.00011890686533207417
2018-08-25 01:00:00,0.00019753237552760548
2018-08-25 02:00:00,0.00012559288290591616
2018-08-25 03:00:00,0.00013147518396531858
2018-08-25 04:00:00,0.00013023624290375437
2018-08-25 05:00:00,0.00017452174255391575
2018-08-25 06:00:00,0.00010133531986266904
2018-08-25 07:00:00,0.00011510624827576496
2018-08-25 08:00:00,0.00011065129636300562
2018-08-25 09:00:00,0.00013957264712084023
2018-08-25 10:00:00,0.00013723975729534082
2018-08-25 11:00:00,0.00011739401311040235
2018-08-25 12:00:00,0.00012139607791404626
2018-08-25 13:00:00,0.00014377508114315292
2018-08-25 14:00:00,0.00011466533698661098
2018-08-25 15:00:00,0.00014514198081456452
2018-08-25 16:00:00,0.00016755304074724138
2018-08-25 17:00:00,0.00013367180996676838
2018-08-25 18:00:00,9.849087727454939e-05
2018-08-25 19:00:00,0.00011620815734900063
2018-08-25 21:00:00,9.819990782165886e-05
2018-08-25 22:00:00,0.00012922914339026482
2018-08-25 23:00:00,8.803777239352027e-05
2018-08-26 00:00:00,0.00012066601055502086
2018-08-26 01:00:00,0.00013945558994991674
2018-08-26 02:00:00,5.660258226640944e-05
2018-08-26 03:00:00,0.00018926234351787267
2018-08-26 04:00:00,0.000116334146402406
2018-08-26 05:00:00,9.445777301135667e-05
2018-08-26 06:00:00,6.649801271110368e-05
2018-08-26 07:00:00,0.00010201096223604709
2018-08-26 08:00:00,8.688888166735249e-05
2018-08-26 09:00:00,8.966759406642421e-05
2018-08-26 10:00:00,8.519929050524605e-05
2018-08-26 11:00:00,0.00010224515275891513
2018-08-26 12:00:00,8.600720512620212e-05
2018-08-26 13:00:00,8.315786860908772e-05
2018-08-26 14:00:00,0.00011471665741210826
2018-08-26 15:00:00,8.42679217389245e-05
2018-08-26 16:00:00,9.228969102536613e-05
2018-08-26 17:00:00,0.0001081282625959233
2018-08-26 18:00:00,0.00011474849703967474
2018-08-26 19:00:00,8.546912383038623e-05
2018-08-26 20:00:00,8.748017349957398e-05
2018-08-26 21:00:00,0.00010287846783419215
2018-08-26 22:00:00,9.618252066704829e-05
2018-08-26 23:00:00,0.00010267854370753708
2018-08-27 00:00:00,8.910155867924893e-05
2018-08-27 01:00:00,7.31493318813411e-05
2018-08-27 02:00:00,6.86689228836457e-05
2018-08-27 03:00:00,4.64711444671811e-05
2018-08-27 04:00:00,5.829985663084647e-05
2018-08-27 05:00:00,8.992739310619515e-05
2018-08-27 06:00:00,8.35115425466959e-05
2018-08-27 07:00:00,5.327220701961782e-05
2018-08-27 08:00:00,5.136046189558083e-05
2018-08-27 09:00:00,6.816545302274102e-05
2018-08-27 10:00:00,5.9960967399827836e-05
2018-08-27 11:00:00,6.67068881624307e-05
2018-08-27 12:00:00,8.807693418463677e-05
2018-08-27 13:00:00,0.0001199466269016635
2018-08-27 14:00:00,7.484528557244054e-05
2018-08-27 15:00:00,7.580738576743242e-05
2018-08-27 16:00:00,6.000869944200749e-05
2018-08-27 17:00:00,5.886833949465448e-05
2018-08-27 18:00:00,5.276768384103716e-05
2018-08-27 19:00:00,4.6103665924290803e-05
2018-08-27 20:00:00,5.534591911499595e-05
2018-08-27 21:00:00,5.4465161639998954e-05
2018-08-27 22:00:00,7.440935372786246e-05
2018-08-27 23:00:00,7.637838473904533e-05
2018-08-28 00:00:00,0.0002433865643028744
2018-08-28 01:00:00,7.935300296003076e-05
2018-08-28 02:00:00,8.628899598421002e-05
2018-08-28 03:00:00,5.5474785436429645e-05
2018-08-28 04:00:00,4.00285853774366e-05
2018-08-28 05:00:00,5.031309977486295e-05
2018-08-28 06:00:00,4.60154777869413e-05
2018-08-28 07:00:00,8.903084672463265e-05
2018-08-28 08:00:00,7.047568597988374e-05
2018-08-28 09:00:00,5.361344043955601e-05
2018-08-28 10:00:00,4.5893051206678725e-05
2018-08-28 11:00:00,4.8992297777399135e-05
2018-08-28 12:00:00,0.0002067985327570809
2018-08-28 13:00:00,7.369858645597903e-05
2018-08-28 14:00:00,9.91515465504639e-05
2018-08-28 15:00:00,9.776360280139164e-05
2018-08-28 16:00:00,6.912658486187292e-05
2018-08-28 17:00:00,8.043267440154235e-05
2018-08-28 18:00:00,9.217508378994856e-05
2018-08-28 19:00:00,6.76488391206778e-05
2018-08-28 20:00:00,9.505150178257585e-05
2018-08-28 21:00:00,9.671832171545052e-05
2018-08-28 22:00:00,0.0001046975851105569
2018-08-28 23:00:00,9.589942389996984e-05
2018-08-29 00:00:00,8.762048211738542e-05
2018-08-29 01:00:00,6.716968071336109e-05
2018-08-29 02:00:00,7.022742474390543e-05
2018-08-29 03:00:00,7.38105079789096e-05
2018-08-29 04:00:00,6.419558432936842e-05
2018-08-29 05:00:00,4.4274042359773265e-05
2018-08-29 06:00:00,2.9513682255196796e-05
2018-08-29 07:00:00,6.426726654829658e-05
2018-08-29 08:00:00,7.703479167055452e-05
2018-08-29 09:00:00,8.137004372524481e-05
2018-08-29 10:00:00,8.57485471032127e-05
2018-08-29 11:00:00,7.057653859504398e-05
2018-08-29 12:00:00,6.656913381371488e-05
2018-08-29 13:00:00,8.0570721850692e-05
2018-08-29 14:00:00,7.012721815810555e-05
2018-08-29 15:00:00,6.703224619050717e-05
2018-08-29 16:00:00,0.00020163279751078867
2018-08-29 17:00:00,9.040998281636579e-05
2018-08-29 18:00:00,7.550065058372135e-05
2018-08-29 19:00:00,7.920219840168483e-05
2018-08-29 20:00:00,5.546211458120034e-05
2018-08-29 21:00:00,8.232102844656692e-05
2018-08-29 22:00:00,6.253183042609142e-05
2018-08-29 23:00:00,6.007635937781827e-05
2018-08-30 00:00:00,5.5872464876876173e-05
2018-08-30 01:00:00,3.497742778224253e-05
2018-08-30 02:00:00,3.978192940204055e-05
2018-08-30 03:00:00,7.15024187333933e-05
2018-08-30 04:00:00,4.399586720202497e-05
2018-08-30 05:00:00,5.2371974199519805e-05
2018-08-30 06:00:00,7.999022718967031e-05
2018-08-30 07:00:00,8.620539744359768e-05
2018-08-30 08:00:00,5.030721336158109e-05
2018-08-30 09:00:00,7.308666848205607e-05
2018-08-30 10:00:00,0.00010437506982847231
2018-08-30 11:00:00,6.794823706762846e-05
2018-08-30 12:00:00,8.154437557226997e-05
2018-08-30 13:00:00,9.273292529498074e-05
2018-08-30 14:00:00,7.820738320960416e-05
2018-08-30 15:00:00,6.907181550979175e-05
2018-08-30 16:00:00,6.300859915895049e-05
2018-08-30 17:00:00,5.568424376854094e-05
2018-08-30 18:00:00,4.837915268733545e-05
2018-08-30 19:00:00,6.96336423027182e-05
2018-08-30 20:00:00,5.919767848628048e-05
2018-08-30 21:00:00,0.00011591000169421564
2018-08-30 22:00:00,8.477662739180202e-05
2018-08-30 23:00:00,8.284664613644022e-05
2018-08-31 00:00:00,9.350172212694559e-05
2018-08-31 01:00:00,7.960099364193667e-05
2018-08-31 02:00:00,5.6929621297538716e-05
2018-08-31 03:00:00,4.957465003645255e-05
2018-08-31 04:00:00,4.9732499962497466e-05
2018-08-31 05:00:00,7.663758218247942e-05
2018-08-31 06:00:00,6.344889049155463e-05
2018-08-31 07:00:00,5.140587291743686e-05
2018-08-31 08:00:00,6.851611937323452e-05
2018-08-31 09:00:00,6.482258613631423e-05
2018-08-31 10:00:00,6.87429459900294e-05
2018-08-31 11:00:00,5.365726434993017e-05
2018-08-31 12:00:00,5.855687285929241e-05
2018-08-31 13:00:00,0.0001038351605493308
2018-08-31 14:00:00,6.731642876514843e-05
2018-08-31 15:00:00,7.259660873390288e-05
2018-08-31 16:00:00,0.00014213659671692298
2018-08-31 17:00:00,7.958434226168602e-05
2018-08-31 18:00:00,9.656815983485697e-05
2018-08-31 19:00:00,0.00010477427819996321
2018-08-31 20:00:00,6.693942263606504e-05
2018-08-31 21:00:00,6.838944366804855e-05
2018-08-31 22:00:00,0.00010199525753294232
2018-09-03 23:00:00,5.796568702377721e-05
2018-09-04 00:00:00,5.4024736368438186e-05
2018-09-04 01:00:00,3.923444802700951e-05
2018-09-04 02:00:00,3.389559401559887e-05
2018-09-04 03:00:00,6.178188647611023e-05
2018-09-04 04:00:00,4.442456552897351e-05
2018-09-04 05:00:00,5.426249257294831e-05
2018-09-04 06:00:00,5.693814761285463e-05
2018-09-04 07:00:00,4.818987633198204e-05
2018-09-04 08:00:00,5.5938323874764625e-05
2018-09-04 09:00:00,5.709592853224717e-05
2018-09-04 10:00:00,5.39674407832542e-05
2018-09-04 11:00:00,5.291925054222723e-05
2018-09-04 12:00:00,6.884152068521158e-05
2018-09-04 13:00:00,0.00010071606920052491
2018-09-04 14:00:00,5.733339210583932e-05
2018-09-04 15:00:00,4.4621882022314064e-05
2018-09-04 16:00:00,6.496575560217685e-05
2018-09-04 17:00:00,5.965755874296207e-05
2018-09-04 18:00:00,6.127863190989822e-05
2018-09-04 19:00:00,0.00010131777427791237
2018-09-04 20:00:00,6.766611947446633e-05
2018-09-04 21:00:00,7.012419793170047e-05
2018-09-04 22:00:00,7.072398739526687e-05
2018-09-04 23:00:00,5.2675901205615565e-05
2018-09-05 00:00:00,5.651863456080499e-05
2018-09-05 01:00:00,4.4603169026479106e-05
2018-09-05 02:00:00,7.666122911114663e-05
2018-09-05 03:00:00,7.768606395045977e-05
2018-09-05 04:00:00,4.6569426781322584e-05
2018-09-05 05:00:00,3.988922345519392e-05
2018-09-05 06:00:00,4.457732033383395e-05
2018-09-05 07:00:00,5.247325097412232e-05
2018-09-05 08:00:00,5.9421896705593194e-05
2018-09-05 09:00:00,5.405643959267358e-05
2018-09-05 10:00:00,0.00022790710737610834
2018-09-05 11:00:00,0.0003743478727474164
2018-09-05 12:00:00,0.00019508900541703806
2018-09-05 13:00:00,0.00016834070515036267
2018-09-05 14:00:00,0.0001568422406389953
2018-09-05 15:00:00,0.0001908667485830738
2018-09-05 16:00:00,0.00017302814735179617
2018-09-05 17:00:00,0.00032755797930091247
2018-09-05 18:00:00,0.00023476202732253655
2018-09-05 19:00:00,0.0001409240409708171
2018-09-05 20:00:00,0.00014189395969851215
2018-09-05 21:00:00,0.0001745102552607289
2018-09-05 22:00:00,0.00028191410509079156
2018-09-05 23:00:00,0.00019556530150801135
2018-09-06 00:00:00,0.0006549632378244787
2018-09-06 01:00:00,0.0011811331482390272
2018-09-06 02:00:00,0.0004343939311176048
2018-09-06 03:00:00,0.0003437902922044609
2018-09-06 04:00:00,0.00026568866861221093
2018-09-06 05:00:00,0.00023664324409447164
2018-09-06 06:00:00,0.00032459682330807397
2018-09-06 07:00:00,0.0002898318928157342
2018-09-06 08:00:00,0.000329240997960652
2018-09-06 09:00:00,0.0002339334336609297
2018-09-06 10:00:00,0.0005496431205493799
2018-09-06 11:00:00,0.0002553039156870629
2018-09-06 12:00:00,0.00028236777375489956
2018-09-06 13:00:00,0.00022552107224422477
2018-09-06 14:00:00,0.00030918800630846
2018-09-06 15:00:00,0.00028033309768127443
2018-09-06 16:00:00,0.00029200437285015765
2018-09-06 17:00:00,0.00018207439415337886
2018-09-06 18:00:00,0.00020213453274268972
2018-09-06 19:00:00,0.0004439962318589556
2018-09-06 20:00:00,0.00018061149735188313
2018-09-06 21:00:00,0.0002149311753774163
2018-09-06 22:00:00,0.00020458001430726582
2018-09-06 23:00:00,0.0001826767898550055
2018-09-07 00:00:00,0.00021948417131725052
2018-09-07 01:00:00,0.00017373399688446918
2018-09-07 02:00:00,0.00011261760014558942
2018-09-07 03:00:00,0.00013925160462811725
2018-09-07 04:00:00,0.00011140132252544834
2018-09-07 05:00:00,9.773022765938145e-05
2018-09-07 06:00:00,9.194077900277699e-05
2018-09-07 07:00:00,0.00016659572638994227
2018-09-07 08:00:00,0.00010081799518164465
2018-09-07 09:00:00,0.00012743376128556533
2018-09-07 10:00:00,8.115771952648656e-05
2018-09-07 11:00:00,0.00022289766472202344
2018-09-07 12:00:00,0.00013825157113486682
2018-09-07 13:00:00,0.000135092958573767
2018-09-07 14:00:00,0.0001191358481587982
2018-09-07 15:00:00,0.00014383311919900738
2018-09-07 16:00:00,0.00016218532218090575
2018-09-07 17:00:00,0.00019331412382932653
2018-09-07 18:00:00,0.00014594316234184466
2018-09-07 19:00:00,0.00011039871419594363
2018-09-07 20:00:00,9.584052751690263e-05
2018-09-07 21:00:00,0.00012533310205236478
2018-09-07 22:00:00,0.00014018146094429566
2018-09-07 23:00:00,9.528688675556416e-05
2018-09-08 00:00:00,8.329299010479393e-05
2018-09-08 01:00:00,9.289835915485705e-05
2018-09-08 02:00:00,8.404289344986527e-05
2018-09-08 03:00:00,6.959629790554491e-05
2018-09-08 04:00:00,8.239494322132822e-05
2018-09-08 05:00:00,7.995849641528207e-05
2018-09-08 06:00:00,5.525241741916931e-05
2018-09-08 07:00:00,7.081650671966964e-05
2018-09-08 09:00:00,5.916852687882876e-05
2018-09-08 10:00:00,7.853170316542186e-05
2018-09-08 11:00:00,6.123296342600905e-05
2018-09-08 12:00:00,7.890991014575579e-05
2018-09-08 13:00:00,0.00015694855374830138
2018-09-08 16:00:00,0.00012307540009530684
2018-09-08 17:00:00,0.00011742570555307981
2018-09-08 18:00:00,0.00036099935455385874
2018-09-08 19:00:00,0.0002645796103515622
2018-09-08 20:00:00,0.0001461906340399765
2018-09-08 21:00:00,0.00018938486401764702
2018-09-08 22:00:00,0.0001051577697601667
2018-09-08 23:00:00,9.332206746435445e-05
2018-09-09 00:00:00,8.436648029532546e-05
2018-09-09 02:00:00,8.568245327924588e-05
2018-09-09 03:00:00,9.77792286887504e-05
2018-09-09 04:00:00,0.00010669202535670301
2018-09-09 05:00:00,0.0002707642211422519
2018-09-09 06:00:00,9.551716928636613e-05
2018-09-09 07:00:00,8.885175578795314e-05
2018-09-09 08:00:00,8.989708697884226e-05
2018-09-09 09:00:00,9.017354470225336e-05
2018-09-09 10:00:00,0.000399296739387344
2018-09-09 11:00:00,0.00016840596625413966
2018-09-09 12:00:00,0.0001734632211993213
2018-09-09 13:00:00,0.00017678296363086402
2018-09-09 14:00:00,0.00020070110919326317
2018-09-09 15:00:00,0.0001445518568717671
2018-09-09 16:00:00,0.00013603442034058666
2018-09-09 17:00:00,0.00010476390196063708
2018-09-09 18:00:00,0.00010155218421180177
2018-09-09 19:00:00,0.00010319089973448552
2018-09-09 20:00:00,8.350992670621482e-05
2018-09-09 21:00:00,8.805924642075787e-05
2018-09-09 22:00:00,0.00010162694897352836
2018-09-09 23:00:00,0.00026165183771177593
2018-09-10 00:00:00,0.00016315467464009828
2018-09-10 01:00:00,0.00013317758108681842
2018-09-10 02:00:00,0.00017177646223490384
2018-09-10 03:00:00,0.00012508448376770414
2018-09-10 04:00:00,9.844318937427756e-05
2018-09-10 05:00:00,0.0001024297748406631
2018-09-10 06:00:00,9.28877101243117e-05
2018-09-10 07:00:00,6.745719330208493e-05
2018-09-10 08:00:00,9.558056895869009e-05
2018-09-10 09:00:00,7.947547095197542e-05
2018-09-10 10:00:00,0.00010522150309093457
2018-09-10 11:00:00,9.400752006766357e-05
2018-09-10 12:00:00,7.899170376266497e-05
2018-09-10 13:00:00,6.618286022168183e-05
2018-09-10 14:00:00,7.592881211297916e-05
2018-09-10 15:00:00,0.00010223821563786806
2018-09-10 16:00:00,8.194111654028859e-05
2018-09-10 17:00:00,0.0001078884991522305
2018-09-10 18:00:00,0.00010330325902055683
2018-09-10 19:00:00,7.0574500030134e-05
2018-09-10 20:00:00,6.594788939197071e-05
2018-09-10 21:00:00,8.228654748633543e-05
2018-09-10 22:00:00,0.00010344411236655193
2018-09-11 00:00:00,9.731764194056114e-05
2018-09-11 01:00:00,7.608313235949441e-05
2018-09-11 02:00:00,9.203492888714405e-05
2018-09-11 03:00:00,0.0001021111078355829
2018-09-11 04:00:00,6.456129300936236e-05
2018-09-11 05:00:00,6.28538347753399e-05
2018-09-11 06:00:00,6.751196291004927e-05
2018-09-11 07:00:00,7.064631170534091e-05
2018-09-11 08:00:00,8.330080725282495e-05
2018-09-11 09:00:00,6.962760997339729e-05
2018-09-11 10:00:00,8.255805159024594e-05
2018-09-11 11:00:00,6.000674856642757e-05
2018-09-11 12:00:00,0.0001340760651303283
2018-09-11 13:00:00,9.518900881065537e-05
2018-09-11 14:00:00,8.677986141242379e-05
2018-09-11 16:00:00,0.00012885984465591872
2018-09-11 17:00:00,8.480355806668799e-05
2018-09-11 18:00:00,7.09182157645167e-05
2018-09-11 19:00:00,0.0001236573417409599
2018-09-11 20:00:00,9.416449450124289e-05
2018-09-11 21:00:00,0.00011193829724218602
2018-09-11 22:00:00,0.00016068334290286046
2018-09-11 23:00:00,8.334802493782835e-05
2018-09-12 00:00:00,6.201326728831006e-05
2018-09-12 01:00:00,6.836141236929635e-05
2018-09-12 02:00:00,5.7252882507556704e-05
2018-09-12 03:00:00,5.7502305590629176e-05
2018-09-12 04:00:00,7.056913523236251e-05
2018-09-12 05:00:00,5.740597640591171e-05
2018-09-12 06:00:00,5.8042883193142634e-05
2018-09-12 07:00:00,7.033628593978472e-05
2018-09-12 08:00:00,7.149106096678397e-05
2018-09-12 09:00:00,8.839225615361479e-05
2018-09-12 10:00:00,4.628387173313734e-05
2018-09-12 11:00:00,5.958475849743446e-05
2018-09-12 12:00:00,7.121522313236873e-05
2018-09-12 13:00:00,7.289577600202173e-05
2018-09-12 14:00:00,7.374714126771128e-05
2018-09-12 15:00:00,5.9060771318984655e-05
2018-09-12 16:00:00,4.361037847297178e-05
2018-09-12 17:00:00,4.8606246638676044e-05
2018-09-12 18:00:00,5.940252232498727e-05
2018-09-12 19:00:00,7.808374842069441e-05
2018-09-12 20:00:00,6.34645550024006e-05
2018-09-12 21:00:00,4.943988753329654e-05
2018-09-12 22:00:00,6.589627209968326e-05
2018-09-12 23:00:00,6.269922188952924e-05
2018-09-13 00:00:00,5.3011391255231716e-05
2018-09-13 01:00:00,8.572269293917626e-05
2018-09-13 02:00:00,5.361071270522843e-05
2018-09-13 03:00:00,6.026931742745947e-05
2018-09-13 04:00:00,3.722980106411754e-05
2018-09-13 05:00:00,3.776101158598615e-05
2018-09-13 06:00:00,5.436852194560944e-05
2018-09-13 07:00:00,3.5445585685015084e-05
2018-09-13 08:00:00,5.141158344439367e-05
2018-09-13 09:00:00,4.107055483288516e-05
2018-09-13 10:00:00,9.198107927250203e-05
2018-09-13 11:00:00,5.1382061168034766e-05
2018-09-13 12:00:00,4.909070681791436e-05
2018-09-13 13:00:00,9.558154663179406e-05
2018-09-13 14:00:00,8.384459217718684e-05
2018-09-13 15:00:00,8.449042453553628e-05
2018-09-13 16:00:00,7.832805864780836e-05
2018-09-13 17:00:00,0.00011474589598912578
2018-09-13 18:00:00,6.720505146709582e-05
2018-09-13 19:00:00,6.879504220929228e-05
2018-09-13 20:00:00,9.006301808437984e-05
2018-09-13 21:00:00,9.371352922664665e-05
2018-09-13 22:00:00,9.589927783929156e-05
2018-09-13 23:00:00,8.470736439339346e-05
2018-09-14 00:00:00,9.94717394389739e-05
2018-09-14 01:00:00,7.622504648206136e-05
2018-09-14 02:00:00,7.390167878478785e-05
2018-09-14 03:00:00,9.462013497118555e-05
2018-09-14 04:00:00,7.662455709313928e-05
2018-09-14 05:00:00,6.16070608264845e-05
2018-09-14 06:00:00,5.79590253298014e-05
2018-09-14 07:00:00,2.8533091227586608e-05
2018-09-14 08:00:00,7.343882552184561e-05
2018-09-14 09:00:00,0.00016666458699584618
2018-09-14 10:00:00,8.97088733496625e-05
2018-09-14 11:00:00,6.21938224410139e-05
2018-09-14 12:00:00,6.20353685543111e-05
2018-09-14 13:00:00,7.278596479559716e-05
2018-09-14 14:00:00,9.629814196756637e-05
2018-09-14 15:00:00,7.173771377022063e-05
2018-09-14 16:00:00,6.497484667655724e-05
2018-09-14 17:00:00,7.729427267784712e-05
2018-09-14 18:00:00,9.433307469720069e-05
2018-09-14 19:00:00,6.469318988184751e-05
2018-09-14 20:00:00,7.706656857584476e-05
2018-09-14 21:00:00,8.696056103256187e-05
2018-09-14 22:00:00,6.891758698367899e-05
2018-09-14 23:00:00,8.231317356230776e-05
2018-09-15 00:00:00,8.463289839393924e-05
2018-09-15 01:00:00,6.661974083585335e-05
2018-09-15 02:00:00,6.119490091513095e-05
2018-09-15 03:00:00,5.919206738308209e-05
2018-09-15 04:00:00,5.593682330373871e-05
2018-09-15 05:00:00,4.819973604951263e-05
2018-09-15 07:00:00,3.859703624205401e-05
2018-09-15 08:00:00,3.1083588515098234e-05
2018-09-15 09:00:00,7.011609180451182e-05
2018-09-15 10:00:00,4.684688278922138e-05
2018-09-15 11:00:00,7.248746682878414e-05
2018-09-15 12:00:00,7.163955274939288e-05
2018-09-15 13:00:00,5.7047730709885026e-05
2018-09-15 14:00:00,7.98560434782994e-05
2018-09-15 15:00:00,7.280356099462139e-05
2018-09-15 16:00:00,6.367241228656061e-05
2018-09-15 17:00:00,4.9323255264778135e-05
2018-09-15 18:00:00,5.009722506969305e-05
2018-09-15 19:00:00,6.334015852711637e-05
2018-09-15 20:00:00,5.810971984247081e-05
2018-09-15 21:00:00,3.406515840336925e-05
2018-09-15 22:00:00,7.648657766341912e-05
2018-09-15 23:00:00,5.3973798067797895e-05
2018-09-16 00:00:00,4.0416246768485516e-05
2018-09-16 01:00:00,4.3726080254245924e-05
2018-09-16 02:00:00,3.85111774984525e-05
2018-09-16 03:00:00,5.32672200418057e-05
2018-09-16 04:00:00,4.2601547946911925e-05
2018-09-16 05:00:00,0.000148454215013605
2018-09-16 06:00:00,6.84447629576625e-05
2018-09-16 07:00:00,4.973569070747088e-05
2018-09-16 08:00:00,5.4130394926685936e-05
2018-09-16 09:00:00,6.576263344898296e-05
2018-09-16 10:00:00,6.700154920418941e-05
2018-09-16 11:00:00,5.5589405816923617e-05
2018-09-16 12:00:00,5.458171817384481e-05
2018-09-16 13:00:00,6.220541179313698e-05
2018-09-16 14:00:00,7.966569758413936e-05
2018-09-16 15:00:00,5.645280204307771e-05
2018-09-16 16:00:00,7.605413483580581e-05
2018-09-16 17:00:00,8.256354568207429e-05
2018-09-16 18:00:00,8.239502690564434e-05
2018-09-16 19:00:00,6.186407774854155e-05
2018-09-16 20:00:00,5.242277386061997e-05
2018-09-16 21:00:00,7.555425266153124e-05
2018-09-16 22:00:00,5.974079124045019e-05
2018-09-16 23:00:00,5.469913529984795e-05
2018-09-17 00:00:00,6.775895477009108e-05
2018-09-17 01:00:00,5.5167677279559905e-05
2018-09-17 02:00:00,2.9161490171790904e-05
2018-09-17 03:00:00,5.223531598705593e-05
2018-09-17 04:00:00,4.62406830638071e-05
2018-09-17 05:00:00,5.8182306169504584e-05
2018-09-17 06:00:00,5.2449436187751614e-05
2018-09-17 07:00:00,5.026740295096002e-05
2018-09-17 08:00:00,4.247931007297598e-05
2018-09-17 09:00:00,6.25583218749242e-05
2018-09-17 10:00:00,0.00011279107459851297
2018-09-17 11:00:00,7.878524351870409e-05
2018-09-17 12:00:00,5.331423339211813e-05
2018-09-17 13:00:00,7.38206850762821e-05
2018-09-17 14:00:00,9.388649042490582e-05
2018-09-17 15:00:00,0.00014874001446528136
2018-09-17 16:00:00,0.0001820035383714672
2018-09-17 17:00:00,9.097203880160566e-05
2018-09-17 18:00:00,0.00010412217947414352
2018-09-17 19:00:00,9.59154702017247e-05
2018-09-17 20:00:00,0.0001022002878780766
2018-09-17 21:00:00,0.00013704797330599212
2018-09-17 22:00:00,9.649082338545643e-05
2018-09-17 23:00:00,8.381101858639925e-05
2018-09-18 00:00:00,7.756400657219371e-05
2018-09-18 01:00:00,6.599254629383722e-05
2018-09-18 02:00:00,4.468914367485619e-05
2018-09-18 03:00:00,4.6806742056589684e-05
2018-09-18 04:00:00,4.3649116822548856e-05
2018-09-18 05:00:00,5.975656134814835e-05
2018-09-18 06:00:00,5.120333891174522e-05
2018-09-18 07:00:00,4.6703440251406115e-05
2018-09-18 08:00:00,4.391504714112253e-05
2018-09-18 09:00:00,7.428612061512965e-05
2018-09-18 10:00:00,6.53779466657285e-05
2018-09-18 11:00:00,7.233569154180142e-05
2018-09-18 12:00:00,7.189357574528997e-05
2018-09-18 13:00:00,0.00010849312356460692
2018-09-18 14:00:00,0.0001014570873689868
2018-09-18 15:00:00,8.268609258340392e-05
2018-09-18 16:00:00,6.467041878379927e-05
2018-09-18 17:00:00,5.7423587615643714e-05
2018-09-18 18:00:00,7.023642977120208e-05
2018-09-18 19:00:00,7.050718869066451e-05
2018-09-18 20:00:00,0.00018503472606752353
2018-09-18 21:00:00,6.377311126587926e-05
2018-09-18 22:00:00,8.256794600739674e-05
2018-09-18 23:00:00,9.81289800167523e-05
2018-09-19 00:00:00,6.508596357284523e-05
2018-09-19 01:00:00,5.157172122160395e-05
2018-09-19 02:00:00,4.140838779839175e-05
2018-09-19 03:00:00,3.6134486118696956e-05
2018-09-19 04:00:00,6.826609033134714e-05
2018-09-19 05:00:00,4.726728432372647e-05
2018-09-19 06:00:00,3.415349584586908e-05
2018-09-19 07:00:00,3.2388335927167806e-05
2018-09-19 08:00:00,4.456300981210997e-05
2018-09-19 09:00:00,2.6163942068782243e-05
2018-09-19 10:00:00,4.571287885989282e-05
2018-09-19 11:00:00,2.4638218098187134e-05
2018-09-19 12:00:00,6.296642481940258e-05
2018-09-19 13:00:00,6.0460056392596925e-05
2018-09-19 14:00:00,5.156647640475818e-05
2018-09-19 15:00:00,6.158231906807637e-05
2018-09-19 16:00:00,3.66785564508872e-05
2018-09-19 17:00:00,4.200038601935953e-05
2018-09-19 18:00:00,5.020704434046415e-05
2018-09-19 19:00:00,0.00013478444493289976
2018-09-19 20:00:00,0.0002704888064238851
2018-09-19 21:00:00,7.865437062075362e-05
2018-09-19 22:00:00,9.841054556938862e-05
2018-09-19 23:00:00,9.578028858396717e-05
2018-09-20 00:00:00,5.9225702657867285e-05
2018-09-20 01:00:00,5.727206393980957e-05
2018-09-20 02:00:00,8.645262294194785e-05
2018-09-20 03:00:00,8.035032077943223e-05
2018-09-20 04:00:00,5.382292267769972e-05
2018-09-20 05:00:00,4.966475518605289e-05
2018-09-20 06:00:00,3.7606063290242376e-05
2018-09-20 07:00:00,5.158989136201056e-05
2018-09-20 08:00:00,4.4008497443661325e-05
2018-09-20 09:00:00,5.229785710982588e-05
2018-09-20 10:00:00,3.6316084489903066e-05
2018-09-20 11:00:00,3.8135376915660304e-05
2018-09-20 12:00:00,7.467238410545735e-05
2018-09-20 13:00:00,5.816432671914316e-05
2018-09-20 14:00:00,6.422817478643527e-05
2018-09-20 15:00:00,3.7205620063450245e-05
2018-09-20 16:00:00,3.6227244972616774e-05
2018-09-20 17:00:00,3.883249772078472e-05
2018-09-20 18:00:00,4.5334090714469915e-05
2018-09-20 19:00:00,5.5729990435067925e-05
2018-09-20 20:00:00,4.6217592561947164e-05
2018-09-20 21:00:00,0.00010093696841342135
2018-09-20 22:00:00,0.00013685753184283924
2018-09-20 23:00:00,0.00014493394951418522
2018-09-21 00:00:00,0.00011706419621933938
2018-09-21 01:00:00,0.00012786913167604156
2018-09-21 02:00:00,7.052120958156336e-05
2018-09-21 03:00:00,8.775123304140523e-05
2018-09-21 04:00:00,7.684337792265866e-05
2018-09-21 05:00:00,5.855035460769281e-05
2018-09-21 06:00:00,6.961731316136334e-05
2018-09-21 07:00:00,4.943707321808793e-05
2018-09-21 08:00:00,0.00011133099753240838
2018-09-21 09:00:00,0.0001668749507432147
2018-09-21 10:00:00,0.0001977540330235684
2018-09-21 11:00:00,9.028472865775774e-05
2018-09-21 12:00:00,0.00014468340588333714
2018-09-21 13:00:00,0.00014102068307978566
2018-09-21 14:00:00,0.00016546283964011678
2018-09-21 15:00:00,0.00017834571921494352
2018-09-21 16:00:00,0.0002655649011725201
2018-09-21 17:00:00,0.0002571038174087526
2018-09-21 18:00:00,0.00023218917848300108
2018-09-21 19:00:00,0.00013643412207140496
2018-09-21 20:00:00,0.00017113697726030985
2018-09-21 21:00:00,0.00018913746093930555
2018-09-21 22:00:00,0.00018203797714228795
2018-09-21 23:00:00,0.00013057080976608377
2018-09-22 00:00:00,0.00011844633822867564
2018-09-22 01:00:00,0.00019272749328185938
2018-09-22 02:00:00,0.00011140572349537798
2018-09-22 03:00:00,9.250814207193592e-05
2018-09-22 04:00:00,0.00011391162678775043
2018-09-22 05:00:00,0.00017072772436521453
2018-09-22 06:00:00,0.00012375221914668287
2018-09-22 07:00:00,9.40657322636941e-05
2018-09-22 08:00:00,9.631246429584637e-05
2018-09-22 09:00:00,0.0001757852195106631
2018-09-22 10:00:00,0.00012517112451064516
2018-09-22 11:00:00,7.705284609362429e-05
2018-09-22 12:00:00,0.00011324905575629909
2018-09-22 13:00:00,0.0001065719358910643
2018-09-22 14:00:00,0.00011176307785015473
2018-09-22 15:00:00,6.039070521269047e-05
2018-09-22 16:00:00,9.733695198275271e-05
2018-09-22 17:00:00,8.228797496184053e-05
2018-09-22 18:00:00,5.8133518859646844e-05
2018-09-22 19:00:00,0.00016091096131364246
2018-09-22 20:00:00,6.288719716943042e-05
2018-09-22 21:00:00,8.40041221152372e-05
2018-09-22 22:00:00,8.202289017626555e-05
2018-09-22 23:00:00,4.224392168733744e-05
2018-09-23 00:00:00,3.65981237311744e-05
2018-09-23 01:00:00,6.669000306505667e-05
2018-09-23 02:00:00,4.5677031369374434e-05
2018-09-23 03:00:00,1.877306005294741e-05
2018-09-23 04:00:00,2.8419223189515914e-05
2018-09-23 05:00:00,3.2310695077260364e-05
2018-09-23 06:00:00,3.166300026505005e-05
2018-09-23 07:00:00,3.251423991044545e-05
2018-09-23 08:00:00,1.848706746498476e-05
2018-09-23 09:00:00,3.972413236529094e-05
2018-09-23 10:00:00,0.00010378937101307315
2018-09-23 11:00:00,9.077849593911145e-05
2018-09-23 12:00:00,5.440386887252803e-05
2018-09-23 13:00:00,8.279967488979644e-05
2018-09-23 14:00:00,4.430322951189623e-05
2018-09-23 15:00:00,0.00011078821059365738
2018-09-23 16:00:00,0.00011425828980055512
2018-09-23 17:00:00,8.256142024831091e-05
2018-09-23 18:00:00,6.021868786250738e-05
2018-09-23 19:00:00,5.2962552920128884e-05
2018-09-23 20:00:00,6.518908434443671e-05
2018-09-23 21:00:00,5.9081941226746525e-05
2018-09-23 22:00:00,7.253407602224638e-05
2018-09-23 23:00:00,9.089890341143765e-05
2018-09-24 00:00:00,5.174098452947393e-05
2018-09-24 01:00:00,5.145635132140411e-05
2018-09-24 02:00:00,4.661852802922316e-05
2018-09-24 03:00:00,3.2104037720127284e-05
2018-09-24 04:00:00,3.196108946653943e-05
2018-09-24 05:00:00,5.160784920281328e-05
2018-09-24 06:00:00,3.732419205298422e-05
2018-09-24 07:00:00,7.887747287825649e-05
2018-09-24 08:00:00,5.4356081379717126e-05
2018-09-24 09:00:00,6.788506141222916e-05
2018-09-24 10:00:00,0.00015233756558197473
2018-09-24 11:00:00,6.346412112016356e-05
2018-09-24 12:00:00,7.213430905603814e-05
2018-09-24 13:00:00,8.84185170713427e-05
2018-09-24 14:00:00,5.64982514166468e-05
2018-09-24 15:00:00,4.8391136822806284e-05
2018-09-24 16:00:00,3.9446937848295885e-05
2018-09-24 17:00:00,4.4531435317526984e-05
2018-09-24 18:00:00,6.12012316944925e-05
2018-09-24 19:00:00,4.933608427322904e-05
2018-09-24 20:00:00,3.74388858432566e-05
2018-09-24 21:00:00,6.421686201416758e-05
2018-09-24 22:00:00,6.475178231318452e-05
2018-09-24 23:00:00,9.282939412528734e-05
2018-09-25 00:00:00,0.00011248308997596132
2018-09-25 01:00:00,0.0001412949443567427
2018-09-25 02:00:00,0.00015663655710597605
2018-09-25 03:00:00,0.00010418277954820553
2018-09-25 04:00:00,0.00011733745544363524
2018-09-25 05:00:00,8.477595685869268e-05
2018-09-25 06:00:00,4.791796359964084e-05
2018-09-25 07:00:00,7.552024694724752e-05
2018-09-25 08:00:00,0.0001086491080172874
2018-09-25 09:00:00,8.666762691670459e-05
2018-09-25 10:00:00,6.434226966403489e-05
2018-09-25 11:00:00,5.7497396824781316e-05
2018-09-25 12:00:00,7.221391999109706e-05
2018-09-25 13:00:00,8.795002309577124e-05
2018-09-25 14:00:00,8.977378022324518e-05
2018-09-25 15:00:00,7.929048367195586e-05
2018-09-25 16:00:00,0.00011216488345159696
2018-09-25 17:00:00,7.470771582134008e-05
2018-09-25 18:00:00,8.759710745798504e-05
2018-09-25 19:00:00,0.00015233690770824216
2018-09-25 20:00:00,9.065391626502506e-05
2018-09-25 21:00:00,0.0002110117054933282
2018-09-25 22:00:00,0.00019012277244324715
2018-09-25 23:00:00,9.818914616195312e-05
2018-09-26 00:00:00,0.0001421436260661154
2018-09-26 01:00:00,7.020581670158843e-05
2018-09-26 02:00:00,6.349514110018223e-05
2018-09-26 03:00:00,4.578473842622643e-05
2018-09-26 04:00:00,5.317935423890108e-05
2018-09-26 05:00:00,2.7919550071598315e-05
2018-09-26 06:00:00,7.35485751274409e-05
2018-09-26 07:00:00,3.953553823571286e-05
2018-09-26 08:00:00,5.6409210866150646e-05
2018-09-26 09:00:00,5.292467641291316e-05
2018-09-26 10:00:00,6.236821883827646e-05
2018-09-26 11:00:00,5.6229494566926515e-05
2018-09-26 12:00:00,0.00010428513702187049
2018-09-26 13:00:00,7.731468077270333e-05
2018-09-26 14:00:00,5.567718867668392e-05
2018-09-26 15:00:00,5.6431433652718493e-05
2018-09-26 16:00:00,9.621810918449435e-05
2018-09-26 17:00:00,7.996840772954505e-05
2018-09-26 18:00:00,5.421741503963716e-05
2018-09-26 19:00:00,4.010989657800732e-05
2018-09-26 20:00:00,4.6781189403204815e-05
2018-09-26 21:00:00,2.75348238239536e-05
2018-09-26 22:00:00,6.978605602437447e-05
2018-09-26 23:00:00,7.283388490348512e-05
2018-09-27 00:00:00,6.876425756777223e-05
2018-09-27 01:00:00,7.999345505632485e-05
2018-09-27 02:00:00,4.723874416114295e-05
2018-09-27 03:00:00,3.684109482095216e-05
2018-09-27 04:00:00,2.9463435937788444e-05
2018-09-27 05:00:00,2.8766966622179013e-05
2018-09-27 06:00:00,2.672131917379014e-05
2018-09-27 07:00:00,4.052829333664001e-05
2018-09-27 08:00:00,4.369809237423746e-05
2018-09-27 09:00:00,4.909936493303916e-05
2018-09-27 10:00:00,5.0070660999148544e-05
2018-09-27 11:00:00,5.0158122864959326e-05
2018-09-27 12:00:00,5.232167554044756e-05
2018-09-27 13:00:00,5.500373533907819e-05
2018-09-27 14:00:00,7.219987713568001e-05
2018-09-27 15:00:00,4.716092483872468e-05
2018-09-27 16:00:00,4.648350183467794e-05
2018-09-27 17:00:00,3.588956103615145e-05
2018-09-27 18:00:00,3.432558270930251e-05
2018-09-27 19:00:00,3.792045677726403e-05
2018-09-27 20:00:00,0.00012245257220892217
2018-09-27 21:00:00,0.00014096177753770804
2018-09-27 22:00:00,7.397261217424325e-05
2018-09-27 23:00:00,9.18375018668499e-05
2018-09-28 00:00:00,8.568509447115436e-05
2018-09-28 01:00:00,6.280897461774691e-05
2018-09-28 02:00:00,4.2049051965708046e-05
2018-09-28 03:00:00,6.527694033577384e-05
2018-09-28 04:00:00,3.60544925174796e-05
2018-09-28 05:00:00,2.6425229280673513e-05
2018-09-28 06:00:00,2.3638605734542294e-05
2018-09-28 07:00:00,6.180672462708171e-05
2018-09-28 08:00:00,8.443202646874327e-05
2018-09-28 09:00:00,5.455005758252067e-05
2018-09-28 10:00:00,0.00013816191832532955
2018-09-28 11:00:00,6.756027046254725e-05
2018-09-28 12:00:00,8.350479824151247e-05
2018-09-28 13:00:00,0.00010153446280708185
2018-09-28 14:00:00,9.342979638389442e-05
2018-09-28 15:00:00,9.374397208726053e-05
2018-09-28 16:00:00,8.132695822175682e-05
2018-09-28 17:00:00,5.766958101103141e-05
2018-09-28 18:00:00,6.640105447175647e-05
2018-09-28 19:00:00,4.5843092768661827e-05
2018-09-28 20:00:00,0.00018607603302365653
2018-09-28 21:00:00,7.399293785486265e-05
2018-09-28 22:00:00,5.846110431972635e-05
2018-09-28 23:00:00,5.923506088924248e-05
2018-09-29 00:00:00,4.8497382934385644e-05
2018-09-29 01:00:00,5.23547466400493e-05
2018-09-29 02:00:00,9.854131591237371e-05
2018-09-29 03:00:00,7.270375762332952e-05
2018-09-29 04:00:00,6.018227698388603e-05
2018-09-29 05:00:00,7.762605273792199e-05
2018-09-29 06:00:00,4.953565274195039e-05
2018-09-29 07:00:00,7.572559950263885e-05
2018-09-29 09:00:00,8.480405827916224e-05
2018-09-29 10:00:00,7.616556418679021e-05
2018-09-29 11:00:00,9.488664029166124e-05
2018-09-29 12:00:00,9.819914852150781e-05
2018-09-29 13:00:00,9.770856516947373e-05
2018-09-29 14:00:00,0.0001117154026087862
2018-09-29 15:00:00,9.824041112740948e-05
2018-09-29 16:00:00,0.00012325328963353103
2018-09-29 17:00:00,8.448799240254535e-05
2018-09-29 18:00:00,8.518369839612368e-05
2018-09-29 19:00:00,6.83585704492481e-05
2018-09-29 20:00:00,7.018769658952923e-05
2018-09-29 21:00:00,0.0001340163918563746
2018-09-29 22:00:00,0.00011557202961761561
2018-09-29 23:00:00,8.157276235174861e-05
2018-09-30 00:00:00,0.00013784241964647558
2018-09-30 01:00:00,0.00014008751513850922
2018-09-30 02:00:00,0.00012767228916870483
2018-09-30 03:00:00,6.101648469766252e-05
2018-09-30 04:00:00,5.047342785012018e-05
2018-09-30 05:00:00,3.4453228764057546e-05
2018-09-30 06:00:00,3.2162953712233686e-05
2018-09-30 07:00:00,2.3939843611475943e-05
2018-09-30 08:00:00,3.3834894101974704e-05
2018-09-30 09:00:00,3.465690656858338e-05
2018-09-30 10:00:00,3.892592154965745e-05
2018-09-30 11:00:00,7.248948774718642e-05
2018-09-30 12:00:00,4.555659015536521e-05
2018-09-30 13:00:00,5.625479280142892e-05
2018-09-30 14:00:00,3.268601666550693e-05
2018-09-30 15:00:00,4.058059301185997e-05
2018-09-30 16:00:00,5.4037073658478796e-05
2018-09-30 17:00:00,4.725942271864344e-05
2018-09-30 18:00:00,4.719349500918595e-05
2018-09-30 19:00:00,3.502152724091099e-05
2018-09-30 20:00:00,4.5392526243621205e-05
2018-09-30 21:00:00,8.158782530535938e-05
