datetime,HARX
2018-07-03 23:00:00,0.00017333337920928335
2018-07-04 00:00:00,0.00023902061218037746
2018-07-04 01:00:00,0.000223742248016519
2018-07-04 02:00:00,0.00023746305661301534
2018-07-04 03:00:00,0.0001911578899001666
2018-07-04 04:00:00,0.00019323500842485583
2018-07-04 05:00:00,0.00019887181447583618
2018-07-04 06:00:00,0.00016153467056457537
2018-07-04 07:00:00,0.00015555797404703686
2018-07-04 08:00:00,0.00015868556448070555
2018-07-04 09:00:00,0.00019827163233905753
2018-07-04 10:00:00,0.00017154483674438925
2018-07-04 11:00:00,0.00023477619472191393
2018-07-04 12:00:00,0.00019156205606874426
2018-07-04 13:00:00,0.00021904943006235112
2018-07-04 14:00:00,0.00037396639448110034
2018-07-04 15:00:00,0.00025360548121584404
2018-07-04 16:00:00,0.00018430065264062251
2018-07-04 17:00:00,0.0001757197321622927
2018-07-04 18:00:00,0.0001669288795237778
2018-07-04 19:00:00,0.00019104527712581815
2018-07-04 20:00:00,0.00018092676250864402
2018-07-04 21:00:00,0.00012935912384422552
2018-07-04 22:00:00,0.00018571952578864322
2018-07-04 23:00:00,0.00023466325487051393
2018-07-05 00:00:00,0.0002172533790998725
2018-07-05 01:00:00,0.00026196327637840187
2018-07-05 02:00:00,0.00024920572669158013
2018-07-05 03:00:00,0.0002183080188650171
2018-07-05 04:00:00,0.00018302348569411553
2018-07-05 06:00:00,0.00016091502326095344
2018-07-05 07:00:00,0.00015535266646538447
2018-07-05 08:00:00,0.00016993804290960847
2018-07-05 09:00:00,0.0001276379257228767
2018-07-05 10:00:00,0.00019270046487165448
2018-07-05 11:00:00,0.0001583084481037221
2018-07-05 12:00:00,0.0001556253223377502
2018-07-05 13:00:00,0.00016764039739400717
2018-07-05 14:00:00,0.00017784883113392526
2018-07-05 15:00:00,0.0001848906772264203
2018-07-05 16:00:00,0.00016636441708276132
2018-07-05 17:00:00,0.00012079171394332199
2018-07-05 18:00:00,0.00013875181609231712
2018-07-05 19:00:00,0.00020085903829104946
2018-07-05 20:00:00,0.0001430451287635607
2018-07-05 21:00:00,0.00013943833557480755
2018-07-05 22:00:00,0.00018281557059861324
2018-07-05 23:00:00,0.0001670219037510878
2018-07-06 00:00:00,0.00014814599848400324
2018-07-06 01:00:00,0.0001364703779426228
2018-07-06 02:00:00,0.00010108085643326228
2018-07-06 03:00:00,0.00010475588133015464
2018-07-06 04:00:00,9.370430461530788e-05
2018-07-06 05:00:00,0.0001511585904153179
2018-07-06 06:00:00,0.00010233983891558534
2018-07-06 07:00:00,0.00015790152211427337
2018-07-06 08:00:00,0.0001970615853270644
2018-07-06 09:00:00,0.00016907937893338026
2018-07-06 10:00:00,0.00013098118537405642
2018-07-06 11:00:00,0.00013834996713422382
2018-07-06 12:00:00,0.000177890515406714
2018-07-06 13:00:00,0.0002478560872622779
2018-07-06 14:00:00,0.00018985754507757073
2018-07-06 15:00:00,0.00013155835075708168
2018-07-06 16:00:00,0.0001251788013291465
2018-07-06 17:00:00,0.00010955650016989763
2018-07-06 18:00:00,0.0001696802927753902
2018-07-06 19:00:00,0.0001603523478645264
2018-07-06 20:00:00,7.61660677136916e-05
2018-07-06 21:00:00,0.00014164881018799528
2018-07-06 22:00:00,0.00014945644334952011
2018-07-06 23:00:00,0.00016808737861235838
2018-07-07 00:00:00,0.0001255503827181356
2018-07-07 01:00:00,0.00010442740927025859
2018-07-07 02:00:00,0.00010478565114264772
2018-07-07 03:00:00,0.00011809643036946484
2018-07-07 04:00:00,9.430564617074716e-05
2018-07-07 05:00:00,9.33994418152003e-05
2018-07-07 06:00:00,7.369173546777823e-05
2018-07-07 07:00:00,5.664844155369048e-05
2018-07-07 08:00:00,7.42737784510114e-05
2018-07-07 09:00:00,7.106032739329307e-05
2018-07-07 10:00:00,6.42886712347893e-05
2018-07-07 11:00:00,7.947192334992577e-05
2018-07-07 12:00:00,7.372395183386059e-05
2018-07-07 13:00:00,0.00013694174017145328
2018-07-07 14:00:00,0.0001643674844797775
2018-07-07 15:00:00,0.0001285471349084866
2018-07-07 16:00:00,0.00012300217046847878
2018-07-07 17:00:00,9.25535586900924e-05
2018-07-07 18:00:00,0.00011183051171932049
2018-07-07 19:00:00,9.389803699713486e-05
2018-07-07 20:00:00,0.00010664304424338683
2018-07-07 21:00:00,0.00010898092465486903
2018-07-07 22:00:00,8.688242672854227e-05
2018-07-07 23:00:00,0.00014553842957473002
2018-07-08 00:00:00,0.00033748196998288366
2018-07-08 01:00:00,0.0002516463610992405
2018-07-08 02:00:00,0.00020244858615749384
2018-07-08 03:00:00,0.00021024653223988192
2018-07-08 04:00:00,0.00016366481568064594
2018-07-08 05:00:00,9.941675230866157e-05
2018-07-08 06:00:00,0.00013501484546816253
2018-07-08 07:00:00,0.00012013496776569199
2018-07-08 08:00:00,0.00010178040787504632
2018-07-08 09:00:00,0.0001165102574989785
2018-07-08 10:00:00,0.0001245549157291807
2018-07-08 11:00:00,0.00013108920883340335
2018-07-08 12:00:00,7.562265662484745e-05
2018-07-08 13:00:00,0.0001300625910600223
2018-07-08 14:00:00,0.0001264341459219908
2018-07-08 15:00:00,0.00020085644305352723
2018-07-08 16:00:00,0.00011621887189783445
2018-07-08 17:00:00,9.560299926499388e-05
2018-07-08 18:00:00,5.017133606541976e-05
2018-07-08 19:00:00,5.479978836168162e-05
2018-07-08 20:00:00,5.551072679251782e-05
2018-07-08 21:00:00,5.366810811437281e-05
2018-07-08 22:00:00,4.742874783923724e-05
2018-07-08 23:00:00,6.902105389927552e-05
2018-07-09 00:00:00,0.00014545069886300022
2018-07-09 01:00:00,0.00010801870487994826
2018-07-09 02:00:00,9.890499855639884e-05
2018-07-09 03:00:00,7.522088389634074e-05
2018-07-09 04:00:00,6.449969409251876e-05
2018-07-09 05:00:00,0.00011468860702811573
2018-07-09 06:00:00,4.569121692091959e-05
2018-07-09 07:00:00,0.00010174278465596184
2018-07-09 08:00:00,9.472888352184263e-05
2018-07-09 09:00:00,0.00010066114615724077
2018-07-09 10:00:00,0.00011558354078860951
2018-07-09 11:00:00,6.622708854979914e-05
2018-07-09 12:00:00,0.00010676373877702473
2018-07-09 13:00:00,0.00011552853830192906
2018-07-09 15:00:00,9.689197356570313e-05
2018-07-09 16:00:00,8.603935624577404e-05
2018-07-09 17:00:00,0.00015408390610229008
2018-07-09 18:00:00,0.0001407333595871856
2018-07-09 19:00:00,8.967223563477415e-05
2018-07-09 20:00:00,7.430122767811953e-05
2018-07-09 21:00:00,8.80975406415787e-05
2018-07-09 22:00:00,9.033707863768345e-05
2018-07-09 23:00:00,0.00020231303253145992
2018-07-10 00:00:00,0.0002755923958054358
2018-07-10 01:00:00,0.00015914927408477382
2018-07-10 02:00:00,0.00011915325779400506
2018-07-10 03:00:00,0.00016129000769998518
2018-07-10 04:00:00,0.00014887252617249886
2018-07-10 05:00:00,0.00011886584797474414
2018-07-10 06:00:00,0.0001060157168155338
2018-07-10 07:00:00,0.0002730009852225525
2018-07-10 08:00:00,0.0001517543565651352
2018-07-10 09:00:00,0.00017689195689604505
2018-07-10 10:00:00,0.0003207568743998405
2018-07-10 11:00:00,0.00023321123890820804
2018-07-10 12:00:00,0.0003505120457489774
2018-07-10 13:00:00,0.0002601740794748924
2018-07-10 14:00:00,0.00019516674065761774
2018-07-10 15:00:00,0.00015429840858063043
2018-07-10 16:00:00,0.00010091711921542266
2018-07-10 17:00:00,0.00015864756447915023
2018-07-10 18:00:00,0.00013435673437606517
2018-07-10 19:00:00,8.00655869611991e-05
2018-07-10 20:00:00,7.59744859888332e-05
2018-07-10 21:00:00,0.00010160088934346059
2018-07-10 22:00:00,0.00015841746976098976
2018-07-11 00:00:00,0.0001802751648406551
2018-07-11 01:00:00,0.00025988814282794126
2018-07-11 02:00:00,0.0001303880319350338
2018-07-11 03:00:00,0.00015323622434535103
2018-07-11 04:00:00,0.00012249656841830262
2018-07-11 05:00:00,0.00014474616401827616
2018-07-11 06:00:00,0.00016057182024384472
2018-07-11 07:00:00,0.0001780430646867983
2018-07-11 08:00:00,0.00015017415385813466
2018-07-11 09:00:00,0.00013112465932861665
2018-07-11 10:00:00,0.00016585187731655353
2018-07-11 12:00:00,0.0001396317904223762
2018-07-11 13:00:00,0.00014730615976033806
2018-07-11 14:00:00,0.00013710410218792363
2018-07-11 15:00:00,0.00011722569791686782
2018-07-11 16:00:00,8.645818516560983e-05
2018-07-11 17:00:00,0.00012597287503985556
2018-07-11 18:00:00,0.00011813866077414139
2018-07-11 19:00:00,0.00011822251993690151
2018-07-11 20:00:00,0.00014055983941759618
2018-07-11 21:00:00,0.00011655211199313274
2018-07-11 22:00:00,0.00015595804777391288
2018-07-11 23:00:00,0.00015922339992886604
2018-07-12 00:00:00,0.00010750679075821525
2018-07-12 01:00:00,0.00011145864143558824
2018-07-12 02:00:00,0.00011304371415970314
2018-07-12 03:00:00,0.00014704182791155172
2018-07-12 04:00:00,8.078099953128285e-05
2018-07-12 05:00:00,6.359091610920226e-05
2018-07-12 06:00:00,9.812725669865855e-05
2018-07-12 07:00:00,0.00026304327510718776
2018-07-12 08:00:00,0.00024398358483384257
2018-07-12 09:00:00,0.0003566207595231436
2018-07-12 10:00:00,0.00018274082896025342
2018-07-12 11:00:00,0.0001487342548519325
2018-07-12 12:00:00,0.0001678795076602776
2018-07-12 13:00:00,0.0001356818798286818
2018-07-12 14:00:00,8.898064453007833e-05
2018-07-12 15:00:00,9.898304037199572e-05
2018-07-12 16:00:00,0.00012374304684136303
2018-07-12 17:00:00,0.00011452884289571907
2018-07-12 18:00:00,0.00010460692605713224
2018-07-12 19:00:00,6.864742763575796e-05
2018-07-12 20:00:00,9.535475425673661e-05
2018-07-12 21:00:00,9.89535093317413e-05
2018-07-12 22:00:00,0.00013052937334791375
2018-07-12 23:00:00,0.00018630734060614624
2018-07-13 00:00:00,0.00029169634114132204
2018-07-13 01:00:00,0.00023101188407531373
2018-07-13 02:00:00,9.577655875637194e-05
2018-07-13 03:00:00,0.00014508979076758912
2018-07-13 04:00:00,0.00014717743398872724
2018-07-13 05:00:00,0.0001414246955834382
2018-07-13 06:00:00,0.00012180863843031465
2018-07-13 07:00:00,0.00010516842599806219
2018-07-13 08:00:00,0.00010328029285850944
2018-07-13 09:00:00,0.00014476570951041308
2018-07-13 10:00:00,9.634499819352096e-05
2018-07-13 11:00:00,7.812301103977516e-05
2018-07-13 12:00:00,8.140081760839601e-05
2018-07-13 13:00:00,0.00014386033118761956
2018-07-13 14:00:00,0.0001261831470315309
2018-07-13 15:00:00,0.00011419188168955526
2018-07-13 16:00:00,0.00010106417714950984
2018-07-13 17:00:00,8.520146308041744e-05
2018-07-13 18:00:00,8.506309758823016e-05
2018-07-13 19:00:00,0.00017796445546785207
2018-07-13 20:00:00,0.0002154059734161695
2018-07-13 21:00:00,0.0002349559343971903
2018-07-13 22:00:00,0.00020719238739162125
2018-07-13 23:00:00,0.00012290627019941757
2018-07-14 00:00:00,0.00014108859359779173
2018-07-14 01:00:00,0.00015753472995170113
2018-07-14 02:00:00,0.00013217348149379725
2018-07-14 03:00:00,8.443446850042117e-05
2018-07-14 04:00:00,0.00010679646435583496
2018-07-14 05:00:00,8.331777908580539e-05
2018-07-14 06:00:00,9.067867156781322e-05
2018-07-14 07:00:00,8.099274911673272e-05
2018-07-14 08:00:00,7.76001415190713e-05
2018-07-14 09:00:00,5.4725489569242746e-05
2018-07-14 10:00:00,0.00010391677678519931
2018-07-14 11:00:00,0.00011992736532905111
2018-07-14 12:00:00,0.00010473288689103933
2018-07-14 13:00:00,9.653628892266575e-05
2018-07-14 14:00:00,6.748714635071865e-05
2018-07-14 15:00:00,7.158413227245712e-05
2018-07-14 16:00:00,7.686455677708805e-05
2018-07-14 17:00:00,9.245141806039037e-05
2018-07-14 18:00:00,6.399445898386396e-05
2018-07-14 19:00:00,8.586622740822178e-05
2018-07-14 20:00:00,0.00010548724838776507
2018-07-14 21:00:00,0.00011738083320666967
2018-07-14 22:00:00,0.00012879788165500732
2018-07-14 23:00:00,9.097051000007565e-05
2018-07-15 00:00:00,7.204026302658171e-05
2018-07-15 01:00:00,9.096575950034184e-05
2018-07-15 02:00:00,9.533333397934142e-05
2018-07-15 03:00:00,8.722501038602649e-05
2018-07-15 04:00:00,7.914936267766847e-05
2018-07-15 05:00:00,0.00010593501727064965
2018-07-15 06:00:00,7.925939787096482e-05
2018-07-15 07:00:00,0.00010962641056177888
2018-07-15 08:00:00,8.597133416086725e-05
2018-07-15 09:00:00,0.00019479310879268148
2018-07-15 10:00:00,0.00010730880752906798
2018-07-15 11:00:00,0.00015864748390062583
2018-07-15 12:00:00,0.00011782967174543586
2018-07-15 13:00:00,9.700514897457988e-05
2018-07-15 14:00:00,8.882588022037218e-05
2018-07-15 15:00:00,9.27601756062327e-05
2018-07-16 08:00:00,8.223295086597792e-05
2018-07-16 09:00:00,0.00012160017597363942
2018-07-16 10:00:00,0.0003276888971070095
2018-07-16 11:00:00,0.00019139828284218805
2018-07-16 12:00:00,0.0002953936998925201
2018-07-16 13:00:00,0.0001900125473415111
2018-07-16 14:00:00,0.00016082761911648727
2018-07-16 15:00:00,0.00018604336898645982
2018-07-16 16:00:00,0.00018067643631563225
2018-07-16 17:00:00,0.0001453704669992875
2018-07-16 18:00:00,0.0002616237892817595
2018-07-16 19:00:00,0.0001594822137977284
2018-07-16 20:00:00,0.00011841666090678378
2018-07-16 21:00:00,0.0001203557302750368
2018-07-16 22:00:00,0.00013339332207364002
2018-07-16 23:00:00,0.0001686686349672291
2018-07-17 00:00:00,0.0002497530309338304
2018-07-17 01:00:00,0.00016721369926794573
2018-07-17 02:00:00,0.00013820350483370893
2018-07-17 03:00:00,0.00011762134797261435
2018-07-17 04:00:00,0.00012109464498836619
2018-07-17 05:00:00,0.0001362270691270329
2018-07-17 06:00:00,0.00015854880509798093
2018-07-17 07:00:00,0.00014473760654256558
2018-07-17 08:00:00,9.824023009838462e-05
2018-07-17 09:00:00,0.0001292039944771999
2018-07-17 10:00:00,0.0001240082635056496
2018-07-17 11:00:00,7.631229334194336e-05
2018-07-17 12:00:00,0.00010629033481790035
2018-07-17 13:00:00,0.00012912910432640753
2018-07-17 14:00:00,0.00010418144328944939
2018-07-17 15:00:00,0.00015728869199569518
2018-07-17 16:00:00,0.00016106329829988536
2018-07-17 17:00:00,0.00013329139425393384
2018-07-17 18:00:00,0.0009625791178396967
2018-07-17 19:00:00,0.000664566149814966
2018-07-17 21:00:00,0.00020649774837055147
2018-07-17 22:00:00,0.00030823715615225844
2018-07-17 23:00:00,0.00030747100224387286
2018-07-18 00:00:00,0.00020021601778247444
2018-07-18 01:00:00,0.00014848225022491101
2018-07-18 02:00:00,0.00011884049943648354
2018-07-18 03:00:00,0.0002412072651388807
2018-07-18 04:00:00,0.00039981957371479013
2018-07-18 05:00:00,0.00018177726352146175
2018-07-18 06:00:00,0.0001680742667285704
2018-07-18 07:00:00,0.00017503711612929765
2018-07-18 08:00:00,0.0002458377217884372
2018-07-18 09:00:00,0.000324311866367775
2018-07-18 10:00:00,0.00016845640358064762
2018-07-18 11:00:00,0.00020151838286081516
2018-07-18 12:00:00,0.00018379996748777705
2018-07-18 13:00:00,0.00017574076169108978
2018-07-18 14:00:00,0.0001874326468245876
2018-07-18 15:00:00,0.0002513978190714751
2018-07-18 16:00:00,0.00018702281853967963
2018-07-18 17:00:00,0.00011726169139133539
2018-07-18 18:00:00,0.00022358383047673945
2018-07-18 19:00:00,0.0003911476087352692
2018-07-18 20:00:00,0.00023491754690103554
2018-07-18 21:00:00,0.00042793705600673476
2018-07-18 22:00:00,0.0003708784402719747
2018-07-18 23:00:00,0.00047059327956270767
2018-07-19 00:00:00,0.0002814870898432015
2018-07-19 01:00:00,0.0002728916337418238
2018-07-19 02:00:00,0.00022691778958088473
2018-07-19 03:00:00,0.00021217631092569406
2018-07-19 04:00:00,0.0001359945224632321
2018-07-19 05:00:00,0.00015075442572905323
2018-07-19 06:00:00,0.00012952053159051588
2018-07-19 07:00:00,0.00013498317178408303
2018-07-19 08:00:00,0.00017061267194620286
2018-07-19 09:00:00,0.00015598937358115214
2018-07-19 10:00:00,0.00023471272996533727
2018-07-19 11:00:00,0.00017652004686950483
2018-07-19 12:00:00,0.0002397492756660741
2018-07-19 13:00:00,0.00018496068076344824
2018-07-19 14:00:00,0.0002478996023373485
2018-07-19 15:00:00,0.00020036787294953884
2018-07-19 16:00:00,0.0002377989330992117
2018-07-19 17:00:00,0.00021701683982632702
2018-07-19 18:00:00,0.00018145660295872698
2018-07-19 19:00:00,0.00013109707060196885
2018-07-19 20:00:00,0.00016047386856447399
2018-07-19 21:00:00,0.00022001873410771512
2018-07-19 22:00:00,0.00020150022288590883
2018-07-19 23:00:00,0.00033327025278918643
2018-07-20 00:00:00,0.00017214873722415141
2018-07-20 02:00:00,0.00019684127403124323
2018-07-20 03:00:00,0.00010665909640563456
2018-07-20 04:00:00,0.00010139778048466728
2018-07-20 05:00:00,9.4304130414721e-05
2018-07-20 06:00:00,0.00012055785323196768
2018-07-20 07:00:00,0.0002285106799082011
2018-07-20 08:00:00,0.0001685936208778586
2018-07-20 09:00:00,0.00016958337676760022
2018-07-20 10:00:00,0.00012065028462596374
2018-07-20 11:00:00,9.860087410385735e-05
2018-07-20 12:00:00,0.00013833641111614186
2018-07-20 13:00:00,0.0001306010985905394
2018-07-20 14:00:00,0.00011145127164394296
2018-07-20 15:00:00,0.00011056348186911468
2018-07-20 16:00:00,0.00012505577289306034
2018-07-20 17:00:00,0.00038770231140907124
2018-07-20 18:00:00,0.0003557353613817967
2018-07-20 19:00:00,0.0001965031531189016
2018-07-20 20:00:00,0.00016972524983586978
2018-07-20 21:00:00,0.0001599844647130567
2018-07-20 22:00:00,0.00019210365976182905
2018-07-20 23:00:00,0.0002585731819476246
2018-07-21 00:00:00,0.0001901007580467543
2018-07-21 01:00:00,0.00030238561931976795
2018-07-21 02:00:00,0.0001917415467925404
2018-07-21 03:00:00,0.00019042611335936491
2018-07-21 04:00:00,0.00014689305680175822
2018-07-21 05:00:00,0.00013598787119866
2018-07-21 06:00:00,0.0001578806548178644
2018-07-21 07:00:00,0.0001663733791334458
2018-07-21 08:00:00,0.00015289138227159973
2018-07-21 09:00:00,0.00013808693248066204
2018-07-21 10:00:00,0.00013404098031004414
2018-07-21 11:00:00,0.00020943227564669718
2018-07-21 12:00:00,0.0001543316966375118
2018-07-21 13:00:00,0.00012174941775559812
2018-07-21 14:00:00,0.00012583784054424684
2018-07-21 15:00:00,9.480431160946896e-05
2018-07-21 16:00:00,0.00017440696361805817
2018-07-21 17:00:00,0.00014715524787285364
2018-07-21 18:00:00,0.00014437658290014716
2018-07-21 19:00:00,0.00011722971678739307
2018-07-21 20:00:00,0.00013372073099251913
2018-07-21 21:00:00,0.00011344174221639677
2018-07-21 22:00:00,0.00011857837742523014
2018-07-21 23:00:00,0.00011626828382920846
2018-07-22 00:00:00,0.00011170951350086108
2018-07-22 01:00:00,0.00017768301841425714
2018-07-22 02:00:00,0.00012750457109429253
2018-07-22 03:00:00,0.00015118180148587193
2018-07-22 04:00:00,0.0001560622934538733
2018-07-22 05:00:00,0.0001651016134292158
2018-07-22 06:00:00,0.0001401855520688352
2018-07-22 07:00:00,0.000199406228776289
2018-07-22 08:00:00,0.00015757640945823247
2018-07-22 09:00:00,0.0001848885850562129
2018-07-22 10:00:00,0.00014276835992854057
2018-07-22 11:00:00,0.00016210983694690638
2018-07-22 12:00:00,0.00014986637743824154
2018-07-22 13:00:00,0.00014924439348678258
2018-07-22 14:00:00,0.00014823851548641652
2018-07-22 15:00:00,0.00021000712449353165
2018-07-22 16:00:00,0.0002563560578754797
2018-07-22 17:00:00,0.00018051299300941612
2018-07-22 18:00:00,0.0001335976793135887
2018-07-22 19:00:00,8.937407855846438e-05
2018-07-22 20:00:00,9.30239300770261e-05
2018-07-22 21:00:00,0.00010207600988071028
2018-07-22 22:00:00,0.0004290213514151514
2018-07-22 23:00:00,0.00020395087502446494
2018-07-23 00:00:00,0.00010732447169149812
2018-07-23 01:00:00,0.00019032419915019163
2018-07-23 02:00:00,0.00013697421241438994
2018-07-23 03:00:00,0.00040335507815395265
2018-07-23 04:00:00,0.00011416258639771798
2018-07-23 05:00:00,0.00017605474780724246
2018-07-23 06:00:00,0.000128389057471717
2018-07-23 07:00:00,0.00014674974307669965
2018-07-23 08:00:00,0.0003040112736210745
2018-07-23 09:00:00,0.00014235232829754976
2018-07-23 10:00:00,0.00011331644507251552
2018-07-23 11:00:00,0.00010558942431578812
2018-07-23 12:00:00,0.00011888816422751611
2018-07-23 13:00:00,0.0001070771858103634
2018-07-23 14:00:00,0.00011637143948668518
2018-07-23 15:00:00,0.00011380405874988432
2018-07-23 16:00:00,0.00014662708379025843
2018-07-23 17:00:00,0.00018186194511179095
2018-07-23 18:00:00,0.00017340798932534042
2018-07-23 19:00:00,0.00039479049683935536
2018-07-23 20:00:00,0.00021995628208905168
2018-07-23 21:00:00,0.0001817395271050061
2018-07-23 22:00:00,0.00025320224638889464
2018-07-23 23:00:00,0.00016503919901593374
2018-07-24 00:00:00,0.00019336845866404416
2018-07-24 01:00:00,0.00013973123028296805
2018-07-24 02:00:00,0.00010492865765397137
2018-07-24 03:00:00,0.00010123199914241398
2018-07-24 04:00:00,0.0001175428659966864
2018-07-24 05:00:00,0.00026170465733876233
2018-07-24 06:00:00,0.0002959857544433358
2018-07-24 07:00:00,0.0001302985430363283
2018-07-24 08:00:00,0.00012876377745460994
2018-07-24 09:00:00,0.00012203000897860159
2018-07-24 10:00:00,0.00010448758004823283
2018-07-24 11:00:00,0.00023669994755410058
2018-07-24 12:00:00,0.0002442356907846092
2018-07-24 13:00:00,0.0003108631305731456
2018-07-24 14:00:00,0.0002060972066937031
2018-07-24 15:00:00,0.0002016180421231065
2018-07-24 16:00:00,0.00016867227968315711
2018-07-24 17:00:00,9.731197336578392e-05
2018-07-24 18:00:00,0.0001947425789930852
2018-07-24 19:00:00,0.00013461194285485016
2018-07-24 20:00:00,0.00016238359288196834
2018-07-24 21:00:00,0.00016415958519565036
2018-07-24 22:00:00,0.00025527202232241336
2018-07-25 00:00:00,0.00020353063479987575
2018-07-25 01:00:00,0.0002091160165304783
2018-07-25 02:00:00,0.00011706722438317213
2018-07-25 03:00:00,0.00020971344331028355
2018-07-25 04:00:00,0.00017070213881657963
2018-07-25 05:00:00,0.00014158282709612422
2018-07-25 06:00:00,0.0001596302986120561
2018-07-25 07:00:00,0.00020243740931720472
2018-07-25 08:00:00,0.00014964712580010266
2018-07-25 09:00:00,0.0001994456017586364
2018-07-25 10:00:00,0.00016705969379953342
2018-07-25 11:00:00,0.00019191973979974157
2018-07-25 12:00:00,0.00015901825743295158
2018-07-25 13:00:00,0.00013308847662793112
2018-07-25 14:00:00,0.00014666733998981233
2018-07-25 15:00:00,9.047027202212315e-05
2018-07-25 16:00:00,0.000262909733323356
2018-07-25 17:00:00,0.00012690796045234284
2018-07-25 18:00:00,9.228869543592863e-05
2018-07-25 19:00:00,9.119591644523392e-05
2018-07-25 20:00:00,0.00011098951036957214
2018-07-25 21:00:00,0.0001278554683100753
2018-07-25 22:00:00,0.00021031869811911986
2018-07-25 23:00:00,0.00017158132844357575
2018-07-26 00:00:00,0.0002316249067781301
2018-07-26 01:00:00,0.00016421764100532171
2018-07-26 02:00:00,9.577381004628991e-05
2018-07-26 03:00:00,0.00011593982246189511
2018-07-26 04:00:00,9.441100713901902e-05
2018-07-26 05:00:00,7.093805737988221e-05
2018-07-26 06:00:00,6.451536801197363e-05
2018-07-26 07:00:00,0.00010461690082006953
2018-07-26 08:00:00,0.00011109401258264198
2018-07-26 09:00:00,0.00014501730998446174
2018-07-26 10:00:00,6.632197491195206e-05
2018-07-26 11:00:00,0.00010013409788235827
2018-07-26 12:00:00,9.365056256267113e-05
2018-07-26 13:00:00,9.780717265108762e-05
2018-07-26 14:00:00,8.293265918353169e-05
2018-07-26 15:00:00,7.229423754670176e-05
2018-07-26 16:00:00,5.9074261529083767e-05
2018-07-26 17:00:00,6.759210816605702e-05
2018-07-26 18:00:00,6.215583354051782e-05
2018-07-26 19:00:00,4.2055493612113386e-05
2018-07-26 20:00:00,5.858901528287694e-05
2018-07-26 21:00:00,0.00017778703696607882
2018-07-26 22:00:00,0.00037538604777868245
2018-07-26 23:00:00,0.0002052038462537612
2018-07-27 00:00:00,0.00021796209092819955
2018-07-27 01:00:00,0.00010070995565655332
2018-07-27 02:00:00,0.00013419522275725758
2018-07-27 03:00:00,8.214435362516819e-05
2018-07-27 04:00:00,7.525654414346579e-05
2018-07-27 05:00:00,8.705339513180787e-05
2018-07-27 06:00:00,7.406731463576893e-05
2018-07-27 07:00:00,9.632034319036773e-05
2018-07-27 08:00:00,7.504005724737496e-05
2018-07-27 09:00:00,9.824270174601305e-05
2018-07-27 10:00:00,7.322247707043651e-05
2018-07-27 11:00:00,7.529211555077757e-05
2018-07-27 12:00:00,7.037383046303109e-05
2018-07-27 13:00:00,0.00014191745073731613
2018-07-27 14:00:00,0.00011535164386671201
2018-07-27 15:00:00,0.00010210143874816901
2018-07-27 16:00:00,0.00026230202729190296
2018-07-27 17:00:00,0.00015151963209934842
2018-07-27 18:00:00,8.2083042457957e-05
2018-07-27 19:00:00,0.0001238381622162825
2018-07-27 20:00:00,0.0001011627591420292
2018-07-27 21:00:00,7.648095625467527e-05
2018-07-27 22:00:00,0.00010352791737782223
2018-07-27 23:00:00,9.141399427843147e-05
2018-07-28 00:00:00,0.00015219634684831713
2018-07-28 01:00:00,0.00012228923975169328
2018-07-28 02:00:00,9.52688386710576e-05
2018-07-28 03:00:00,7.662524645603145e-05
2018-07-28 04:00:00,6.411698077275586e-05
2018-07-28 05:00:00,8.657586150673549e-05
2018-07-28 06:00:00,7.140134584141179e-05
2018-07-28 07:00:00,5.35530760947783e-05
2018-07-28 08:00:00,7.254024128765836e-05
2018-07-28 09:00:00,7.269641873493423e-05
2018-07-28 10:00:00,8.695595305507454e-05
2018-07-28 11:00:00,9.149860555904538e-05
2018-07-28 12:00:00,0.00014182148561113408
2018-07-28 13:00:00,6.91635355875149e-05
2018-07-28 14:00:00,6.0574800822326495e-05
2018-07-28 15:00:00,0.00010300789541141544
2018-07-28 16:00:00,0.00017730742751657702
2018-07-28 17:00:00,0.0001135957968552364
2018-07-28 18:00:00,0.00010040541655636241
2018-07-28 19:00:00,6.433118056450938e-05
2018-07-28 20:00:00,7.044812934026879e-05
2018-07-28 21:00:00,5.4255245052606985e-05
2018-07-28 22:00:00,6.939268568951118e-05
2018-07-28 23:00:00,6.288452025641189e-05
2018-07-29 00:00:00,7.534682939214496e-05
2018-07-29 01:00:00,0.0001325103145102186
2018-07-29 02:00:00,7.840476893170885e-05
2018-07-29 03:00:00,9.139266755686963e-05
2018-07-29 04:00:00,8.219843844575258e-05
2018-07-29 05:00:00,7.769743509622489e-05
2018-07-29 06:00:00,8.698319121858031e-05
2018-07-29 07:00:00,6.327317579968614e-05
2018-07-29 08:00:00,6.421870186420053e-05
2018-07-29 09:00:00,8.942378315182989e-05
2018-07-29 10:00:00,6.21903020151535e-05
2018-07-29 11:00:00,5.374687857196135e-05
2018-07-29 12:00:00,8.575775984264106e-05
2018-07-29 13:00:00,8.148108761165025e-05
2018-07-29 14:00:00,7.569640132096489e-05
2018-07-29 15:00:00,6.167247946641193e-05
2018-07-29 16:00:00,5.1054984217584375e-05
2018-07-29 17:00:00,6.926581289922606e-05
2018-07-29 18:00:00,3.1049302850102974e-05
2018-07-29 19:00:00,3.878318063819763e-05
2018-07-29 20:00:00,6.1865430954949e-05
2018-07-29 21:00:00,4.578815784174842e-05
2018-07-29 22:00:00,6.887700096663865e-05
2018-07-29 23:00:00,6.25529508689043e-05
2018-07-30 00:00:00,9.499475448658983e-05
2018-07-30 01:00:00,0.00015048298977303628
2018-07-30 02:00:00,0.00012771434651951397
2018-07-30 03:00:00,4.5556234273030705e-05
2018-07-30 04:00:00,4.551045127783511e-05
2018-07-30 05:00:00,5.0708378675778596e-05
2018-07-30 06:00:00,4.0414475763993566e-05
2018-07-30 07:00:00,0.00017047364363713497
2018-07-30 08:00:00,0.0001503411827825081
2018-07-30 09:00:00,6.8537563534799e-05
2018-07-30 10:00:00,4.7454172243220165e-05
2018-07-30 11:00:00,0.00011425939139412182
2018-07-30 12:00:00,7.394688660674437e-05
2018-07-30 13:00:00,6.39773495361867e-05
2018-07-30 14:00:00,6.320821860512899e-05
2018-07-30 15:00:00,7.923549608739849e-05
2018-07-30 16:00:00,7.694590313595327e-05
2018-07-30 17:00:00,7.265093694261169e-05
2018-07-30 18:00:00,0.00020486295192285127
2018-07-30 19:00:00,0.0001677890533129348
2018-07-30 20:00:00,0.00015754287370637994
2018-07-30 21:00:00,0.000186592902002179
2018-07-30 22:00:00,9.36721199298464e-05
2018-07-30 23:00:00,9.735943599094338e-05
2018-07-31 00:00:00,8.599656015414205e-05
2018-07-31 01:00:00,8.75321793337637e-05
2018-07-31 02:00:00,7.083495013011084e-05
2018-07-31 03:00:00,5.030048354413922e-05
2018-07-31 04:00:00,4.253949352659329e-05
2018-07-31 05:00:00,6.135520476013352e-05
2018-07-31 06:00:00,4.768259776704519e-05
2018-07-31 07:00:00,7.8123885661467e-05
2018-07-31 08:00:00,6.616619602927491e-05
2018-07-31 09:00:00,8.568135470959123e-05
2018-07-31 10:00:00,0.00011817939256368908
2018-07-31 11:00:00,0.00012414237003034295
2018-07-31 12:00:00,0.00010303176974936547
2018-07-31 13:00:00,0.0003050501981596925
2018-07-31 14:00:00,0.00018019638487834367
2018-07-31 15:00:00,0.00019410276716017228
2018-07-31 16:00:00,0.00016553943349833242
2018-07-31 17:00:00,0.00011740292773626277
2018-07-31 18:00:00,0.0001528117860964836
2018-07-31 19:00:00,0.00010891846279957946
2018-07-31 20:00:00,9.187174783032635e-05
2018-07-31 21:00:00,9.978876585656949e-05
2018-07-31 22:00:00,0.00013028108624078328
2018-08-03 23:00:00,0.0001128773292167752
2018-08-04 00:00:00,0.00011573041360384718
2018-08-04 01:00:00,0.00013104282732393302
2018-08-04 02:00:00,0.00010627006069763545
2018-08-04 03:00:00,0.00012225235101458748
2018-08-04 04:00:00,8.780322169517768e-05
2018-08-04 05:00:00,8.126787822661821e-05
2018-08-04 06:00:00,6.832096727806768e-05
2018-08-04 07:00:00,9.565367989250865e-05
2018-08-04 08:00:00,8.907195154472183e-05
2018-08-04 09:00:00,0.00010661231736444511
2018-08-04 10:00:00,7.576149458029827e-05
2018-08-04 11:00:00,0.00011088025957666796
2018-08-04 12:00:00,7.734028403773889e-05
2018-08-04 13:00:00,0.00019545636765291407
2018-08-04 14:00:00,0.00011305032100109915
2018-08-04 15:00:00,0.0003929846845500061
2018-08-04 16:00:00,0.0002614423977835932
2018-08-04 17:00:00,0.00017161532229887093
2018-08-04 18:00:00,0.00017111640882825184
2018-08-04 19:00:00,9.46101345384864e-05
2018-08-04 20:00:00,8.783716244579806e-05
2018-08-04 21:00:00,6.842031056258311e-05
2018-08-04 22:00:00,0.00015801690666363596
2018-08-04 23:00:00,9.653327827015043e-05
2018-08-05 00:00:00,9.777323554523608e-05
2018-08-05 01:00:00,0.00015173826407115183
2018-08-05 02:00:00,0.00020018953664068998
2018-08-05 03:00:00,0.00010221937331183619
2018-08-05 04:00:00,0.0001049044978443828
2018-08-05 05:00:00,8.735723518962183e-05
2018-08-05 06:00:00,6.678673029429697e-05
2018-08-05 07:00:00,6.438911268446905e-05
2018-08-05 08:00:00,6.560140606371957e-05
2018-08-05 09:00:00,9.943764086339559e-05
2018-08-05 10:00:00,0.00010725486111812794
2018-08-05 11:00:00,8.729122882264394e-05
2018-08-05 12:00:00,7.25025231043756e-05
2018-08-05 13:00:00,7.172657879935907e-05
2018-08-05 14:00:00,0.000101636891551907
2018-08-05 15:00:00,0.0001528145482747548
2018-08-05 16:00:00,0.00012233003655214632
2018-08-05 17:00:00,6.759390011964801e-05
2018-08-05 18:00:00,9.601435265845305e-05
2018-08-05 19:00:00,7.669196591912646e-05
2018-08-05 20:00:00,9.156109877002941e-05
2018-08-05 21:00:00,8.412152131422966e-05
2018-08-05 22:00:00,0.0001142578187826162
2018-08-05 23:00:00,9.0273994112282e-05
2018-08-06 00:00:00,7.400279171217192e-05
2018-08-06 01:00:00,7.634077725833963e-05
2018-08-06 02:00:00,0.00011057851030374427
2018-08-06 03:00:00,6.5216142221793e-05
2018-08-06 04:00:00,5.610088769144815e-05
2018-08-06 05:00:00,5.082173359031959e-05
2018-08-06 06:00:00,7.717527230412462e-05
2018-08-06 07:00:00,5.241396950540737e-05
2018-08-06 08:00:00,7.905241532605485e-05
2018-08-06 09:00:00,8.661231072906943e-05
2018-08-06 10:00:00,8.440703898303183e-05
2018-08-06 11:00:00,7.415722796255053e-05
2018-08-06 12:00:00,9.465865395777732e-05
2018-08-06 13:00:00,7.478309416315108e-05
2018-08-06 14:00:00,0.00017487422757946072
2018-08-06 15:00:00,8.179640012819657e-05
2018-08-06 16:00:00,6.761560591223381e-05
2018-08-06 17:00:00,0.00010814940651171104
2018-08-06 18:00:00,5.38206811166984e-05
2018-08-06 19:00:00,7.478771470902536e-05
2018-08-06 20:00:00,6.502677054478806e-05
2018-08-06 21:00:00,6.981690721769619e-05
2018-08-06 22:00:00,0.00013947171743383015
2018-08-06 23:00:00,0.00010826092889436178
2018-08-07 00:00:00,9.849521149145148e-05
2018-08-07 01:00:00,9.2974651894764e-05
2018-08-07 02:00:00,5.692617765996116e-05
2018-08-07 03:00:00,6.703794576800525e-05
2018-08-07 04:00:00,5.4979086840252786e-05
2018-08-07 05:00:00,5.0817535805334764e-05
2018-08-07 06:00:00,5.219419058786163e-05
2018-08-07 07:00:00,5.171414958554729e-05
2018-08-07 08:00:00,0.000130102120069134
2018-08-07 09:00:00,6.759388749381711e-05
2018-08-07 10:00:00,7.262558462204084e-05
2018-08-07 11:00:00,7.019101388735144e-05
2018-08-07 12:00:00,9.465075151513838e-05
2018-08-07 13:00:00,8.943217240319786e-05
2018-08-07 14:00:00,8.377868495473557e-05
2018-08-07 15:00:00,6.087859982483659e-05
2018-08-07 16:00:00,6.640340706381556e-05
2018-08-07 17:00:00,6.007323361544002e-05
2018-08-07 18:00:00,4.748225689319775e-05
2018-08-07 19:00:00,5.449646780291033e-05
2018-08-07 20:00:00,6.791261809104456e-05
2018-08-07 21:00:00,0.00018500454655511202
2018-08-07 22:00:00,0.0002914610723498949
2018-08-07 23:00:00,0.00011161270929143349
2018-08-08 00:00:00,9.235147130589803e-05
2018-08-08 01:00:00,0.00013659576334791926
2018-08-08 02:00:00,8.408799793065492e-05
2018-08-08 03:00:00,8.231302697817125e-05
2018-08-08 04:00:00,8.182464222849535e-05
2018-08-08 05:00:00,0.00014584772475003497
2018-08-08 06:00:00,0.0001817235680736319
2018-08-08 07:00:00,0.00010415607617041989
2018-08-08 08:00:00,0.00010882899015338407
2018-08-08 09:00:00,0.00013139414668581658
2018-08-08 10:00:00,0.0001352066409916089
2018-08-08 11:00:00,0.00011509165947936993
2018-08-08 12:00:00,0.00013282576164956776
2018-08-08 13:00:00,0.0001307289097427588
2018-08-08 14:00:00,0.00014380906756228083
2018-08-08 15:00:00,0.00015805023504401395
2018-08-08 16:00:00,0.000111025752131449
2018-08-08 17:00:00,0.00035228196526939466
2018-08-08 18:00:00,0.0001942869260769407
2018-08-08 19:00:00,0.0003122626174799372
2018-08-08 20:00:00,0.00023016598623396928
2018-08-08 21:00:00,0.00016707573598851927
2018-08-08 22:00:00,0.00022132301051465734
2018-08-08 23:00:00,0.00020028168765479006
2018-08-09 00:00:00,0.00020597987276503102
2018-08-09 01:00:00,0.00013141309186267812
2018-08-09 02:00:00,0.00011279765572142872
2018-08-09 03:00:00,9.068935305934359e-05
2018-08-09 04:00:00,0.0001075457879790032
2018-08-09 05:00:00,0.00010113249281604689
2018-08-09 06:00:00,0.0001358703313330134
2018-08-09 07:00:00,0.00013505179664700592
2018-08-09 08:00:00,0.000210365673417578
2018-08-09 09:00:00,0.00010506126581297171
2018-08-09 10:00:00,9.159256065757104e-05
2018-08-09 11:00:00,9.362963318957267e-05
2018-08-09 12:00:00,7.518256928407031e-05
2018-08-09 13:00:00,0.00020887715066433235
2018-08-09 14:00:00,0.00034733635926486705
2018-08-09 15:00:00,0.00020202291547563632
2018-08-09 16:00:00,0.00015135585120859367
2018-08-09 17:00:00,0.00010751721377168347
2018-08-09 18:00:00,9.396397385954292e-05
2018-08-09 19:00:00,7.493208858075735e-05
2018-08-09 20:00:00,0.00011866253034912933
2018-08-09 21:00:00,0.00010001990965133388
2018-08-09 22:00:00,0.00026309053585365285
2018-08-09 23:00:00,0.00011397173635815582
2018-08-10 00:00:00,0.00012511484246370877
2018-08-10 01:00:00,8.245780005636239e-05
2018-08-10 02:00:00,8.824583457887165e-05
2018-08-10 03:00:00,0.00011045232872974876
2018-08-10 04:00:00,6.6177024502108e-05
2018-08-10 05:00:00,0.0001310818227109565
2018-08-10 06:00:00,7.973177817657239e-05
2018-08-10 07:00:00,9.98307569640039e-05
2018-08-10 08:00:00,9.585532224164105e-05
2018-08-10 09:00:00,0.00016683849739693716
2018-08-10 10:00:00,0.00020107596273851976
2018-08-10 11:00:00,0.00010505878147356404
2018-08-10 12:00:00,0.00018163347793617642
2018-08-10 13:00:00,0.00023300906642633292
2018-08-10 14:00:00,0.00011100523119374587
2018-08-10 15:00:00,0.0001563482193758259
2018-08-10 16:00:00,9.6708009738644e-05
2018-08-10 17:00:00,0.0001102315789851214
2018-08-10 18:00:00,0.0001613801898281823
2018-08-10 19:00:00,0.0001460995871178784
2018-08-10 20:00:00,0.00011343979533273036
2018-08-10 21:00:00,0.0003668453575897247
2018-08-10 22:00:00,0.0006380756368150324
2018-08-10 23:00:00,0.0002324267915126055
2018-08-11 00:00:00,0.0003084281273784051
2018-08-11 01:00:00,0.00020573473675421713
2018-08-11 02:00:00,0.0001632274846494184
2018-08-11 03:00:00,0.00014479119618565113
2018-08-11 04:00:00,0.0001445906987342889
2018-08-11 05:00:00,0.00016182833588927701
2018-08-11 06:00:00,0.000313626120386693
2018-08-11 07:00:00,0.0001970948103886472
2018-08-11 08:00:00,0.00017637163350270497
2018-08-11 09:00:00,0.00018432468422389922
2018-08-11 10:00:00,0.00014046524388931545
2018-08-11 11:00:00,0.00015294737470667575
2018-08-11 12:00:00,0.00012417876457277474
2018-08-11 13:00:00,0.00019616608748960682
2018-08-11 14:00:00,0.00015385792202569597
2018-08-11 15:00:00,0.00017729250258666256
2018-08-11 16:00:00,0.0001768470073445014
2018-08-11 17:00:00,0.00021049214610172038
2018-08-11 18:00:00,0.0006846044861899941
2018-08-11 19:00:00,0.000236019667791573
2018-08-11 20:00:00,0.00019448728898443303
2018-08-11 21:00:00,0.00012128112628995955
2018-08-11 22:00:00,0.0001041138261970447
2018-08-11 23:00:00,6.885848204480712e-05
2018-08-12 00:00:00,0.00028262145697180945
2018-08-12 01:00:00,0.00033445926262211877
2018-08-12 02:00:00,0.0002153783023234181
2018-08-12 03:00:00,9.086549562033398e-05
2018-08-12 04:00:00,8.033092499519747e-05
2018-08-12 05:00:00,9.722119543898921e-05
2018-08-12 06:00:00,0.00024942510385208335
2018-08-12 07:00:00,0.0001905997127603436
2018-08-12 08:00:00,0.00013562500383223193
2018-08-12 09:00:00,0.00012973134621627368
2018-08-12 10:00:00,0.00011441297292853719
2018-08-12 11:00:00,0.00010618087859925947
2018-08-12 12:00:00,0.00015195927888975597
2018-08-12 13:00:00,0.00024129221430728304
2018-08-12 14:00:00,0.00013987234343903609
2018-08-12 15:00:00,0.00020207074585392332
2018-08-12 16:00:00,0.0001739649997925277
2018-08-12 17:00:00,0.00020133084543818246
2018-08-12 18:00:00,0.00014249688430520216
2018-08-12 19:00:00,0.00012923240040870233
2018-08-12 20:00:00,0.0004430865059457436
2018-08-12 21:00:00,0.0001579387950990539
2018-08-12 22:00:00,0.000127424063768107
2018-08-12 23:00:00,0.00014965814174115494
2018-08-13 00:00:00,0.00014644658226506987
2018-08-13 01:00:00,7.795440862928311e-05
2018-08-13 02:00:00,5.765862793041527e-05
2018-08-13 03:00:00,5.975184605501278e-05
2018-08-13 04:00:00,9.879172759374347e-05
2018-08-13 05:00:00,0.00010198878485752405
2018-08-13 06:00:00,0.00010299743189479818
2018-08-13 07:00:00,0.00028162261043276416
2018-08-13 08:00:00,0.00011003690152178638
2018-08-13 09:00:00,0.0002505768368582778
2018-08-13 10:00:00,0.00010548656140919206
2018-08-13 11:00:00,8.435154558054437e-05
2018-08-13 12:00:00,8.628182863619804e-05
2018-08-13 13:00:00,9.25151345111876e-05
2018-08-13 14:00:00,0.00016572422522145782
2018-08-13 15:00:00,0.00013056802621075835
2018-08-13 16:00:00,0.0002347221675382834
2018-08-13 17:00:00,0.00014042027799300252
2018-08-13 18:00:00,0.00030582624729533686
2018-08-13 19:00:00,0.00015654985103110482
2018-08-13 20:00:00,0.0001329600671010588
2018-08-13 21:00:00,0.00016410232200716435
2018-08-13 22:00:00,0.00014254829171415472
2018-08-13 23:00:00,0.00012806053888755702
2018-08-14 00:00:00,0.00011081549051868898
2018-08-14 01:00:00,0.00016417863404069247
2018-08-14 02:00:00,0.0002499255240775759
2018-08-14 03:00:00,0.0003370797698068451
2018-08-14 04:00:00,0.00017534843684485464
2018-08-14 05:00:00,0.00014338641562282374
2018-08-14 06:00:00,0.00010694158232813068
2018-08-14 07:00:00,0.0001420117404073854
2018-08-14 08:00:00,0.0002455030084967497
2018-08-14 09:00:00,0.00013440206891457204
2018-08-14 10:00:00,0.00012765873643807218
2018-08-14 11:00:00,0.00012768382222008338
2018-08-14 12:00:00,0.00015876721171710005
2018-08-14 13:00:00,0.0002588184478985784
2018-08-14 14:00:00,0.00021899118560155317
2018-08-14 15:00:00,0.00020029316280025504
2018-08-14 16:00:00,0.0002027267804514393
2018-08-14 17:00:00,0.00017154422822137087
2018-08-14 18:00:00,0.0001906351923727205
2018-08-14 19:00:00,0.00015634732434151774
2018-08-14 20:00:00,0.00027033060829690205
2018-08-14 21:00:00,0.00014842081024805275
2018-08-14 22:00:00,0.0001915914491931293
2018-08-14 23:00:00,0.00023943472882683622
2018-08-15 00:00:00,0.0002337405666534754
2018-08-15 01:00:00,0.00017217507842057816
2018-08-15 02:00:00,0.00012476854501425357
2018-08-15 03:00:00,0.0001675908330864216
2018-08-15 04:00:00,0.0001711827202142997
2018-08-15 05:00:00,0.00019654531517452917
2018-08-15 06:00:00,0.00011981713635149236
2018-08-15 07:00:00,0.00011221773021851676
2018-08-15 08:00:00,0.00024045597582832387
2018-08-15 09:00:00,0.00019704987925612202
2018-08-15 10:00:00,0.00028098934807616364
2018-08-15 11:00:00,0.00018825275551156021
2018-08-15 12:00:00,0.0001635216140738572
2018-08-15 13:00:00,0.000172495310480314
2018-08-15 14:00:00,0.000173440966510561
2018-08-15 15:00:00,0.00015562691368822332
2018-08-15 16:00:00,0.00023667381465252677
2018-08-15 17:00:00,0.00035262470613585384
2018-08-15 18:00:00,0.00020295942995827613
2018-08-15 19:00:00,0.000145189002365449
2018-08-15 20:00:00,0.0002551886833331445
2018-08-15 21:00:00,0.00020678827146116048
2018-08-15 22:00:00,0.00020690966401959627
2018-08-15 23:00:00,0.00020839674874198694
2018-08-16 00:00:00,0.00023876889373579055
2018-08-16 01:00:00,0.00019701032717647765
2018-08-16 02:00:00,0.0001461641757336567
2018-08-16 03:00:00,9.131520454023087e-05
2018-08-16 04:00:00,0.00013363908755343348
2018-08-16 05:00:00,0.00013817547726764946
2018-08-16 06:00:00,0.0001264918371428367
2018-08-16 07:00:00,0.00012034829424623448
2018-08-16 08:00:00,0.00018546033611158396
2018-08-16 09:00:00,0.0001646374602147133
2018-08-16 10:00:00,0.000157295130020131
2018-08-16 11:00:00,0.00020152660990690704
2018-08-16 12:00:00,0.00016596813519168435
2018-08-16 13:00:00,0.00024913643221734466
2018-08-16 14:00:00,0.00017008765160997217
2018-08-16 15:00:00,0.00017088890569140743
2018-08-16 16:00:00,0.0001853569956198849
2018-08-16 17:00:00,0.0001428929382587488
2018-08-16 18:00:00,0.00016145017729422462
2018-08-16 19:00:00,0.00012196299620862142
2018-08-16 20:00:00,0.00012064494146750058
2018-08-16 21:00:00,0.0002617033618332294
2018-08-16 22:00:00,0.00022265752146396713
2018-08-16 23:00:00,0.00016430702632267357
2018-08-17 00:00:00,0.00012439992063833193
2018-08-17 01:00:00,0.00013164316085957108
2018-08-17 02:00:00,8.994571462640005e-05
2018-08-17 03:00:00,0.00012909961090340553
2018-08-17 04:00:00,0.00011710826745656337
2018-08-17 05:00:00,0.00019308367846973084
2018-08-17 06:00:00,0.00010657568172153823
2018-08-17 07:00:00,0.00011047097143331305
2018-08-17 08:00:00,0.00019368138895822497
2018-08-17 10:00:00,0.00012417852526904402
2018-08-17 11:00:00,0.00019578030153671812
2018-08-17 12:00:00,0.00010353942836392437
2018-08-17 13:00:00,0.00010832761637948857
2018-08-17 14:00:00,0.00012606497017890933
2018-08-17 15:00:00,0.00012200982933312494
2018-08-17 16:00:00,0.00012563517343145206
2018-08-17 17:00:00,0.00014854253927930504
2018-08-17 18:00:00,0.00016609983737272057
2018-08-17 19:00:00,0.00010382935902931767
2018-08-17 20:00:00,8.16593884422033e-05
2018-08-17 21:00:00,0.00013069780211682702
2018-08-17 22:00:00,0.00016692664695948305
2018-08-17 23:00:00,0.00019407737781282296
2018-08-18 00:00:00,0.00012981418474333615
2018-08-18 01:00:00,0.0001399795671773379
2018-08-18 02:00:00,0.00013808991449173745
2018-08-18 03:00:00,0.00010814568834150438
2018-08-18 04:00:00,0.00010953013467265759
2018-08-18 05:00:00,0.00010556497503057292
2018-08-18 06:00:00,0.00011495174459906851
2018-08-18 07:00:00,0.0001261144490696112
2018-08-18 08:00:00,0.0001512544388138252
2018-08-18 09:00:00,9.646237140420734e-05
2018-08-18 10:00:00,7.962874380448967e-05
2018-08-18 11:00:00,0.00010192300973981859
2018-08-18 12:00:00,0.00011334942564144211
2018-08-18 13:00:00,0.00010397873750133192
2018-08-18 14:00:00,0.0002163279387990738
2018-08-18 15:00:00,0.0001152162230717016
2018-08-18 16:00:00,0.00014166107392017772
2018-08-18 17:00:00,0.00015606618913795558
2018-08-18 18:00:00,0.00013107247629824507
2018-08-18 19:00:00,0.00011952652757385779
2018-08-18 20:00:00,9.481120569935811e-05
2018-08-18 21:00:00,0.00013534897824497087
2018-08-18 22:00:00,0.00015010993614616782
2018-08-18 23:00:00,0.00012998149106848475
2018-08-19 00:00:00,9.694580144446518e-05
2018-08-19 01:00:00,9.860845144064973e-05
2018-08-19 02:00:00,0.00011029802568322597
2018-08-19 03:00:00,7.451445995738157e-05
2018-08-19 04:00:00,0.00011593819755690455
2018-08-19 05:00:00,8.010561486884093e-05
2018-08-19 06:00:00,0.000114965109793818
2018-08-19 07:00:00,9.139111997703485e-05
2018-08-19 08:00:00,9.382755680714069e-05
2018-08-19 09:00:00,7.834884348816548e-05
2018-08-19 10:00:00,8.864715637213962e-05
2018-08-19 11:00:00,7.512407445888596e-05
2018-08-19 12:00:00,0.00011627742550455981
2018-08-19 13:00:00,9.12541904260391e-05
2018-08-19 14:00:00,0.00010284169763643088
2018-08-19 15:00:00,0.00011977000391518049
2018-08-19 16:00:00,0.00013563199211218184
2018-08-19 17:00:00,0.00010364790174804908
2018-08-19 18:00:00,9.392181688532441e-05
2018-08-19 19:00:00,8.760492950957202e-05
2018-08-19 20:00:00,8.702869261367966e-05
2018-08-19 21:00:00,0.00012981442937631715
2018-08-19 22:00:00,0.0001150504196659356
2018-08-19 23:00:00,8.239450953797586e-05
2018-08-20 00:00:00,7.727550052688338e-05
2018-08-20 01:00:00,7.023006890711287e-05
2018-08-20 02:00:00,4.646433159972133e-05
2018-08-20 03:00:00,7.510135012240826e-05
2018-08-20 04:00:00,6.408227107362846e-05
2018-08-20 05:00:00,7.83059719299723e-05
2018-08-20 06:00:00,6.949685815755715e-05
2018-08-20 07:00:00,8.972824461423702e-05
2018-08-20 08:00:00,5.6618282603864374e-05
2018-08-20 09:00:00,7.358556326171642e-05
2018-08-20 10:00:00,0.00010279748030856522
2018-08-20 11:00:00,7.125750259097673e-05
2018-08-20 12:00:00,7.239920547501523e-05
2018-08-20 13:00:00,8.715504457824674e-05
2018-08-20 14:00:00,8.596699809988705e-05
2018-08-20 15:00:00,7.03941855382662e-05
2018-08-20 16:00:00,8.65047211739732e-05
2018-08-20 17:00:00,9.152460234128758e-05
2018-08-20 18:00:00,7.891903442349547e-05
2018-08-20 19:00:00,6.113753066117152e-05
2018-08-20 20:00:00,6.287737928401641e-05
2018-08-20 21:00:00,7.519137657896906e-05
2018-08-20 22:00:00,7.630872644829724e-05
2018-08-20 23:00:00,0.0002536882101058195
2018-08-21 00:00:00,0.00013278258979129346
2018-08-21 01:00:00,8.838331902899633e-05
2018-08-21 02:00:00,6.260597273581875e-05
2018-08-21 03:00:00,6.13621398728785e-05
2018-08-21 04:00:00,5.1479268363545944e-05
2018-08-21 05:00:00,5.157913364980305e-05
2018-08-21 06:00:00,8.776713257873739e-05
2018-08-21 07:00:00,0.00011113367106170213
2018-08-21 08:00:00,8.7209545722577e-05
2018-08-21 09:00:00,0.0001050166568975922
2018-08-21 10:00:00,7.929851964296997e-05
2018-08-21 11:00:00,6.904744800793749e-05
2018-08-21 12:00:00,6.412070365882171e-05
2018-08-21 13:00:00,6.73276798607742e-05
2018-08-21 14:00:00,9.308394314545425e-05
2018-08-21 15:00:00,0.00011184698308216363
2018-08-21 16:00:00,8.576936423784687e-05
2018-08-21 17:00:00,9.546061409630492e-05
2018-08-21 18:00:00,9.45421159657491e-05
2018-08-21 19:00:00,0.00010169834159592864
2018-08-21 20:00:00,9.136963600079429e-05
2018-08-21 21:00:00,9.511684388295894e-05
2018-08-21 22:00:00,0.00016652018003123373
2018-08-21 23:00:00,8.147822028688122e-05
2018-08-22 00:00:00,7.871651823226843e-05
2018-08-22 01:00:00,9.327921743059221e-05
2018-08-22 02:00:00,0.0004894791321814613
2018-08-22 03:00:00,0.0002409317409932083
2018-08-22 04:00:00,0.00010248246347163104
2018-08-22 05:00:00,0.00010113604860336057
2018-08-22 06:00:00,0.00011485088008122179
2018-08-22 07:00:00,0.00010105550028187514
2018-08-22 08:00:00,9.156014913214215e-05
2018-08-22 09:00:00,8.793722414430306e-05
2018-08-22 10:00:00,8.737161641791232e-05
2018-08-22 11:00:00,8.491855951037612e-05
2018-08-22 12:00:00,9.721459963213604e-05
2018-08-22 13:00:00,0.00010239391974864509
2018-08-22 14:00:00,7.202113430181752e-05
2018-08-22 15:00:00,7.053249044735541e-05
2018-08-22 16:00:00,0.00020946207268143929
2018-08-22 17:00:00,0.00037046522605619075
2018-08-22 18:00:00,0.00010083762938933723
2018-08-22 19:00:00,0.00010022929069935525
2018-08-22 20:00:00,8.125930644700565e-05
2018-08-22 21:00:00,0.0002675398966238565
2018-08-22 22:00:00,0.00023264393801370435
2018-08-22 23:00:00,0.00036596574589582974
2018-08-23 00:00:00,0.00014172576942662193
2018-08-23 01:00:00,0.00014158069984443954
2018-08-23 02:00:00,8.302510065856426e-05
2018-08-23 03:00:00,7.80934400759498e-05
2018-08-23 04:00:00,9.742520156598887e-05
2018-08-23 05:00:00,7.558778993590944e-05
2018-08-23 06:00:00,0.00010392599840839423
2018-08-23 07:00:00,8.78206815366045e-05
2018-08-23 08:00:00,6.964578231100851e-05
2018-08-23 09:00:00,6.363088973871823e-05
2018-08-23 10:00:00,8.758235381952613e-05
2018-08-23 11:00:00,7.972235744444616e-05
2018-08-23 12:00:00,9.129315914608555e-05
2018-08-23 13:00:00,8.29224154898952e-05
2018-08-23 14:00:00,0.00010107500173926438
2018-08-23 15:00:00,0.00013717690152826502
2018-08-23 16:00:00,8.127682485428115e-05
2018-08-23 17:00:00,9.756183770261772e-05
2018-08-23 18:00:00,7.844248776332358e-05
2018-08-23 19:00:00,6.92361926880294e-05
2018-08-23 20:00:00,0.0001347611993109356
2018-08-23 21:00:00,7.906238941738264e-05
2018-08-23 22:00:00,0.00014617108136434092
2018-08-23 23:00:00,0.00014606231948931768
2018-08-24 00:00:00,8.054343445072093e-05
2018-08-24 01:00:00,7.673767789963186e-05
2018-08-24 02:00:00,7.312417926722463e-05
2018-08-24 03:00:00,7.740320339159826e-05
2018-08-24 04:00:00,6.256931298879638e-05
2018-08-24 05:00:00,6.247827814905135e-05
2018-08-24 06:00:00,6.430288159437798e-05
2018-08-24 07:00:00,7.055655041274475e-05
2018-08-24 08:00:00,0.0001078799041911526
2018-08-24 09:00:00,7.357314065772079e-05
2018-08-24 10:00:00,7.362267882597707e-05
2018-08-24 11:00:00,7.852170742897002e-05
2018-08-24 12:00:00,9.315585966855787e-05
2018-08-24 13:00:00,9.928827735943519e-05
2018-08-24 14:00:00,0.00011525851986189865
2018-08-24 15:00:00,0.0001424650815094652
2018-08-24 16:00:00,0.00012919391851581294
2018-08-24 17:00:00,9.519624010715444e-05
2018-08-24 18:00:00,0.00018624271326718358
2018-08-24 19:00:00,0.0001224736893296721
2018-08-24 20:00:00,9.413988876826733e-05
2018-08-24 21:00:00,8.400237971198572e-05
2018-08-24 22:00:00,0.00016392850604579962
2018-08-24 23:00:00,0.00014742342321598452
2018-08-25 00:00:00,0.00011491083253226852
2018-08-25 01:00:00,0.00017893775863897336
2018-08-25 02:00:00,0.00011647464137372275
2018-08-25 03:00:00,0.00012591170785367922
2018-08-25 04:00:00,0.0001220985551067862
2018-08-25 05:00:00,0.00016704326190213645
2018-08-25 06:00:00,9.141377188731398e-05
2018-08-25 07:00:00,0.00011198220572338219
2018-08-25 08:00:00,0.00010351441378166771
2018-08-25 09:00:00,0.0001223395371520035
2018-08-25 10:00:00,0.00012691310937608982
2018-08-25 11:00:00,0.00011294385571926833
2018-08-25 12:00:00,0.00011913587258371578
2018-08-25 13:00:00,0.0001357594865746359
2018-08-25 14:00:00,0.00011960288977479968
2018-08-25 15:00:00,0.0001389009066283884
2018-08-25 16:00:00,0.0001564149520054833
2018-08-25 17:00:00,0.00012453813984410398
2018-08-25 18:00:00,9.697994915033997e-05
2018-08-25 19:00:00,0.00011048188282845265
2018-08-25 21:00:00,9.309123572493734e-05
2018-08-25 22:00:00,0.00011821702382387722
2018-08-25 23:00:00,8.408503015467309e-05
2018-08-26 00:00:00,0.0001151763871278554
2018-08-26 01:00:00,0.0001277913817210305
2018-08-26 02:00:00,5.774013911032943e-05
2018-08-26 03:00:00,0.0001857311429706995
2018-08-26 04:00:00,0.00011014561639022374
2018-08-26 05:00:00,8.955613156221827e-05
2018-08-26 06:00:00,6.300115896607516e-05
2018-08-26 07:00:00,9.913805648730286e-05
2018-08-26 08:00:00,8.585125519163413e-05
2018-08-26 09:00:00,8.710818534405368e-05
2018-08-26 10:00:00,8.566441754271211e-05
2018-08-26 11:00:00,9.983601617151833e-05
2018-08-26 12:00:00,8.709740152849337e-05
2018-08-26 13:00:00,7.96151458371593e-05
2018-08-26 14:00:00,0.00010804499683281673
2018-08-26 15:00:00,8.656364273093331e-05
2018-08-26 16:00:00,8.399244849559566e-05
2018-08-26 17:00:00,0.00010186459429361505
2018-08-26 18:00:00,0.00010498271417621673
2018-08-26 19:00:00,7.929186854726836e-05
2018-08-26 20:00:00,8.698610779602385e-05
2018-08-26 21:00:00,9.758154686920717e-05
2018-08-26 22:00:00,8.884449618287714e-05
2018-08-26 23:00:00,9.43852738531839e-05
2018-08-27 00:00:00,8.593154065846537e-05
2018-08-27 01:00:00,7.151686756841015e-05
2018-08-27 02:00:00,6.765134260206665e-05
2018-08-27 03:00:00,4.715089367015381e-05
2018-08-27 04:00:00,5.781576447919778e-05
2018-08-27 05:00:00,8.865474821509719e-05
2018-08-27 06:00:00,8.198378349188018e-05
2018-08-27 07:00:00,5.4237283988373314e-05
2018-08-27 08:00:00,5.449274786966369e-05
2018-08-27 09:00:00,7.044292378499701e-05
2018-08-27 10:00:00,6.086451424422787e-05
2018-08-27 11:00:00,6.471532710685496e-05
2018-08-27 12:00:00,8.435737036474075e-05
2018-08-27 13:00:00,0.00011956422223470598
2018-08-27 14:00:00,7.513267629891288e-05
2018-08-27 15:00:00,7.747681895122136e-05
2018-08-27 16:00:00,6.29596998474384e-05
2018-08-27 17:00:00,6.151268659040186e-05
2018-08-27 18:00:00,5.675854538308592e-05
2018-08-27 19:00:00,4.647303070646166e-05
2018-08-27 20:00:00,5.330605373619552e-05
2018-08-27 21:00:00,5.430000832889706e-05
2018-08-27 22:00:00,7.032493684976904e-05
2018-08-27 23:00:00,6.989624724583891e-05
2018-08-28 00:00:00,0.0002235187346646667
2018-08-28 01:00:00,7.496001619639705e-05
2018-08-28 02:00:00,7.979087065075336e-05
2018-08-28 03:00:00,5.5598839695957046e-05
2018-08-28 04:00:00,3.9684358637617455e-05
2018-08-28 05:00:00,5.001990174192918e-05
2018-08-28 06:00:00,4.7291620074771916e-05
2018-08-28 07:00:00,8.273520697575056e-05
2018-08-28 08:00:00,6.710721574492275e-05
2018-08-28 09:00:00,5.036665144008714e-05
2018-08-28 10:00:00,4.364722478946124e-05
2018-08-28 11:00:00,4.599106755528987e-05
2018-08-28 12:00:00,0.00018206407523290908
2018-08-28 13:00:00,6.914395903931294e-05
2018-08-28 14:00:00,9.094358533295177e-05
2018-08-28 15:00:00,9.007474761417692e-05
2018-08-28 16:00:00,6.391863359516305e-05
2018-08-28 17:00:00,7.86800585114395e-05
2018-08-28 18:00:00,8.512658814327354e-05
2018-08-28 19:00:00,6.343902410706606e-05
2018-08-28 20:00:00,8.922609461702419e-05
2018-08-28 21:00:00,8.983339913860368e-05
2018-08-28 22:00:00,9.608902557814748e-05
2018-08-28 23:00:00,8.788652212136451e-05
2018-08-29 00:00:00,7.883764803520294e-05
2018-08-29 01:00:00,6.260270259692265e-05
2018-08-29 02:00:00,6.435698550002737e-05
2018-08-29 03:00:00,6.946284186483305e-05
2018-08-29 04:00:00,5.741562306463691e-05
2018-08-29 05:00:00,4.2456893153124784e-05
2018-08-29 06:00:00,2.943311894070949e-05
2018-08-29 07:00:00,5.997529802364655e-05
2018-08-29 08:00:00,7.14155116694092e-05
2018-08-29 09:00:00,7.39578517499872e-05
2018-08-29 10:00:00,7.72177611336935e-05
2018-08-29 11:00:00,6.482594261471879e-05
2018-08-29 12:00:00,6.397540059790031e-05
2018-08-29 13:00:00,7.258887226638425e-05
2018-08-29 14:00:00,6.470146117851687e-05
2018-08-29 15:00:00,6.287623289924497e-05
2018-08-29 16:00:00,0.0001861674742577626
2018-08-29 17:00:00,8.70239370618295e-05
2018-08-29 18:00:00,6.983117088678781e-05
2018-08-29 19:00:00,7.424542177574942e-05
2018-08-29 20:00:00,5.258879494006842e-05
2018-08-29 21:00:00,7.916064010083095e-05
2018-08-29 22:00:00,5.9897153819479675e-05
2018-08-29 23:00:00,5.599381067472333e-05
2018-08-30 00:00:00,5.374481229614254e-05
2018-08-30 01:00:00,3.514919135959407e-05
2018-08-30 02:00:00,3.754282243385049e-05
2018-08-30 03:00:00,7.057165489434737e-05
2018-08-30 04:00:00,4.357094210430897e-05
2018-08-30 05:00:00,5.140863140877542e-05
2018-08-30 06:00:00,7.406259349120607e-05
2018-08-30 07:00:00,7.954911085675626e-05
2018-08-30 08:00:00,4.925553757252273e-05
2018-08-30 09:00:00,6.868314476341902e-05
2018-08-30 10:00:00,9.831711705786422e-05
2018-08-30 11:00:00,6.41665804823821e-05
2018-08-30 12:00:00,8.018116509395767e-05
2018-08-30 13:00:00,9.116213294186348e-05
2018-08-30 14:00:00,7.39509255577572e-05
2018-08-30 15:00:00,6.551534573032401e-05
2018-08-30 16:00:00,6.0756812427748074e-05
2018-08-30 17:00:00,5.4537785246681504e-05
2018-08-30 18:00:00,4.7171056347426216e-05
2018-08-30 19:00:00,7.034875360828515e-05
2018-08-30 20:00:00,5.6913979441824135e-05
2018-08-30 21:00:00,0.00011063745263177716
2018-08-30 22:00:00,8.01479608818266e-05
2018-08-30 23:00:00,7.848196684717162e-05
2018-08-31 00:00:00,8.69959586127815e-05
2018-08-31 01:00:00,7.202282004108626e-05
2018-08-31 02:00:00,5.391928706954386e-05
2018-08-31 03:00:00,4.7265835274473715e-05
2018-08-31 04:00:00,4.928552108235816e-05
2018-08-31 05:00:00,6.938865593684265e-05
2018-08-31 06:00:00,5.7771432512632134e-05
2018-08-31 07:00:00,4.798128343392612e-05
2018-08-31 08:00:00,6.43817434697399e-05
2018-08-31 09:00:00,6.0987785113594916e-05
2018-08-31 10:00:00,6.578843839605058e-05
2018-08-31 11:00:00,5.095931992172366e-05
2018-08-31 12:00:00,5.5928461728603814e-05
2018-08-31 13:00:00,0.00010011699815322038
2018-08-31 14:00:00,6.472442884678103e-05
2018-08-31 15:00:00,6.86748978244025e-05
2018-08-31 16:00:00,0.00012683955462964273
2018-08-31 17:00:00,7.301405381394659e-05
2018-08-31 18:00:00,8.976605811547673e-05
2018-08-31 19:00:00,9.671938639359971e-05
2018-08-31 20:00:00,6.316237961430897e-05
2018-08-31 21:00:00,6.483273804568413e-05
2018-08-31 22:00:00,9.363854013127781e-05
2018-09-03 23:00:00,4.934005343433017e-05
2018-09-04 00:00:00,4.737980811606798e-05
2018-09-04 01:00:00,3.432970057278973e-05
2018-09-04 02:00:00,2.919183339341721e-05
2018-09-04 03:00:00,5.088734130813807e-05
2018-09-04 04:00:00,3.663746548242312e-05
2018-09-04 05:00:00,4.506579798267731e-05
2018-09-04 06:00:00,4.643791745145069e-05
2018-09-04 07:00:00,4.248604492381842e-05
2018-09-04 08:00:00,4.714261018928614e-05
2018-09-04 09:00:00,4.743322219955114e-05
2018-09-04 10:00:00,4.550476653660528e-05
2018-09-04 11:00:00,4.3633212265661855e-05
2018-09-04 12:00:00,5.6594024715364596e-05
2018-09-04 13:00:00,7.744507582316215e-05
2018-09-04 14:00:00,4.764926520729394e-05
2018-09-04 15:00:00,3.719704303458937e-05
2018-09-04 16:00:00,5.3321850614133295e-05
2018-09-04 17:00:00,4.9626329156923874e-05
2018-09-04 18:00:00,5.06020461541231e-05
2018-09-04 19:00:00,8.261460211500841e-05
2018-09-04 20:00:00,5.553419153345462e-05
2018-09-04 21:00:00,5.994506582688106e-05
2018-09-04 22:00:00,6.204793010929245e-05
2018-09-04 23:00:00,4.6434226703874155e-05
2018-09-05 00:00:00,4.9829571208645305e-05
2018-09-05 01:00:00,3.888843790076802e-05
2018-09-05 02:00:00,6.312968967430304e-05
2018-09-05 03:00:00,6.490231091017114e-05
2018-09-05 04:00:00,3.950716046999718e-05
2018-09-05 05:00:00,3.364342809574846e-05
2018-09-05 06:00:00,3.801220052384961e-05
2018-09-05 07:00:00,4.385386684013664e-05
2018-09-05 08:00:00,4.79813617350354e-05
2018-09-05 09:00:00,4.463480832671859e-05
2018-09-05 10:00:00,0.00015466709928629535
2018-09-05 11:00:00,0.00027674944825652615
2018-09-05 12:00:00,0.00016062849126262808
2018-09-05 13:00:00,0.00014010794457109646
2018-09-05 14:00:00,0.00013267811926494263
2018-09-05 15:00:00,0.00015711589610755002
2018-09-05 16:00:00,0.0001459325749172531
2018-09-05 17:00:00,0.0002563704756087647
2018-09-05 18:00:00,0.00019143220720374996
2018-09-05 19:00:00,0.00011931792832512347
2018-09-05 20:00:00,0.00011903159877767785
2018-09-05 21:00:00,0.00014567048922946633
2018-09-05 22:00:00,0.00022555266317346461
2018-09-05 23:00:00,0.0001640574190123763
2018-09-06 00:00:00,0.0005091950195819385
2018-09-06 01:00:00,0.0010524909982282627
2018-09-06 02:00:00,0.0003815781791640614
2018-09-06 03:00:00,0.0003013479229531007
2018-09-06 04:00:00,0.00024117341758132335
2018-09-06 05:00:00,0.000215348516040992
2018-09-06 06:00:00,0.00029079905459342023
2018-09-06 07:00:00,0.00024740167472829706
2018-09-06 08:00:00,0.0002751977924344906
2018-09-06 09:00:00,0.00019914710299226396
2018-09-06 10:00:00,0.00044559413696170565
2018-09-06 11:00:00,0.00022094114384883483
2018-09-06 12:00:00,0.0002436370608086695
2018-09-06 13:00:00,0.00018868978299720532
2018-09-06 14:00:00,0.00026592495058113183
2018-09-06 15:00:00,0.00023678832315721248
2018-09-06 16:00:00,0.0002475110551027355
2018-09-06 17:00:00,0.0001635369063804851
2018-09-06 18:00:00,0.00017848196525577367
2018-09-06 19:00:00,0.0003625355273772543
2018-09-06 20:00:00,0.00016084854345233156
2018-09-06 21:00:00,0.000192967485602244
2018-09-06 22:00:00,0.00017647638676936142
2018-09-06 23:00:00,0.00018387996580343955
2018-09-07 00:00:00,0.00020369017425343004
2018-09-07 01:00:00,0.0001741605889109226
2018-09-07 02:00:00,0.0001229207220205184
2018-09-07 03:00:00,0.0001431986242311817
2018-09-07 04:00:00,0.00011838366018864761
2018-09-07 05:00:00,0.0001072756744699822
2018-09-07 06:00:00,0.00010203304480661071
2018-09-07 07:00:00,0.00016711235927188584
2018-09-07 08:00:00,9.94289773505352e-05
2018-09-07 09:00:00,0.0001268869076423187
2018-09-07 10:00:00,8.264156146087285e-05
2018-09-07 11:00:00,0.00020805485829204944
2018-09-07 12:00:00,0.0001368671448040764
2018-09-07 13:00:00,0.00013970473908091964
2018-09-07 14:00:00,0.00012363078688891512
2018-09-07 15:00:00,0.00015109917044174405
2018-09-07 16:00:00,0.0001637943036502514
2018-09-07 17:00:00,0.00018710787366396487
2018-09-07 18:00:00,0.00014635848740868104
2018-09-07 19:00:00,0.00011796020938754394
2018-09-07 20:00:00,0.00010659971206522548
2018-09-07 21:00:00,0.00013184647000941076
2018-09-07 22:00:00,0.00014535828416527502
2018-09-07 23:00:00,9.915940116227212e-05
2018-09-08 00:00:00,8.995204749589239e-05
2018-09-08 01:00:00,0.00010181617559776952
2018-09-08 02:00:00,9.600259917750703e-05
2018-09-08 03:00:00,7.61269340577395e-05
2018-09-08 04:00:00,8.724720593122742e-05
2018-09-08 05:00:00,8.638826515292848e-05
2018-09-08 06:00:00,6.285903861082716e-05
2018-09-08 07:00:00,7.962658616339813e-05
2018-09-08 09:00:00,6.6675317823221e-05
2018-09-08 10:00:00,8.363595232930622e-05
2018-09-08 11:00:00,6.664639606315772e-05
2018-09-08 12:00:00,8.778199205176918e-05
2018-09-08 13:00:00,0.00016481004143278802
2018-09-08 16:00:00,0.0001287189668706486
2018-09-08 17:00:00,0.00012349210340631802
2018-09-08 18:00:00,0.0003528945631109635
2018-09-08 19:00:00,0.0002650396640097574
2018-09-08 20:00:00,0.00016251868719529536
2018-09-08 21:00:00,0.00020250597706970389
2018-09-08 22:00:00,0.0001163962015440784
2018-09-08 23:00:00,0.00010404478835994464
2018-09-09 00:00:00,9.353561822887286e-05
2018-09-09 02:00:00,0.00010084511614078815
2018-09-09 03:00:00,0.00010338826243218783
2018-09-09 04:00:00,0.000114941918555647
2018-09-09 05:00:00,0.0002687173202766679
2018-09-09 06:00:00,0.00010326145406365271
2018-09-09 07:00:00,0.0001029955110590257
2018-09-09 08:00:00,0.00010104064954523534
2018-09-09 09:00:00,9.68061397824447e-05
2018-09-09 10:00:00,0.0003457433233946769
2018-09-09 11:00:00,0.00016706173850636674
2018-09-09 12:00:00,0.00017740615829665604
2018-09-09 13:00:00,0.00017739486406315904
2018-09-09 14:00:00,0.00020595662694514581
2018-09-09 15:00:00,0.00014363394489289727
2018-09-09 16:00:00,0.00013579518233366303
2018-09-09 17:00:00,0.00011031457151245188
2018-09-09 18:00:00,0.0001014791920502845
2018-09-09 19:00:00,0.00010905634530729293
2018-09-09 20:00:00,9.104192606498545e-05
2018-09-09 21:00:00,9.279475912528435e-05
2018-09-09 22:00:00,0.00010414456828285693
2018-09-09 23:00:00,0.00024865308733402504
2018-09-10 00:00:00,0.00017243814030187273
2018-09-10 01:00:00,0.0001362666918287055
2018-09-10 02:00:00,0.0001722735875482493
2018-09-10 03:00:00,0.000133737631009374
2018-09-10 04:00:00,0.00010533765111599692
2018-09-10 05:00:00,0.00011197658382919754
2018-09-10 06:00:00,9.942222931829859e-05
2018-09-10 07:00:00,6.98726042009832e-05
2018-09-10 08:00:00,0.00010205660903465237
2018-09-10 09:00:00,8.455368068058861e-05
2018-09-10 10:00:00,0.0001101225619606657
2018-09-10 11:00:00,0.00010069734617939265
2018-09-10 12:00:00,8.612595527334965e-05
2018-09-10 13:00:00,7.206370438741594e-05
2018-09-10 14:00:00,8.370659472684432e-05
2018-09-10 15:00:00,0.00010844770349498156
2018-09-10 16:00:00,8.681062981929691e-05
2018-09-10 17:00:00,0.00011240187373345314
2018-09-10 18:00:00,0.00010851786881691199
2018-09-10 19:00:00,7.800692081793656e-05
2018-09-10 20:00:00,7.414200333641164e-05
2018-09-10 21:00:00,9.194401350588331e-05
2018-09-10 22:00:00,0.00011317150212711489
2018-09-11 00:00:00,0.00010379243503639486
2018-09-11 01:00:00,8.130228244324865e-05
2018-09-11 02:00:00,0.00010080309805202812
2018-09-11 03:00:00,0.00010879361495734348
2018-09-11 04:00:00,7.04454363577638e-05
2018-09-11 05:00:00,6.860230038785714e-05
2018-09-11 06:00:00,7.380870724137737e-05
2018-09-11 07:00:00,7.567332802872019e-05
2018-09-11 08:00:00,8.786331901115105e-05
2018-09-11 09:00:00,7.46574071591509e-05
2018-09-11 10:00:00,8.452092604254988e-05
2018-09-11 11:00:00,6.666348098746208e-05
2018-09-11 12:00:00,0.00013249537323622898
2018-09-11 13:00:00,0.0001010096427938555
2018-09-11 14:00:00,9.100988522676321e-05
2018-09-11 16:00:00,0.00013284367772966623
2018-09-11 17:00:00,9.04333300676575e-05
2018-09-11 18:00:00,7.725422714037394e-05
2018-09-11 19:00:00,0.000130378833819806
2018-09-11 20:00:00,9.999241303180573e-05
2018-09-11 21:00:00,0.00011726769381333628
2018-09-11 22:00:00,0.00016491654259017592
2018-09-11 23:00:00,8.04144912226846e-05
2018-09-12 00:00:00,5.9257617991189396e-05
2018-09-12 01:00:00,6.317184457836599e-05
2018-09-12 02:00:00,5.4454773473112874e-05
2018-09-12 03:00:00,5.382167278726175e-05
2018-09-12 04:00:00,6.59620616590429e-05
2018-09-12 05:00:00,5.353856821330475e-05
2018-09-12 06:00:00,5.276665667548175e-05
2018-09-12 07:00:00,6.472745076119662e-05
2018-09-12 08:00:00,6.546486641032233e-05
2018-09-12 09:00:00,7.671221261244849e-05
2018-09-12 10:00:00,4.3911985375220845e-05
2018-09-12 11:00:00,5.4741675730378556e-05
2018-09-12 12:00:00,6.627221219558351e-05
2018-09-12 13:00:00,6.549193728736869e-05
2018-09-12 14:00:00,6.936133553512222e-05
2018-09-12 15:00:00,5.173676916147003e-05
2018-09-12 16:00:00,4.044964459392152e-05
2018-09-12 17:00:00,4.7161074115402276e-05
2018-09-12 18:00:00,5.48617581034956e-05
2018-09-12 19:00:00,6.958060074582495e-05
2018-09-12 20:00:00,5.6323754279189756e-05
2018-09-12 21:00:00,4.5873344021904937e-05
2018-09-12 22:00:00,6.169696773886773e-05
2018-09-12 23:00:00,6.0626741674084634e-05
2018-09-13 00:00:00,5.032337646199177e-05
2018-09-13 01:00:00,7.19046797695966e-05
2018-09-13 02:00:00,5.17990207970541e-05
2018-09-13 03:00:00,5.9424801924714315e-05
2018-09-13 04:00:00,3.682506966367325e-05
2018-09-13 05:00:00,3.6153562539354885e-05
2018-09-13 06:00:00,5.272023489860606e-05
2018-09-13 07:00:00,3.0797608769742946e-05
2018-09-13 08:00:00,4.980442963155062e-05
2018-09-13 09:00:00,3.8279597068159566e-05
2018-09-13 10:00:00,7.689018808856198e-05
2018-09-13 11:00:00,4.858724399363694e-05
2018-09-13 12:00:00,4.8367581017389047e-05
2018-09-13 13:00:00,8.756633106334293e-05
2018-09-13 14:00:00,7.594760109224038e-05
2018-09-13 15:00:00,7.885785379612461e-05
2018-09-13 16:00:00,6.472318140770506e-05
2018-09-13 17:00:00,0.0001012962779587907
2018-09-13 18:00:00,6.344508999991755e-05
2018-09-13 19:00:00,6.403055884867848e-05
2018-09-13 20:00:00,7.629671437559514e-05
2018-09-13 21:00:00,8.472159649593682e-05
2018-09-13 22:00:00,8.126446054282516e-05
2018-09-13 23:00:00,7.845993017704574e-05
2018-09-14 00:00:00,9.467451991513851e-05
2018-09-14 01:00:00,7.202979788291989e-05
2018-09-14 02:00:00,6.884216354653736e-05
2018-09-14 03:00:00,8.588824134503254e-05
2018-09-14 04:00:00,7.395989453230075e-05
2018-09-14 05:00:00,6.177407201996781e-05
2018-09-14 06:00:00,5.4055097897947754e-05
2018-09-14 07:00:00,2.6128239479785995e-05
2018-09-14 08:00:00,6.671982908943295e-05
2018-09-14 09:00:00,0.0001408375842056828
2018-09-14 10:00:00,7.818788112233281e-05
2018-09-14 11:00:00,5.454701743724063e-05
2018-09-14 12:00:00,5.431628767644676e-05
2018-09-14 13:00:00,6.411154417306331e-05
2018-09-14 14:00:00,8.449035885654368e-05
2018-09-14 15:00:00,6.441975958732495e-05
2018-09-14 16:00:00,5.68836301582817e-05
2018-09-14 17:00:00,6.655753655796106e-05
2018-09-14 18:00:00,8.229592575416625e-05
2018-09-14 19:00:00,5.824268380211363e-05
2018-09-14 20:00:00,6.6500863604384e-05
2018-09-14 21:00:00,7.961027517364277e-05
2018-09-14 22:00:00,6.163668825725746e-05
2018-09-14 23:00:00,7.406792572697456e-05
2018-09-15 00:00:00,8.008724504898747e-05
2018-09-15 01:00:00,5.989086701494807e-05
2018-09-15 02:00:00,5.7000494393343636e-05
2018-09-15 03:00:00,5.714296232149373e-05
2018-09-15 04:00:00,5.653034071394709e-05
2018-09-15 05:00:00,4.71803576853122e-05
2018-09-15 07:00:00,3.9058570191893746e-05
2018-09-15 08:00:00,3.253022204495351e-05
2018-09-15 09:00:00,6.602140186466462e-05
2018-09-15 10:00:00,4.6134509426500796e-05
2018-09-15 11:00:00,7.062296279115575e-05
2018-09-15 12:00:00,6.794893607522416e-05
2018-09-15 13:00:00,5.5783846683927163e-05
2018-09-15 14:00:00,7.641826899229095e-05
2018-09-15 15:00:00,7.12561404654278e-05
2018-09-15 16:00:00,6.254685101492191e-05
2018-09-15 17:00:00,5.130767884709821e-05
2018-09-15 18:00:00,4.457236081930497e-05
2018-09-15 19:00:00,6.0688158911395536e-05
2018-09-15 20:00:00,5.886445282034782e-05
2018-09-15 21:00:00,3.436578705625095e-05
2018-09-15 22:00:00,6.927944609543004e-05
2018-09-15 23:00:00,5.0079175160023224e-05
2018-09-16 00:00:00,4.0965691641063105e-05
2018-09-16 01:00:00,4.431952585291833e-05
2018-09-16 02:00:00,3.868592040736905e-05
2018-09-16 03:00:00,4.943375072343874e-05
2018-09-16 04:00:00,4.194048803465588e-05
2018-09-16 05:00:00,0.0001276018654903747
2018-09-16 06:00:00,7.069521515469907e-05
2018-09-16 07:00:00,4.8341556420521e-05
2018-09-16 08:00:00,5.4717756198845605e-05
2018-09-16 09:00:00,6.036730981949824e-05
2018-09-16 10:00:00,7.297587825748052e-05
2018-09-16 11:00:00,5.6678608948594507e-05
2018-09-16 12:00:00,5.384168799235361e-05
2018-09-16 13:00:00,6.063118952484091e-05
2018-09-16 14:00:00,7.773376853425506e-05
2018-09-16 15:00:00,5.640353363269013e-05
2018-09-16 16:00:00,7.442367027790917e-05
2018-09-16 17:00:00,8.604809397062981e-05
2018-09-16 18:00:00,7.322101831603754e-05
2018-09-16 19:00:00,6.0581329793714115e-05
2018-09-16 20:00:00,5.0391589434651e-05
2018-09-16 21:00:00,7.553533752577178e-05
2018-09-16 22:00:00,6.057157404414791e-05
2018-09-16 23:00:00,5.190391579118689e-05
2018-09-17 00:00:00,6.738057729116667e-05
2018-09-17 01:00:00,5.11229919770114e-05
2018-09-17 02:00:00,2.85023625726408e-05
2018-09-17 03:00:00,5.338175648622339e-05
2018-09-17 04:00:00,4.6104018950150244e-05
2018-09-17 05:00:00,5.4466335254922974e-05
2018-09-17 06:00:00,5.195794100841806e-05
2018-09-17 07:00:00,4.8062265267789215e-05
2018-09-17 08:00:00,4.0934170424963446e-05
2018-09-17 09:00:00,5.841546762438342e-05
2018-09-17 10:00:00,0.0001041971652026057
2018-09-17 11:00:00,7.623134147112306e-05
2018-09-17 12:00:00,5.269596163020208e-05
2018-09-17 13:00:00,7.015539213802448e-05
2018-09-17 14:00:00,9.114512764851954e-05
2018-09-17 15:00:00,0.0001262620978682018
2018-09-17 16:00:00,0.00015225998618057123
2018-09-17 17:00:00,8.179855983375876e-05
2018-09-17 18:00:00,9.482274481060641e-05
2018-09-17 19:00:00,8.53534388515913e-05
2018-09-17 20:00:00,9.37316604809293e-05
2018-09-17 21:00:00,0.00011126942663248294
2018-09-17 22:00:00,8.327293834226589e-05
2018-09-17 23:00:00,7.46343854879606e-05
2018-09-18 00:00:00,7.176326786680005e-05
2018-09-18 01:00:00,6.230104725939307e-05
2018-09-18 02:00:00,4.489484786528957e-05
2018-09-18 03:00:00,4.445892969166924e-05
2018-09-18 04:00:00,3.9079679936143165e-05
2018-09-18 05:00:00,5.481081713223775e-05
2018-09-18 06:00:00,4.747028756657141e-05
2018-09-18 07:00:00,4.236551674882485e-05
2018-09-18 08:00:00,4.070850832654472e-05
2018-09-18 09:00:00,6.774682175783734e-05
2018-09-18 10:00:00,5.880541607082435e-05
2018-09-18 11:00:00,6.614345875550699e-05
2018-09-18 12:00:00,6.592864559009483e-05
2018-09-18 13:00:00,9.430739926837566e-05
2018-09-18 14:00:00,8.978288144296484e-05
2018-09-18 15:00:00,7.639020032759814e-05
2018-09-18 16:00:00,5.9438487364555155e-05
2018-09-18 17:00:00,5.2934242823455155e-05
2018-09-18 18:00:00,6.232235726352927e-05
2018-09-18 19:00:00,6.437185479654011e-05
2018-09-18 20:00:00,0.0001636085271185952
2018-09-18 21:00:00,5.832963660208321e-05
2018-09-18 22:00:00,7.329633151922735e-05
2018-09-18 23:00:00,8.897211352679989e-05
2018-09-19 00:00:00,6.143773985665706e-05
2018-09-19 01:00:00,4.8328537165764827e-05
2018-09-19 02:00:00,3.904638407385992e-05
2018-09-19 03:00:00,3.5072020775017e-05
2018-09-19 04:00:00,6.133990995879216e-05
2018-09-19 05:00:00,4.4187450533023685e-05
2018-09-19 06:00:00,3.129608726558608e-05
2018-09-19 07:00:00,2.977038282864681e-05
2018-09-19 08:00:00,4.050574731852049e-05
2018-09-19 09:00:00,2.4880238494207106e-05
2018-09-19 10:00:00,4.028035808002308e-05
2018-09-19 11:00:00,2.2397066873050885e-05
2018-09-19 12:00:00,5.615861572260414e-05
2018-09-19 13:00:00,5.347253013568832e-05
2018-09-19 14:00:00,4.757993524562636e-05
2018-09-19 15:00:00,5.472577526314644e-05
2018-09-19 16:00:00,3.4156159994386334e-05
2018-09-19 17:00:00,3.908703912096391e-05
2018-09-19 18:00:00,4.780362779989287e-05
2018-09-19 19:00:00,0.00010860014840148497
2018-09-19 20:00:00,0.0001994173121875504
2018-09-19 21:00:00,7.186855042492833e-05
2018-09-19 22:00:00,9.143703750156541e-05
2018-09-19 23:00:00,9.130303641154403e-05
2018-09-20 00:00:00,5.869059588520047e-05
2018-09-20 01:00:00,5.317710683509704e-05
2018-09-20 02:00:00,8.2313745545717e-05
2018-09-20 03:00:00,7.608196804321661e-05
2018-09-20 04:00:00,4.903685130856305e-05
2018-09-20 05:00:00,4.8421938851898e-05
2018-09-20 06:00:00,3.480599792858485e-05
2018-09-20 07:00:00,4.830064234733942e-05
2018-09-20 08:00:00,4.315349567887676e-05
2018-09-20 09:00:00,4.7409753663253645e-05
2018-09-20 10:00:00,3.554701627481218e-05
2018-09-20 11:00:00,3.45164684485049e-05
2018-09-20 12:00:00,6.960386541904128e-05
2018-09-20 13:00:00,5.441716898720768e-05
2018-09-20 14:00:00,5.878698224581412e-05
2018-09-20 15:00:00,3.601966804743403e-05
2018-09-20 16:00:00,3.407364870182436e-05
2018-09-20 17:00:00,3.7574272283257284e-05
2018-09-20 18:00:00,4.2265311902644374e-05
2018-09-20 19:00:00,5.160948992037855e-05
2018-09-20 20:00:00,4.21553560804295e-05
2018-09-20 21:00:00,8.596637196135275e-05
2018-09-20 22:00:00,0.00012062473742609496
2018-09-20 23:00:00,0.00013591051924794997
2018-09-21 00:00:00,0.00011143839139058628
2018-09-21 01:00:00,0.00011957685033605193
2018-09-21 02:00:00,6.742006315681356e-05
2018-09-21 03:00:00,8.045842380685358e-05
2018-09-21 04:00:00,7.235227675163534e-05
2018-09-21 05:00:00,5.733021078819833e-05
2018-09-21 06:00:00,6.549223036630207e-05
2018-09-21 07:00:00,4.705215380969846e-05
2018-09-21 08:00:00,9.238505112502044e-05
2018-09-21 09:00:00,0.00014595223582476992
2018-09-21 10:00:00,0.0001789900633167861
2018-09-21 11:00:00,8.05021272919526e-05
2018-09-21 12:00:00,0.0001336074798617464
2018-09-21 13:00:00,0.00013216914201662138
2018-09-21 14:00:00,0.00015059329910183211
2018-09-21 15:00:00,0.00016574086182628085
2018-09-21 16:00:00,0.00024010811026254494
2018-09-21 17:00:00,0.00023700538997575057
2018-09-21 18:00:00,0.00021433412167685834
2018-09-21 19:00:00,0.00012902248177278777
2018-09-21 20:00:00,0.00015851821380993275
2018-09-21 21:00:00,0.00017498821520024678
2018-09-21 22:00:00,0.00017366864856017237
2018-09-21 23:00:00,0.0001282390736815721
2018-09-22 00:00:00,0.0001214111323661803
2018-09-22 01:00:00,0.0001849577090720081
2018-09-22 02:00:00,0.00010928977303397271
2018-09-22 03:00:00,9.121260837607886e-05
2018-09-22 04:00:00,0.00010687820598711585
2018-09-22 05:00:00,0.0001538419742287347
2018-09-22 06:00:00,0.00012119543803173275
2018-09-22 07:00:00,9.292068733441307e-05
2018-09-22 08:00:00,9.572483912087232e-05
2018-09-22 09:00:00,0.00017339207730309946
2018-09-22 10:00:00,0.00012440742245541157
2018-09-22 11:00:00,7.543560185758455e-05
2018-09-22 12:00:00,0.00010971904487979489
2018-09-22 13:00:00,0.00010674268954604924
2018-09-22 14:00:00,0.00010721642140641794
2018-09-22 15:00:00,6.172193070335523e-05
2018-09-22 16:00:00,9.71192501848864e-05
2018-09-22 17:00:00,7.950379490499364e-05
2018-09-22 18:00:00,5.881713753939467e-05
2018-09-22 19:00:00,0.0001385428168451971
2018-09-22 20:00:00,6.435690796833834e-05
2018-09-22 21:00:00,8.126357832726104e-05
2018-09-22 22:00:00,7.857727853030741e-05
2018-09-22 23:00:00,4.378404706817106e-05
2018-09-23 00:00:00,3.907511689807507e-05
2018-09-23 01:00:00,6.530500639422925e-05
2018-09-23 02:00:00,4.4612756122860625e-05
2018-09-23 03:00:00,2.0393195702236405e-05
2018-09-23 04:00:00,3.1481985771521e-05
2018-09-23 05:00:00,3.211035110061295e-05
2018-09-23 06:00:00,3.252203658177806e-05
2018-09-23 07:00:00,3.390062862046457e-05
2018-09-23 08:00:00,2.007414612429687e-05
2018-09-23 09:00:00,4.202270476088982e-05
2018-09-23 10:00:00,9.536430864787626e-05
2018-09-23 11:00:00,8.397234663333795e-05
2018-09-23 12:00:00,5.618757059651535e-05
2018-09-23 13:00:00,8.145623843890302e-05
2018-09-23 14:00:00,4.705122654753716e-05
2018-09-23 15:00:00,0.00010327175939380635
2018-09-23 16:00:00,0.00011427111998965709
2018-09-23 17:00:00,7.812625569786456e-05
2018-09-23 18:00:00,6.124438235331756e-05
2018-09-23 19:00:00,5.3994507012064106e-05
2018-09-23 20:00:00,6.533791461669137e-05
2018-09-23 21:00:00,6.184126642233266e-05
2018-09-23 22:00:00,7.523560265895972e-05
2018-09-23 23:00:00,8.852512128267939e-05
2018-09-24 00:00:00,5.3157331859585716e-05
2018-09-24 01:00:00,5.3808769950830866e-05
2018-09-24 02:00:00,4.78046122225258e-05
2018-09-24 03:00:00,3.4976013186941893e-05
2018-09-24 04:00:00,3.3999676253275645e-05
2018-09-24 05:00:00,5.073173600054863e-05
2018-09-24 06:00:00,3.919269298283128e-05
2018-09-24 07:00:00,7.658334779023259e-05
2018-09-24 08:00:00,5.444447059145622e-05
2018-09-24 09:00:00,6.623802843495773e-05
2018-09-24 10:00:00,0.00013493755270725167
2018-09-24 11:00:00,6.217149097481453e-05
2018-09-24 12:00:00,7.130596425068444e-05
2018-09-24 13:00:00,8.624303588280829e-05
2018-09-24 14:00:00,5.781925419630821e-05
2018-09-24 15:00:00,5.1524966028618234e-05
2018-09-24 16:00:00,4.230270492863716e-05
2018-09-24 17:00:00,4.670856364141162e-05
2018-09-24 18:00:00,6.019113723656527e-05
2018-09-24 19:00:00,4.964414512028441e-05
2018-09-24 20:00:00,3.795997372270146e-05
2018-09-24 21:00:00,6.308423365920594e-05
2018-09-24 22:00:00,6.416667532358394e-05
2018-09-24 23:00:00,8.994226199158469e-05
2018-09-25 00:00:00,0.00010763545395631872
2018-09-25 01:00:00,0.00013252955414109428
2018-09-25 02:00:00,0.00014426866505797605
2018-09-25 03:00:00,0.0001003566734830413
2018-09-25 04:00:00,0.00011396104177933236
2018-09-25 05:00:00,8.367822998800102e-05
2018-09-25 06:00:00,5.1722275415846986e-05
2018-09-25 07:00:00,7.491327792017276e-05
2018-09-25 08:00:00,0.00010330031328869824
2018-09-25 09:00:00,8.190899220809947e-05
2018-09-25 10:00:00,6.310600259298772e-05
2018-09-25 11:00:00,5.646391817817099e-05
2018-09-25 12:00:00,7.193520389595677e-05
2018-09-25 13:00:00,8.420893301731855e-05
2018-09-25 14:00:00,8.361177704528025e-05
2018-09-25 15:00:00,7.78917679009105e-05
2018-09-25 16:00:00,0.00010476862605612789
2018-09-25 17:00:00,7.280239235231477e-05
2018-09-25 18:00:00,8.394223448900305e-05
2018-09-25 19:00:00,0.00013854342843266985
2018-09-25 20:00:00,8.865079819138427e-05
2018-09-25 21:00:00,0.0001886379384486674
2018-09-25 22:00:00,0.00017616925508975786
2018-09-25 23:00:00,9.775490233032268e-05
2018-09-26 00:00:00,0.00013674064858649736
2018-09-26 01:00:00,7.217875178522661e-05
2018-09-26 02:00:00,6.630785450840964e-05
2018-09-26 03:00:00,4.53526411081522e-05
2018-09-26 04:00:00,5.2748512385937326e-05
2018-09-26 05:00:00,3.083676230209862e-05
2018-09-26 06:00:00,7.000736329463183e-05
2018-09-26 07:00:00,4.062234635743833e-05
2018-09-26 08:00:00,5.529503717727881e-05
2018-09-26 09:00:00,5.34268407581006e-05
2018-09-26 10:00:00,6.249451118827621e-05
2018-09-26 11:00:00,5.393684764437313e-05
2018-09-26 12:00:00,9.957266761022664e-05
2018-09-26 13:00:00,7.40509015429452e-05
2018-09-26 14:00:00,5.655000166087423e-05
2018-09-26 15:00:00,5.726216341801208e-05
2018-09-26 16:00:00,8.749592289309597e-05
2018-09-26 17:00:00,7.584254933018511e-05
2018-09-26 18:00:00,5.508156842584379e-05
2018-09-26 19:00:00,4.151035594870465e-05
2018-09-26 20:00:00,4.810515556444474e-05
2018-09-26 21:00:00,2.9421174767068274e-05
2018-09-26 22:00:00,6.892995295414408e-05
2018-09-26 23:00:00,6.5126812426012e-05
2018-09-27 00:00:00,6.493017341797847e-05
2018-09-27 01:00:00,7.67714707265397e-05
2018-09-27 02:00:00,4.547159614179662e-05
2018-09-27 03:00:00,3.686176060142723e-05
2018-09-27 04:00:00,3.0427576774212614e-05
2018-09-27 05:00:00,2.8804617028260575e-05
2018-09-27 06:00:00,2.6563245243303034e-05
2018-09-27 07:00:00,4.034652732711902e-05
2018-09-27 08:00:00,4.007131469410774e-05
2018-09-27 09:00:00,4.5647275298345927e-05
2018-09-27 10:00:00,5.362501909835777e-05
2018-09-27 11:00:00,4.974684711125096e-05
2018-09-27 12:00:00,4.8917206326697324e-05
2018-09-27 13:00:00,5.2573652660492314e-05
2018-09-27 14:00:00,7.152383866181354e-05
2018-09-27 15:00:00,4.6477714067812525e-05
2018-09-27 16:00:00,5.093354307124852e-05
2018-09-27 17:00:00,3.8088993591565766e-05
2018-09-27 18:00:00,3.280930466817398e-05
2018-09-27 19:00:00,3.6749710236280266e-05
2018-09-27 20:00:00,0.0001008750762757424
2018-09-27 21:00:00,0.0001205164957446375
2018-09-27 22:00:00,7.26494832110907e-05
2018-09-27 23:00:00,8.967127197292616e-05
2018-09-28 00:00:00,8.371387797752799e-05
2018-09-28 01:00:00,6.637202728205622e-05
2018-09-28 02:00:00,4.360258060452307e-05
2018-09-28 03:00:00,5.678010515604864e-05
2018-09-28 04:00:00,3.5427233038906536e-05
2018-09-28 05:00:00,2.6025964193420322e-05
2018-09-28 06:00:00,2.4384867642538855e-05
2018-09-28 07:00:00,5.6164026301562144e-05
2018-09-28 08:00:00,7.552875792003615e-05
2018-09-28 09:00:00,4.9860349338659136e-05
2018-09-28 10:00:00,0.0001282202738893315
2018-09-28 11:00:00,6.170411733203382e-05
2018-09-28 12:00:00,8.323918796887084e-05
2018-09-28 13:00:00,9.163123992963248e-05
2018-09-28 14:00:00,8.926091227841451e-05
2018-09-28 15:00:00,8.855508755051761e-05
2018-09-28 16:00:00,7.827062737577315e-05
2018-09-28 17:00:00,5.767575055442832e-05
2018-09-28 18:00:00,6.491014804786184e-05
2018-09-28 19:00:00,4.600654784584572e-05
2018-09-28 20:00:00,0.000169608158788316
2018-09-28 21:00:00,7.328636977071474e-05
2018-09-28 22:00:00,5.553917917537253e-05
2018-09-28 23:00:00,5.628856269617525e-05
2018-09-29 00:00:00,4.5775269664070555e-05
2018-09-29 01:00:00,4.949215346687093e-05
2018-09-29 02:00:00,0.00010298407417107369
2018-09-29 03:00:00,6.619964339586983e-05
2018-09-29 04:00:00,5.45698865523708e-05
2018-09-29 05:00:00,7.340352703972923e-05
2018-09-29 06:00:00,4.663476036260973e-05
2018-09-29 07:00:00,6.798543231633093e-05
2018-09-29 09:00:00,7.119108564964093e-05
2018-09-29 10:00:00,6.918868038266715e-05
2018-09-29 11:00:00,8.852638690994442e-05
2018-09-29 12:00:00,9.577082762509846e-05
2018-09-29 13:00:00,9.365485200601993e-05
2018-09-29 14:00:00,0.00011408277511623908
2018-09-29 15:00:00,9.366437016767711e-05
2018-09-29 16:00:00,0.00011235852068516915
2018-09-29 17:00:00,8.512763238077767e-05
2018-09-29 18:00:00,8.019306400620849e-05
2018-09-29 19:00:00,6.693615249623745e-05
2018-09-29 20:00:00,7.249059206589905e-05
2018-09-29 21:00:00,0.00011491796722301384
2018-09-29 22:00:00,9.784240249270053e-05
2018-09-29 23:00:00,7.995264315907227e-05
2018-09-30 00:00:00,0.00012489828232379506
2018-09-30 01:00:00,0.0001202463726902531
2018-09-30 02:00:00,0.00011191258068477728
2018-09-30 03:00:00,6.354646679099373e-05
2018-09-30 04:00:00,4.769807946966205e-05
2018-09-30 05:00:00,3.632685719031565e-05
2018-09-30 06:00:00,3.25725426411539e-05
2018-09-30 07:00:00,2.4678916715610472e-05
2018-09-30 08:00:00,3.2710230115494975e-05
2018-09-30 09:00:00,3.209664144461489e-05
2018-09-30 10:00:00,3.5490157813792695e-05
2018-09-30 11:00:00,5.9941129891398785e-05
2018-09-30 12:00:00,4.281497523360655e-05
2018-09-30 13:00:00,5.1076357726493844e-05
2018-09-30 14:00:00,3.399528677778443e-05
2018-09-30 15:00:00,3.4914031718206605e-05
2018-09-30 16:00:00,5.6586251736163006e-05
2018-09-30 17:00:00,4.2560724961192293e-05
2018-09-30 18:00:00,4.5456036164072625e-05
2018-09-30 19:00:00,3.232057883973359e-05
2018-09-30 20:00:00,4.088431328184211e-05
2018-09-30 21:00:00,7.539717899326933e-05
