datetime,Naive
2018-07-03 23:00:00,0.0001437820957512
2018-07-04 00:00:00,0.000285335221656
2018-07-04 01:00:00,0.0002405148395506
2018-07-04 02:00:00,0.0002398242863967
2018-07-04 03:00:00,0.0001725053921402
2018-07-04 04:00:00,0.000176909461606
2018-07-04 05:00:00,0.0001817157446728
2018-07-04 06:00:00,0.0001292955673401
2018-07-04 07:00:00,0.0001264943692425
2018-07-04 08:00:00,0.0001263054718403
2018-07-04 09:00:00,0.0002224300843214
2018-07-04 10:00:00,0.0001568415301295
2018-07-04 11:00:00,0.0002801137865455
2018-07-04 12:00:00,0.0001921517934213
2018-07-04 13:00:00,0.0002366985652525
2018-07-04 14:00:00,0.0006897019416662
2018-07-04 15:00:00,0.0002967957936054
2018-07-04 16:00:00,0.0001427180307344
2018-07-04 17:00:00,0.00014166482059
2018-07-04 18:00:00,0.000128523882933
2018-07-04 19:00:00,0.0001762516965667
2018-07-04 20:00:00,0.0001492810259216
2018-07-04 21:00:00,8.018472901080294e-05
2018-07-04 22:00:00,0.0001787664703889
2018-07-04 23:00:00,0.0003105000000717
2018-07-05 00:00:00,0.0002500784001335
2018-07-05 01:00:00,0.0003399066764789
2018-07-05 02:00:00,0.0003322702339957
2018-07-05 03:00:00,0.0002112116740027
2018-07-05 04:00:00,0.0001595018974362
2018-07-05 06:00:00,0.0001692185498332
2018-07-05 07:00:00,0.0001533743117336
2018-07-05 08:00:00,0.000188195474304
2018-07-05 09:00:00,0.0001080195023033
2018-07-05 10:00:00,0.0002566450558208
2018-07-05 11:00:00,0.0001774421179086
2018-07-05 12:00:00,0.0001822551866239
2018-07-05 13:00:00,0.0002010391389449
2018-07-05 14:00:00,0.000226625477763
2018-07-05 15:00:00,0.0002386218149307
2018-07-05 16:00:00,0.0001863704203313
2018-07-05 17:00:00,9.32260820261103e-05
2018-07-05 18:00:00,0.0001257703184738
2018-07-05 19:00:00,0.0002787969836088
2018-07-05 20:00:00,0.0001402369043771
2018-07-05 21:00:00,0.0001339942126927
2018-07-05 22:00:00,0.0001909028668085
2018-07-05 23:00:00,0.0001559157023608
2018-07-06 00:00:00,0.0001171007489832
2018-07-06 01:00:00,0.0001082218498828
2018-07-06 02:00:00,6.558914043919582e-05
2018-07-06 03:00:00,7.636556026566034e-05
2018-07-06 04:00:00,6.373772519634565e-05
2018-07-06 05:00:00,0.0001797992151568
2018-07-06 06:00:00,8.18243542387291e-05
2018-07-06 07:00:00,0.0002014799964743
2018-07-06 08:00:00,0.0002793447723493
2018-07-06 09:00:00,0.0001913143564335
2018-07-06 10:00:00,0.0001071879589901
2018-07-06 11:00:00,0.0001197827560204
2018-07-06 12:00:00,0.0001875485102043
2018-07-06 13:00:00,0.0003908154204974
2018-07-06 14:00:00,0.0002111873267617
2018-07-06 15:00:00,0.0001059038741315
2018-07-06 16:00:00,9.687551000823864e-05
2018-07-06 17:00:00,7.368789145191562e-05
2018-07-06 18:00:00,0.0002187246954364
2018-07-06 19:00:00,0.0002036841596222
2018-07-06 20:00:00,4.298518275545381e-05
2018-07-06 21:00:00,0.0001512782027786
2018-07-06 22:00:00,0.000141853063784
2018-07-06 23:00:00,0.0001766450712254
2018-07-07 00:00:00,0.0001095089340083
2018-07-07 01:00:00,7.913658049983814e-05
2018-07-07 02:00:00,7.683591702663875e-05
2018-07-07 03:00:00,9.516371172645388e-05
2018-07-07 04:00:00,6.199051131983277e-05
2018-07-07 05:00:00,6.505349915494912e-05
2018-07-07 06:00:00,4.3892487392623865e-05
2018-07-07 07:00:00,2.79996286752913e-05
2018-07-07 08:00:00,5.066466591610182e-05
2018-07-07 09:00:00,4.89592287450404e-05
2018-07-07 10:00:00,4.284434887612158e-05
2018-07-07 11:00:00,6.449764969350912e-05
2018-07-07 12:00:00,4.6694298321493394e-05
2018-07-07 13:00:00,0.0001597984813409
2018-07-07 14:00:00,0.0002055577677294
2018-07-07 15:00:00,0.0001161553159788
2018-07-07 16:00:00,8.667902160333585e-05
2018-07-07 17:00:00,4.919446558547586e-05
2018-07-07 18:00:00,7.553456945168923e-05
2018-07-07 19:00:00,5.281710642439436e-05
2018-07-07 20:00:00,7.058239089465526e-05
2018-07-07 21:00:00,8.804008318103449e-05
2018-07-07 22:00:00,5.705576239291439e-05
2018-07-07 23:00:00,0.0001588722867736
2018-07-08 00:00:00,0.0008241418352665
2018-07-08 01:00:00,0.0003914082565917
2018-07-08 02:00:00,0.0002017144373053
2018-07-08 03:00:00,0.000201688130647
2018-07-08 04:00:00,0.000118766095891
2018-07-08 05:00:00,4.777361357909791e-05
2018-07-08 06:00:00,0.0001063272435085
2018-07-08 07:00:00,9.529123513183296e-05
2018-07-08 08:00:00,7.580477114141668e-05
2018-07-08 09:00:00,9.497070295219738e-05
2018-07-08 10:00:00,0.0001134178964445
2018-07-08 11:00:00,0.0001137743099431
2018-07-08 12:00:00,3.959291261468869e-05
2018-07-08 13:00:00,0.0001174703627848
2018-07-08 14:00:00,0.0001208345588424
2018-07-08 15:00:00,0.0002714447046714
2018-07-08 16:00:00,8.552958835365819e-05
2018-07-08 17:00:00,6.0009675893802136e-05
2018-07-08 18:00:00,1.713580134238602e-05
2018-07-08 19:00:00,2.4648149566081496e-05
2018-07-08 20:00:00,2.6007224968613447e-05
2018-07-08 21:00:00,2.5795571914685585e-05
2018-07-08 22:00:00,2.23907646166149e-05
2018-07-08 23:00:00,4.536352770263729e-05
2018-07-09 00:00:00,0.0001840382747276
2018-07-09 01:00:00,9.876269875655028e-05
2018-07-09 02:00:00,8.388625087144993e-05
2018-07-09 03:00:00,4.956088397625891e-05
2018-07-09 04:00:00,3.9785823777276176e-05
2018-07-09 05:00:00,0.0001254100619166
2018-07-09 06:00:00,1.866548468216584e-05
2018-07-09 07:00:00,0.0001056128626101
2018-07-09 08:00:00,8.631528914954601e-05
2018-07-09 09:00:00,9.380445316474854e-05
2018-07-09 10:00:00,0.0001194576732773
2018-07-09 11:00:00,3.722297184638341e-05
2018-07-09 12:00:00,9.90851488866965e-05
2018-07-09 13:00:00,0.0001117436545435
2018-07-09 15:00:00,8.315991847415773e-05
2018-07-09 16:00:00,6.50200839272677e-05
2018-07-09 17:00:00,0.0002037352787484
2018-07-09 18:00:00,0.0001544731070695
2018-07-09 19:00:00,6.394993833005124e-05
2018-07-09 20:00:00,4.43536662498024e-05
2018-07-09 21:00:00,6.089694473745696e-05
2018-07-09 22:00:00,5.980362855334944e-05
2018-07-09 23:00:00,0.0002859654368254
2018-07-10 00:00:00,0.000429580390899
2018-07-10 01:00:00,0.0001561467610455
2018-07-10 02:00:00,9.399786544654364e-05
2018-07-10 03:00:00,0.0001604453164924
2018-07-10 04:00:00,0.0001253133138483
2018-07-10 05:00:00,8.648751663383672e-05
2018-07-10 06:00:00,7.606663782496326e-05
2018-07-10 07:00:00,0.000437892208771
2018-07-10 08:00:00,0.0001282375446901
2018-07-10 09:00:00,0.0001965350341043
2018-07-10 10:00:00,0.0004888528080746
2018-07-10 11:00:00,0.0002550644540444
2018-07-10 12:00:00,0.0004621503531725
2018-07-10 13:00:00,0.0002596246395889
2018-07-10 14:00:00,0.0001612789141898
2018-07-10 15:00:00,0.0001057580011793
2018-07-10 16:00:00,4.6642880576883626e-05
2018-07-10 17:00:00,0.0001184561192594
2018-07-10 18:00:00,9.567638330575856e-05
2018-07-10 19:00:00,3.837803845430669e-05
2018-07-10 20:00:00,3.564211693390512e-05
2018-07-10 21:00:00,6.278495718145369e-05
2018-07-10 22:00:00,0.0001315269019658
2018-07-11 00:00:00,0.0001559148440886
2018-07-11 01:00:00,0.0003429787739485
2018-07-11 02:00:00,9.120371175711311e-05
2018-07-11 03:00:00,0.0001198239364266
2018-07-11 04:00:00,7.690083008427692e-05
2018-07-11 05:00:00,0.0001094701233678
2018-07-11 06:00:00,0.0001326974759273
2018-07-11 07:00:00,0.0001601393461379
2018-07-11 08:00:00,0.0001200886692847
2018-07-11 09:00:00,9.346237324623632e-05
2018-07-11 10:00:00,0.0001465401216786
2018-07-11 12:00:00,9.95995152235969e-05
2018-07-11 13:00:00,0.0001188548059717
2018-07-11 14:00:00,0.0001080792669548
2018-07-11 15:00:00,8.2081294490558e-05
2018-07-11 16:00:00,4.6503914039273976e-05
2018-07-11 17:00:00,9.561938382661434e-05
2018-07-11 18:00:00,9.394799508010226e-05
2018-07-11 19:00:00,9.473488758938696e-05
2018-07-11 20:00:00,0.0001266706913441
2018-07-11 21:00:00,8.534025937593386e-05
2018-07-11 22:00:00,0.0001304102688447
2018-07-11 23:00:00,0.0001322737123651
2018-07-12 00:00:00,6.516589469516475e-05
2018-07-12 01:00:00,7.788730788274661e-05
2018-07-12 02:00:00,8.271413192996663e-05
2018-07-12 03:00:00,0.0001302955119573
2018-07-12 04:00:00,4.289748370794302e-05
2018-07-12 05:00:00,2.770828534612238e-05
2018-07-12 06:00:00,7.274634072726366e-05
2018-07-12 07:00:00,0.0003707247141755
2018-07-12 08:00:00,0.0003234758170399
2018-07-12 09:00:00,0.0005686026855118
2018-07-12 10:00:00,0.0001498058426912
2018-07-12 11:00:00,9.700369782624983e-05
2018-07-12 12:00:00,0.0001295331566432
2018-07-12 13:00:00,8.067265385328085e-05
2018-07-12 14:00:00,4.155146487841784e-05
2018-07-12 15:00:00,5.459193171240062e-05
2018-07-12 16:00:00,8.853312897364151e-05
2018-07-12 17:00:00,8.250113759490302e-05
2018-07-12 18:00:00,6.680239707784211e-05
2018-07-12 19:00:00,3.0428601184223596e-05
2018-07-12 20:00:00,5.75487925340726e-05
2018-07-12 21:00:00,5.945588818574472e-05
2018-07-12 22:00:00,0.0001032338071736
2018-07-12 23:00:00,0.0001716745658539
2018-07-13 00:00:00,0.0004485925690754
2018-07-13 01:00:00,0.0002880757536482
2018-07-13 02:00:00,4.898613097841011e-05
2018-07-13 03:00:00,0.0001069078694944
2018-07-13 04:00:00,0.0001123279674916
2018-07-13 05:00:00,0.0001069239596687
2018-07-13 06:00:00,8.024458872097965e-05
2018-07-13 07:00:00,6.956943215944244e-05
2018-07-13 08:00:00,6.964741901254304e-05
2018-07-13 09:00:00,0.0001229809111171
2018-07-13 10:00:00,6.088042294929318e-05
2018-07-13 11:00:00,4.17070954645947e-05
2018-07-13 12:00:00,4.561289604694298e-05
2018-07-13 13:00:00,0.0001431382445687
2018-07-13 14:00:00,0.000103261450077
2018-07-13 15:00:00,8.9769493149738e-05
2018-07-13 16:00:00,6.998078642984779e-05
2018-07-13 17:00:00,4.865170849464868e-05
2018-07-13 18:00:00,4.947642115046436e-05
2018-07-13 19:00:00,0.0002037150531075
2018-07-13 20:00:00,0.0002953740072635
2018-07-13 21:00:00,0.000318560077101
2018-07-13 22:00:00,0.0002233903734542
2018-07-13 23:00:00,9.074065485631012e-05
2018-07-14 00:00:00,0.0001037298669838
2018-07-14 01:00:00,0.0001567094407782
2018-07-14 02:00:00,0.0001073267322825
2018-07-14 03:00:00,4.760614483141014e-05
2018-07-14 04:00:00,8.060630704581879e-05
2018-07-14 05:00:00,5.407369811640771e-05
2018-07-14 06:00:00,6.496029608995903e-05
2018-07-14 07:00:00,5.822468083063356e-05
2018-07-14 08:00:00,4.0307400565816016e-05
2018-07-14 09:00:00,2.0803060788067312e-05
2018-07-14 10:00:00,8.113964127558805e-05
2018-07-14 11:00:00,0.0001030811986223
2018-07-14 12:00:00,7.147976016828269e-05
2018-07-14 13:00:00,6.333768975707323e-05
2018-07-14 14:00:00,3.65224284105113e-05
2018-07-14 15:00:00,4.197129337651473e-05
2018-07-14 16:00:00,4.471317522661567e-05
2018-07-14 17:00:00,6.669680560489109e-05
2018-07-14 18:00:00,3.200458285980368e-05
2018-07-14 19:00:00,6.373862591542366e-05
2018-07-14 20:00:00,7.743733911263531e-05
2018-07-14 21:00:00,0.0001116794514126
2018-07-14 22:00:00,0.0001286299522523
2018-07-14 23:00:00,6.260998729018824e-05
2018-07-15 00:00:00,4.117633763973273e-05
2018-07-15 01:00:00,6.267737008818771e-05
2018-07-15 02:00:00,7.060684813007997e-05
2018-07-15 03:00:00,6.138904855077425e-05
2018-07-15 04:00:00,4.4802923400959634e-05
2018-07-15 05:00:00,8.238247588146813e-05
2018-07-15 06:00:00,5.158156102541053e-05
2018-07-15 07:00:00,9.220145062195588e-05
2018-07-15 08:00:00,5.577974150468755e-05
2018-07-15 09:00:00,0.0002986024144014
2018-07-15 10:00:00,9.12952010946756e-05
2018-07-15 11:00:00,0.0001710065206961
2018-07-15 12:00:00,9.176395346929402e-05
2018-07-15 13:00:00,7.360421367381216e-05
2018-07-15 14:00:00,5.9257962360584565e-05
2018-07-15 15:00:00,5.191179113518685e-05
2018-07-16 08:00:00,5.8288253521583496e-05
2018-07-16 09:00:00,0.0001410943147378
2018-07-16 10:00:00,0.0007903502267719
2018-07-16 11:00:00,0.0002189842406197
2018-07-16 12:00:00,0.0004988287292005
2018-07-16 13:00:00,0.0001857392897521
2018-07-16 14:00:00,0.0001455138969761
2018-07-16 15:00:00,0.0001575608994776
2018-07-16 16:00:00,0.000178927212509
2018-07-16 17:00:00,0.0001197867986157
2018-07-16 18:00:00,0.0003990900487595
2018-07-16 19:00:00,0.0001159252401501
2018-07-16 20:00:00,6.96095633939751e-05
2018-07-16 21:00:00,9.22696018759826e-05
2018-07-16 22:00:00,9.267261881791036e-05
2018-07-16 23:00:00,0.0001488384621039
2018-07-17 00:00:00,0.0003322210927511
2018-07-17 01:00:00,0.0001371351455922
2018-07-17 02:00:00,0.0001018141639175
2018-07-17 03:00:00,7.60587418367452e-05
2018-07-17 04:00:00,8.506961953365442e-05
2018-07-17 05:00:00,0.0001054399131049
2018-07-17 06:00:00,0.0001606739223243
2018-07-17 07:00:00,0.0001217757688211
2018-07-17 08:00:00,5.798642661428136e-05
2018-07-17 09:00:00,0.0001102081747659
2018-07-17 10:00:00,0.0001041766589877
2018-07-17 11:00:00,3.853547022773573e-05
2018-07-17 12:00:00,7.796749542438993e-05
2018-07-17 13:00:00,0.0001099138481402
2018-07-17 14:00:00,8.031352160607641e-05
2018-07-17 15:00:00,0.0001474521616136
2018-07-17 16:00:00,0.000165611243286
2018-07-17 17:00:00,0.0001294795980626
2018-07-17 18:00:00,0.0051570751751353
2018-07-17 19:00:00,0.0019970518801972
2018-07-17 21:00:00,0.0001961197733518
2018-07-17 22:00:00,0.0003760310136138
2018-07-17 23:00:00,0.0004008913162164
2018-07-18 00:00:00,0.0001491417770181
2018-07-18 01:00:00,0.0001038452997613
2018-07-18 02:00:00,6.440737708378082e-05
2018-07-18 03:00:00,0.0003096559521174
2018-07-18 04:00:00,0.0007826401725598
2018-07-18 05:00:00,0.0001439918827641
2018-07-18 06:00:00,0.0001232211493688
2018-07-18 07:00:00,0.0001177430597206
2018-07-18 08:00:00,0.0002150428773576
2018-07-18 09:00:00,0.0003987673694116
2018-07-18 10:00:00,0.0001244495283138
2018-07-18 11:00:00,0.0001552556568971
2018-07-18 12:00:00,0.0001440041310287
2018-07-18 13:00:00,0.0001293845339279
2018-07-18 14:00:00,0.0001497866886812
2018-07-18 15:00:00,0.0002658490353206
2018-07-18 16:00:00,0.0001184603333451
2018-07-18 17:00:00,5.522020023132818e-05
2018-07-18 18:00:00,0.0002557450645579
2018-07-18 19:00:00,0.0006083463726211
2018-07-18 20:00:00,0.0002305868557273
2018-07-18 21:00:00,0.0005816061813013
2018-07-18 22:00:00,0.0004343186014672
2018-07-18 23:00:00,0.0004945105030642
2018-07-19 00:00:00,0.0001869547421347
2018-07-19 01:00:00,0.0001609858244693
2018-07-19 02:00:00,0.0001623086093154
2018-07-19 03:00:00,0.000112200881628
2018-07-19 04:00:00,5.536875689190546e-05
2018-07-19 05:00:00,8.091462630476305e-05
2018-07-19 06:00:00,5.209505671679127e-05
2018-07-19 07:00:00,6.150323287360245e-05
2018-07-19 08:00:00,0.0001086698078616
2018-07-19 09:00:00,9.263722651726712e-05
2018-07-19 10:00:00,0.0002270903665895
2018-07-19 11:00:00,0.0001436232945577
2018-07-19 12:00:00,0.0002989892192992
2018-07-19 13:00:00,0.0001493245501451
2018-07-19 14:00:00,0.0002193237508477
2018-07-19 15:00:00,0.0001361594837188
2018-07-19 16:00:00,0.0002187771326596
2018-07-19 17:00:00,0.0002018489241513
2018-07-19 18:00:00,0.000128800347051
2018-07-19 19:00:00,6.560036546312546e-05
2018-07-19 20:00:00,0.0001026767928507
2018-07-19 21:00:00,0.0002198469021184
2018-07-19 22:00:00,0.0001549131586197
2018-07-19 23:00:00,0.0004206480991473
2018-07-20 00:00:00,0.0001277562337871
2018-07-20 02:00:00,0.0001712984877919
2018-07-20 03:00:00,4.041803496652685e-05
2018-07-20 04:00:00,4.22989425435371e-05
2018-07-20 05:00:00,4.114834872924043e-05
2018-07-20 06:00:00,7.072268688580907e-05
2018-07-20 07:00:00,0.0002523229584266
2018-07-20 08:00:00,0.0001324226383318
2018-07-20 09:00:00,0.0001401505900091
2018-07-20 10:00:00,6.338034951519362e-05
2018-07-20 11:00:00,3.792129548095697e-05
2018-07-20 12:00:00,8.136220227245813e-05
2018-07-20 13:00:00,7.152541327075421e-05
2018-07-20 14:00:00,6.248911127619516e-05
2018-07-20 15:00:00,6.509136667759432e-05
2018-07-20 16:00:00,8.6378719207201e-05
2018-07-20 17:00:00,0.0008920530135276
2018-07-20 18:00:00,0.0007483270593295
2018-07-20 19:00:00,0.0001916283593906
2018-07-20 20:00:00,0.0001180427103785
2018-07-20 21:00:00,9.31674228837202e-05
2018-07-20 22:00:00,0.0001581061386244
2018-07-20 23:00:00,0.000230183602057
2018-07-21 00:00:00,0.0001478098831043
2018-07-21 01:00:00,0.000345201701024
2018-07-21 02:00:00,0.0001389587915908
2018-07-21 03:00:00,0.0001465329390645
2018-07-21 04:00:00,8.720131131568105e-05
2018-07-21 05:00:00,6.876860264952794e-05
2018-07-21 06:00:00,0.0001004915713505
2018-07-21 07:00:00,9.973591650480244e-05
2018-07-21 08:00:00,0.0001066207617687
2018-07-21 09:00:00,7.6238099944431e-05
2018-07-21 10:00:00,7.581450590970286e-05
2018-07-21 11:00:00,0.0001806900172984
2018-07-21 12:00:00,0.0001013893871749
2018-07-21 13:00:00,6.770564506288908e-05
2018-07-21 14:00:00,8.018381169442915e-05
2018-07-21 15:00:00,4.427515622100197e-05
2018-07-21 16:00:00,9.543181458781422e-05
2018-07-21 17:00:00,8.413499768178004e-05
2018-07-21 18:00:00,8.68366696380156e-05
2018-07-21 19:00:00,6.028033806914298e-05
2018-07-21 20:00:00,6.726652863660567e-05
2018-07-21 21:00:00,6.230314009832384e-05
2018-07-21 22:00:00,6.213881887819669e-05
2018-07-21 23:00:00,6.858327743094012e-05
2018-07-22 00:00:00,5.686875604029988e-05
2018-07-22 01:00:00,0.0001468486066153
2018-07-22 02:00:00,8.931785670603323e-05
2018-07-22 03:00:00,0.0001178508814634
2018-07-22 04:00:00,0.0001165215737335
2018-07-22 05:00:00,0.0001142618912624
2018-07-22 06:00:00,7.535005387761046e-05
2018-07-22 07:00:00,0.0001319190531516
2018-07-22 08:00:00,0.0001144924556074
2018-07-22 09:00:00,0.0001461267709777
2018-07-22 10:00:00,9.135436072873609e-05
2018-07-22 11:00:00,0.000125415766159
2018-07-22 12:00:00,0.0001008666472689
2018-07-22 13:00:00,8.859786135831487e-05
2018-07-22 14:00:00,8.708204431589314e-05
2018-07-22 15:00:00,0.0001771532313731
2018-07-22 16:00:00,0.0002400379100276
2018-07-22 17:00:00,0.0001483309134391
2018-07-22 18:00:00,8.167460447954002e-05
2018-07-22 19:00:00,3.687707827882125e-05
2018-07-22 20:00:00,4.996082418897936e-05
2018-07-22 21:00:00,6.714109080337895e-05
2018-07-22 22:00:00,0.0008399188959928
2018-07-22 23:00:00,0.0002080367621862
2018-07-23 00:00:00,6.383933859258043e-05
2018-07-23 01:00:00,0.0001590101534538
2018-07-23 02:00:00,0.0001003910226364
2018-07-23 03:00:00,0.0009263278406171
2018-07-23 04:00:00,6.848233405355275e-05
2018-07-23 05:00:00,0.0001609729444857
2018-07-23 06:00:00,7.116641287706251e-05
2018-07-23 07:00:00,0.0001098427650651
2018-07-23 08:00:00,0.0004006393294829
2018-07-23 09:00:00,0.0001144107789572
2018-07-23 10:00:00,6.056844209994631e-05
2018-07-23 11:00:00,5.7312657470988415e-05
2018-07-23 12:00:00,7.362215906286162e-05
2018-07-23 13:00:00,6.051979868598538e-05
2018-07-23 14:00:00,8.317125627454902e-05
2018-07-23 15:00:00,5.8222693924084304e-05
2018-07-23 16:00:00,6.84690810923163e-05
2018-07-23 17:00:00,0.000123525761498
2018-07-23 18:00:00,0.0001297522369727
2018-07-23 19:00:00,0.0005946636974951
2018-07-23 20:00:00,0.0001734152438565
2018-07-23 21:00:00,0.0001085449835836
2018-07-23 22:00:00,0.0001791452274246
2018-07-23 23:00:00,0.0001229755472793
2018-07-24 00:00:00,0.0001399767256639
2018-07-24 01:00:00,7.294266686042668e-05
2018-07-24 02:00:00,5.1579852689469816e-05
2018-07-24 03:00:00,5.510024140306176e-05
2018-07-24 04:00:00,7.188207833651208e-05
2018-07-24 05:00:00,0.000343895894651
2018-07-24 06:00:00,0.0005430124737029
2018-07-24 07:00:00,0.000114008645684
2018-07-24 08:00:00,0.0001112094185633
2018-07-24 09:00:00,8.769636648716909e-05
2018-07-24 10:00:00,6.453105809516652e-05
2018-07-24 11:00:00,0.0003732432906746
2018-07-24 12:00:00,0.0004240176603302
2018-07-24 13:00:00,0.0006369806097506
2018-07-24 14:00:00,0.0002353118891318
2018-07-24 15:00:00,0.0002219343062435
2018-07-24 16:00:00,0.000139915124833
2018-07-24 17:00:00,3.910554125379176e-05
2018-07-24 18:00:00,0.000205677118494
2018-07-24 19:00:00,8.893415732609051e-05
2018-07-24 20:00:00,0.0001603965167685
2018-07-24 21:00:00,0.0001476895323041
2018-07-24 22:00:00,0.0002948510200594
2018-07-25 00:00:00,0.000198680370311
2018-07-25 01:00:00,0.0002427579569815
2018-07-25 02:00:00,7.201430617550164e-05
2018-07-25 03:00:00,0.0002407182817835
2018-07-25 04:00:00,0.0001570052346321
2018-07-25 05:00:00,9.31385974891875e-05
2018-07-25 06:00:00,0.0001375536302398
2018-07-25 07:00:00,0.0002186790293299
2018-07-25 08:00:00,0.0001302993151961
2018-07-25 09:00:00,0.00017130899422
2018-07-25 10:00:00,0.0001290281918283
2018-07-25 11:00:00,0.0001718247053429
2018-07-25 12:00:00,0.0001161513147935
2018-07-25 13:00:00,6.637733446242502e-05
2018-07-25 14:00:00,0.0001161995898779
2018-07-25 15:00:00,3.928875161442607e-05
2018-07-25 16:00:00,0.0003299825984644
2018-07-25 17:00:00,7.882386385869775e-05
2018-07-25 18:00:00,4.103503018217653e-05
2018-07-25 19:00:00,4.461538307473091e-05
2018-07-25 20:00:00,7.087488776297201e-05
2018-07-25 21:00:00,7.952673906946891e-05
2018-07-25 22:00:00,0.0002205174505767
2018-07-25 23:00:00,0.0001101691686084
2018-07-26 00:00:00,0.0002334562612514
2018-07-26 01:00:00,0.0001319494918059
2018-07-26 02:00:00,4.7509167140151656e-05
2018-07-26 03:00:00,6.987194198160568e-05
2018-07-26 04:00:00,4.637891434953604e-05
2018-07-26 05:00:00,2.964471263242022e-05
2018-07-26 06:00:00,2.225380826251261e-05
2018-07-26 07:00:00,7.066376972670079e-05
2018-07-26 08:00:00,8.706009201864362e-05
2018-07-26 09:00:00,0.000163161467485
2018-07-26 10:00:00,2.5902891867318425e-05
2018-07-26 11:00:00,5.974146533587301e-05
2018-07-26 12:00:00,6.018671299561162e-05
2018-07-26 13:00:00,6.39070811210414e-05
2018-07-26 14:00:00,4.951900746884955e-05
2018-07-26 15:00:00,3.600411387063988e-05
2018-07-26 16:00:00,2.120036089121149e-05
2018-07-26 17:00:00,2.814769203132409e-05
2018-07-26 18:00:00,2.966229695189886e-05
2018-07-26 19:00:00,1.3058938855707146e-05
2018-07-26 20:00:00,2.3675677139014696e-05
2018-07-26 21:00:00,0.0003360953523278
2018-07-26 22:00:00,0.0009298794003828
2018-07-26 23:00:00,0.0002566877490461
2018-07-27 00:00:00,0.0002604052139129
2018-07-27 01:00:00,5.1755613404624215e-05
2018-07-27 02:00:00,9.510469626311538e-05
2018-07-27 03:00:00,3.947213147359988e-05
2018-07-27 04:00:00,3.0500590197676267e-05
2018-07-27 05:00:00,3.642821172652e-05
2018-07-27 06:00:00,3.02313591011882e-05
2018-07-27 07:00:00,4.632277716417493e-05
2018-07-27 08:00:00,3.1411190147066944e-05
2018-07-27 09:00:00,5.7600622455487216e-05
2018-07-27 10:00:00,3.054477605047108e-05
2018-07-27 11:00:00,3.187628994516336e-05
2018-07-27 12:00:00,2.755253046709124e-05
2018-07-27 13:00:00,0.0001125934492492
2018-07-27 14:00:00,7.421276430119072e-05
2018-07-27 15:00:00,5.613183629175418e-05
2018-07-27 16:00:00,0.000406955199499
2018-07-27 17:00:00,0.0001231589105802
2018-07-27 18:00:00,2.7131109294563635e-05
2018-07-27 19:00:00,8.034192067477052e-05
2018-07-27 20:00:00,6.353242725355904e-05
2018-07-27 21:00:00,3.638239034116234e-05
2018-07-27 22:00:00,6.149547684129175e-05
2018-07-27 23:00:00,5.184276992657518e-05
2018-07-28 00:00:00,0.000135415801885
2018-07-28 01:00:00,0.0001140779336304
2018-07-28 02:00:00,6.095834937422968e-05
2018-07-28 03:00:00,4.289466064117098e-05
2018-07-28 04:00:00,2.906105746897715e-05
2018-07-28 05:00:00,5.1274160256794215e-05
2018-07-28 06:00:00,3.683683859877256e-05
2018-07-28 07:00:00,2.29047501177674e-05
2018-07-28 08:00:00,3.7652557461651776e-05
2018-07-28 09:00:00,3.2964535536216635e-05
2018-07-28 10:00:00,4.88206341686117e-05
2018-07-28 11:00:00,6.729959008537594e-05
2018-07-28 12:00:00,0.0001448139945796
2018-07-28 13:00:00,2.6265763608615e-05
2018-07-28 14:00:00,2.171115639501846e-05
2018-07-28 15:00:00,5.504331796933372e-05
2018-07-28 16:00:00,0.000229993955495
2018-07-28 17:00:00,7.484511185071044e-05
2018-07-28 18:00:00,5.583481151581348e-05
2018-07-28 19:00:00,2.5841269052415057e-05
2018-07-28 20:00:00,3.385948884027943e-05
2018-07-28 21:00:00,1.4717950618350049e-05
2018-07-28 22:00:00,3.3024547044433685e-05
2018-07-28 23:00:00,4.236675184413222e-05
2018-07-29 00:00:00,6.666113974048647e-05
2018-07-29 01:00:00,0.0001920218374107
2018-07-29 02:00:00,7.874308257465202e-05
2018-07-29 03:00:00,9.156009627690932e-05
2018-07-29 04:00:00,7.821984331057494e-05
2018-07-29 05:00:00,5.96833489297074e-05
2018-07-29 06:00:00,9.132837719289828e-05
2018-07-29 07:00:00,3.645973748201941e-05
2018-07-29 08:00:00,3.834014430603568e-05
2018-07-29 09:00:00,7.24052472686518e-05
2018-07-29 10:00:00,3.162429625260844e-05
2018-07-29 11:00:00,2.4007047727426048e-05
2018-07-29 12:00:00,6.081839255449053e-05
2018-07-29 13:00:00,6.351184120243672e-05
2018-07-29 14:00:00,5.581877225356356e-05
2018-07-29 15:00:00,3.9772415415760064e-05
2018-07-29 16:00:00,2.286306700618843e-05
2018-07-29 17:00:00,4.4001302045202944e-05
2018-07-29 18:00:00,7.776789889600232e-06
2018-07-29 19:00:00,1.68780170329927e-05
2018-07-29 20:00:00,3.43244805954924e-05
2018-07-29 21:00:00,2.5398565421116377e-05
2018-07-29 22:00:00,4.981887104437814e-05
2018-07-29 23:00:00,4.374906848654202e-05
2018-07-30 00:00:00,9.867779815660888e-05
2018-07-30 01:00:00,0.0002515101046398
2018-07-30 02:00:00,0.0001617026884368
2018-07-30 03:00:00,2.018826036699236e-05
2018-07-30 04:00:00,1.954337882945792e-05
2018-07-30 05:00:00,2.5798884990401264e-05
2018-07-30 06:00:00,1.6747377349889814e-05
2018-07-30 07:00:00,0.0002736953984943
2018-07-30 08:00:00,0.0003088632102841
2018-07-30 09:00:00,4.451533302811795e-05
2018-07-30 10:00:00,2.0357552402687925e-05
2018-07-30 11:00:00,0.0001894289126653
2018-07-30 12:00:00,6.460957077102593e-05
2018-07-30 13:00:00,4.145502383300647e-05
2018-07-30 14:00:00,4.126528258283663e-05
2018-07-30 15:00:00,7.321224369621965e-05
2018-07-30 16:00:00,5.8308608179616e-05
2018-07-30 17:00:00,4.464237334723118e-05
2018-07-30 18:00:00,0.0003693236894124
2018-07-30 19:00:00,0.0002419873557989
2018-07-30 20:00:00,0.000194218166185
2018-07-30 21:00:00,0.0002449965016065
2018-07-30 22:00:00,5.649321373421422e-05
2018-07-30 23:00:00,7.015786819438865e-05
2018-07-31 00:00:00,4.479507023307973e-05
2018-07-31 01:00:00,5.395510666277498e-05
2018-07-31 02:00:00,3.527256336980155e-05
2018-07-31 03:00:00,1.6845820805799805e-05
2018-07-31 04:00:00,1.17652853203102e-05
2018-07-31 05:00:00,2.4322475836692912e-05
2018-07-31 06:00:00,1.591399494071886e-05
2018-07-31 07:00:00,5.607912656618751e-05
2018-07-31 08:00:00,4.23017584322482e-05
2018-07-31 09:00:00,6.762155458766714e-05
2018-07-31 10:00:00,0.0001359135349105
2018-07-31 11:00:00,0.0001228818092002
2018-07-31 12:00:00,9.356112426653256e-05
2018-07-31 13:00:00,0.0006260333460796
2018-07-31 14:00:00,0.0002397969265629
2018-07-31 15:00:00,0.0002709263034321
2018-07-31 16:00:00,0.0001553329801509
2018-07-31 17:00:00,6.526212757539758e-05
2018-07-31 18:00:00,0.0001505033652773
2018-07-31 19:00:00,7.501969431074538e-05
2018-07-31 20:00:00,5.175016173511882e-05
2018-07-31 21:00:00,6.438576733704925e-05
2018-07-31 22:00:00,0.0001396029481773
2018-08-03 23:00:00,9.06136938047174e-05
2018-08-04 00:00:00,9.7448985709391e-05
2018-08-04 01:00:00,0.0001156968261232
2018-08-04 02:00:00,6.539057168386897e-05
2018-08-04 03:00:00,0.000100981226563
2018-08-04 04:00:00,4.602775759687264e-05
2018-08-04 05:00:00,4.093159157408905e-05
2018-08-04 06:00:00,2.751038283377915e-05
2018-08-04 07:00:00,5.008236767213941e-05
2018-08-04 08:00:00,5.196783694355258e-05
2018-08-04 09:00:00,7.068449346280002e-05
2018-08-04 10:00:00,3.205869864712923e-05
2018-08-04 11:00:00,7.67471516633348e-05
2018-08-04 12:00:00,3.897266718822857e-05
2018-08-04 13:00:00,0.0002434786378164
2018-08-04 14:00:00,7.98848998972285e-05
2018-08-04 15:00:00,0.0009653784965458
2018-08-04 16:00:00,0.0004118039477886
2018-08-04 17:00:00,0.0001965810850061
2018-08-04 18:00:00,0.0001624685110353
2018-08-04 19:00:00,5.588127762618619e-05
2018-08-04 20:00:00,4.935931301635923e-05
2018-08-04 21:00:00,3.044608547732434e-05
2018-08-04 22:00:00,0.0001326683836117
2018-08-04 23:00:00,6.404556459476549e-05
2018-08-05 00:00:00,6.359888728566935e-05
2018-08-05 01:00:00,0.0001443608097432
2018-08-05 02:00:00,0.0002493572218995
2018-08-05 03:00:00,6.537959998341823e-05
2018-08-05 04:00:00,7.361393226044655e-05
2018-08-05 05:00:00,5.7087414931907705e-05
2018-08-05 06:00:00,3.3039290920294135e-05
2018-08-05 07:00:00,2.8553581616734567e-05
2018-08-05 08:00:00,2.905129964467597e-05
2018-08-05 09:00:00,6.716673608224086e-05
2018-08-05 10:00:00,8.062511399999851e-05
2018-08-05 11:00:00,5.3493722830496587e-05
2018-08-05 12:00:00,3.6657753937780986e-05
2018-08-05 13:00:00,4.089086280220521e-05
2018-08-05 14:00:00,7.667575362805567e-05
2018-08-05 15:00:00,0.0001629355978778
2018-08-05 16:00:00,0.000144458740562
2018-08-05 17:00:00,4.083041880337819e-05
2018-08-05 18:00:00,8.836928081094677e-05
2018-08-05 19:00:00,5.558293411297465e-05
2018-08-05 20:00:00,8.565781994598436e-05
2018-08-05 21:00:00,6.54094084814158e-05
2018-08-05 22:00:00,0.0001178551298686
2018-08-05 23:00:00,7.688437500664517e-05
2018-08-06 00:00:00,4.790895951514298e-05
2018-08-06 01:00:00,5.1454574184344736e-05
2018-08-06 02:00:00,0.0001314417656889
2018-08-06 03:00:00,3.98647712319598e-05
2018-08-06 04:00:00,3.167129531127866e-05
2018-08-06 05:00:00,2.3116938856101746e-05
2018-08-06 06:00:00,5.744040809049561e-05
2018-08-06 07:00:00,2.269496533628304e-05
2018-08-06 08:00:00,5.235040838642616e-05
2018-08-06 09:00:00,7.279233530341786e-05
2018-08-06 10:00:00,7.617925961424875e-05
2018-08-06 11:00:00,5.8313625849651904e-05
2018-08-06 12:00:00,9.38171837784256e-05
2018-08-06 13:00:00,5.485646846425458e-05
2018-08-06 14:00:00,0.0003041268439045
2018-08-06 15:00:00,6.916740102035495e-05
2018-08-06 16:00:00,4.5183531499969705e-05
2018-08-06 17:00:00,0.0001207814980481
2018-08-06 18:00:00,2.648121215334426e-05
2018-08-06 19:00:00,5.461411655694851e-05
2018-08-06 20:00:00,4.2818104067117854e-05
2018-08-06 21:00:00,4.695483340540792e-05
2018-08-06 22:00:00,0.0001892409784844
2018-08-06 23:00:00,0.000124504805118
2018-08-07 00:00:00,0.0001054242320885
2018-08-07 01:00:00,8.895275598610855e-05
2018-08-07 02:00:00,3.2337870386090254e-05
2018-08-07 03:00:00,5.070024216124774e-05
2018-08-07 04:00:00,2.9885002549301945e-05
2018-08-07 05:00:00,2.511493818398321e-05
2018-08-07 06:00:00,2.7524363406625867e-05
2018-08-07 07:00:00,2.5001792656332227e-05
2018-08-07 08:00:00,0.0001816386114337
2018-08-07 09:00:00,4.697875962469211e-05
2018-08-07 10:00:00,5.384672484638861e-05
2018-08-07 11:00:00,5.071804510457504e-05
2018-08-07 12:00:00,9.02059619391613e-05
2018-08-07 13:00:00,8.662070244244912e-05
2018-08-07 14:00:00,7.668080291548096e-05
2018-08-07 15:00:00,3.810138959627587e-05
2018-08-07 16:00:00,4.512696580769479e-05
2018-08-07 17:00:00,4.128894434530275e-05
2018-08-07 18:00:00,2.326687456391509e-05
2018-08-07 19:00:00,3.401479236921022e-05
2018-08-07 20:00:00,5.073453255528205e-05
2018-08-07 21:00:00,0.0004460205239712
2018-08-07 22:00:00,0.0007905994463923
2018-08-07 23:00:00,0.0001394486539837
2018-08-08 00:00:00,0.0001017325019067
2018-08-08 01:00:00,0.0002576535906059
2018-08-08 02:00:00,9.18295194952358e-05
2018-08-08 03:00:00,8.371314984819874e-05
2018-08-08 04:00:00,7.662271678641566e-05
2018-08-08 05:00:00,0.0002120311997801
2018-08-08 06:00:00,0.0003452092849036
2018-08-08 07:00:00,9.246638647093148e-05
2018-08-08 08:00:00,6.798448266389525e-05
2018-08-08 09:00:00,0.0001064723055196
2018-08-08 10:00:00,0.0001214394170123
2018-08-08 11:00:00,7.555389107869808e-05
2018-08-08 12:00:00,9.848435985407732e-05
2018-08-08 13:00:00,0.0001013176421907
2018-08-08 14:00:00,0.0001189199588049
2018-08-08 15:00:00,0.0001576335539723
2018-08-08 16:00:00,6.33945652937092e-05
2018-08-08 17:00:00,0.0006404653054351
2018-08-08 18:00:00,0.0002019648989331
2018-08-08 19:00:00,0.0006262192008954
2018-08-08 20:00:00,0.0002956101416655
2018-08-08 21:00:00,0.0001423095132783
2018-08-08 22:00:00,0.0003066932151061
2018-08-08 23:00:00,0.000183375574956
2018-08-09 00:00:00,0.0002708786503908
2018-08-09 01:00:00,7.857454443210813e-05
2018-08-09 02:00:00,5.603403873338548e-05
2018-08-09 03:00:00,3.118202684339502e-05
2018-08-09 04:00:00,4.331006871896565e-05
2018-08-09 05:00:00,4.167311907625674e-05
2018-08-09 06:00:00,8.483191775512593e-05
2018-08-09 07:00:00,6.812785239560353e-05
2018-08-09 08:00:00,0.0002149148155574
2018-08-09 09:00:00,4.357831757456059e-05
2018-08-09 10:00:00,3.5519519877878705e-05
2018-08-09 11:00:00,3.9569843810006806e-05
2018-08-09 12:00:00,1.9107602149111103e-05
2018-08-09 13:00:00,0.0002308724981395
2018-08-09 14:00:00,0.0007360912815477
2018-08-09 15:00:00,0.0002400592336326
2018-08-09 16:00:00,0.0001226497514814
2018-08-09 17:00:00,6.314580309459101e-05
2018-08-09 18:00:00,4.4321192233693175e-05
2018-08-09 19:00:00,3.269255646890188e-05
2018-08-09 20:00:00,8.49834583010612e-05
2018-08-09 21:00:00,5.915161756221336e-05
2018-08-09 22:00:00,0.0004949319785405
2018-08-09 23:00:00,9.06222140017229e-05
2018-08-10 00:00:00,9.859229191804496e-05
2018-08-10 01:00:00,5.019514003852477e-05
2018-08-10 02:00:00,4.98005601405376e-05
2018-08-10 03:00:00,7.535343452977004e-05
2018-08-10 04:00:00,2.0530216664215925e-05
2018-08-10 05:00:00,0.0001163704026265
2018-08-10 06:00:00,3.2553476101843874e-05
2018-08-10 07:00:00,5.127034059309237e-05
2018-08-10 08:00:00,5.01070499721137e-05
2018-08-10 09:00:00,0.000191645758676
2018-08-10 10:00:00,0.0002603922966484
2018-08-10 11:00:00,6.752294749122393e-05
2018-08-10 12:00:00,0.0002178608466742
2018-08-10 13:00:00,0.000405181646789
2018-08-10 14:00:00,8.118510320137863e-05
2018-08-10 15:00:00,0.0001974680628751
2018-08-10 16:00:00,6.356211617644467e-05
2018-08-10 17:00:00,8.133798627687007e-05
2018-08-10 18:00:00,0.0001547249579362
2018-08-10 19:00:00,0.0001301636276893
2018-08-10 20:00:00,7.409623360541496e-05
2018-08-10 21:00:00,0.0012417677690568
2018-08-10 22:00:00,0.0026910373530543
2018-08-10 23:00:00,0.0003574418107881
2018-08-11 00:00:00,0.0004562513847175
2018-08-11 01:00:00,0.0002267748711497
2018-08-11 02:00:00,0.0001370118274426
2018-08-11 03:00:00,8.249168629203525e-05
2018-08-11 04:00:00,8.142164097833767e-05
2018-08-11 05:00:00,9.639213711030364e-05
2018-08-11 06:00:00,0.0004043095408516
2018-08-11 07:00:00,0.0001416864251148
2018-08-11 08:00:00,9.300400767110802e-05
2018-08-11 09:00:00,0.0001086697247321
2018-08-11 10:00:00,5.829259907215432e-05
2018-08-11 11:00:00,7.388504658620911e-05
2018-08-11 12:00:00,3.7382155648778895e-05
2018-08-11 13:00:00,0.0001273857552931
2018-08-11 14:00:00,7.004141328114474e-05
2018-08-11 15:00:00,9.898456932250998e-05
2018-08-11 16:00:00,0.0001033801960159
2018-08-11 17:00:00,0.0001594103933401
2018-08-11 18:00:00,0.0016691955362514
2018-08-11 19:00:00,0.0001885853926652
2018-08-11 20:00:00,0.0001201382651784
2018-08-11 21:00:00,4.619309312339198e-05
2018-08-11 22:00:00,3.328717306197845e-05
2018-08-11 23:00:00,1.2038982726456674e-05
2018-08-12 00:00:00,0.0002561702187711
2018-08-12 01:00:00,0.0004350143507112
2018-08-12 02:00:00,0.0002114335843628
2018-08-12 03:00:00,2.3028175979078444e-05
2018-08-12 04:00:00,2.328446808802993e-05
2018-08-12 05:00:00,3.4711549731721936e-05
2018-08-12 06:00:00,0.0002628424583216
2018-08-12 07:00:00,0.0001634973088482
2018-08-12 08:00:00,9.091933423929816e-05
2018-08-12 09:00:00,6.264859638172593e-05
2018-08-12 10:00:00,5.867346006545202e-05
2018-08-12 11:00:00,4.682321529131799e-05
2018-08-12 12:00:00,0.0001041239665414
2018-08-12 13:00:00,0.0003042827986592
2018-08-12 14:00:00,7.83024651758554e-05
2018-08-12 15:00:00,0.0002018147869503
2018-08-12 16:00:00,0.0001095807726771
2018-08-12 17:00:00,0.0001754187376078
2018-08-12 18:00:00,0.0001019653226696
2018-08-12 19:00:00,7.752737134503628e-05
2018-08-12 20:00:00,0.00146575797049
2018-08-12 21:00:00,0.0001205358940748
2018-08-12 22:00:00,6.665021407551696e-05
2018-08-12 23:00:00,0.0001126300281612
2018-08-13 00:00:00,7.108652213844681e-05
2018-08-13 01:00:00,2.385214797317813e-05
2018-08-13 02:00:00,9.198149248035945e-06
2018-08-13 03:00:00,1.0183313302912325e-05
2018-08-13 04:00:00,3.3264924865319006e-05
2018-08-13 05:00:00,3.527051063032295e-05
2018-08-13 06:00:00,4.2963919920904685e-05
2018-08-13 07:00:00,0.000421335073599
2018-08-13 08:00:00,4.278102205665362e-05
2018-08-13 09:00:00,0.000309799264136
2018-08-13 10:00:00,3.9721043389541466e-05
2018-08-13 11:00:00,2.467355056901715e-05
2018-08-13 12:00:00,2.8424070728106427e-05
2018-08-13 13:00:00,3.294753569476294e-05
2018-08-13 14:00:00,0.0001121884291596
2018-08-13 15:00:00,7.085603972344365e-05
2018-08-13 16:00:00,0.0002857908449499
2018-08-13 17:00:00,8.971379821937035e-05
2018-08-13 18:00:00,0.0005403459925477
2018-08-13 19:00:00,0.0001244748791977
2018-08-13 20:00:00,0.0001007242529746
2018-08-13 21:00:00,0.0001384783369202
2018-08-13 22:00:00,0.0001114590866352
2018-08-13 23:00:00,9.662887553062578e-05
2018-08-14 00:00:00,5.681075640455954e-05
2018-08-14 01:00:00,0.000139095731018
2018-08-14 02:00:00,0.0003211825669758
2018-08-14 03:00:00,0.0005138371153914
2018-08-14 04:00:00,0.0001142325738685
2018-08-14 05:00:00,7.795283564249356e-05
2018-08-14 06:00:00,3.85374671271552e-05
2018-08-14 07:00:00,6.429893589043744e-05
2018-08-14 08:00:00,0.0002425551273505
2018-08-14 09:00:00,5.966157509085389e-05
2018-08-14 10:00:00,6.080706180693071e-05
2018-08-14 11:00:00,6.0179910650501866e-05
2018-08-14 12:00:00,9.54359625551052e-05
2018-08-14 13:00:00,0.0002837993499013
2018-08-14 14:00:00,0.0001778919256749
2018-08-14 15:00:00,0.000127021865477
2018-08-14 16:00:00,0.0001542705239952
2018-08-14 17:00:00,0.0001039837805738
2018-08-14 18:00:00,0.0001683586445719
2018-08-14 19:00:00,0.0001104570080278
2018-08-14 20:00:00,0.000371309904715
2018-08-14 21:00:00,8.34039979764783e-05
2018-08-14 22:00:00,0.0001437539942576
2018-08-14 23:00:00,0.0002044948869424
2018-08-15 00:00:00,0.0001960539268447
2018-08-15 01:00:00,0.0001031650529555
2018-08-15 02:00:00,5.065846556260596e-05
2018-08-15 03:00:00,0.0001082169421732
2018-08-15 04:00:00,0.0001169399816952
2018-08-15 05:00:00,0.0001477605176298
2018-08-15 06:00:00,4.225047679237302e-05
2018-08-15 07:00:00,3.438098206958164e-05
2018-08-15 08:00:00,0.0002448947756775
2018-08-15 09:00:00,0.0001439814090023
2018-08-15 10:00:00,0.0003350159313684
2018-08-15 11:00:00,0.0001246773279892
2018-08-15 12:00:00,9.118965300667512e-05
2018-08-15 13:00:00,0.000110604897798
2018-08-15 14:00:00,0.000119335556343
2018-08-15 15:00:00,8.63578850677787e-05
2018-08-15 16:00:00,0.0002457004449717
2018-08-15 17:00:00,0.0005239491658613
2018-08-15 18:00:00,0.0001589575811476
2018-08-15 19:00:00,7.695596922456001e-05
2018-08-15 20:00:00,0.0002721763231199
2018-08-15 21:00:00,0.0001780511243898
2018-08-15 22:00:00,0.0001982276047259
2018-08-15 23:00:00,0.0001757730757781
2018-08-16 00:00:00,0.0002342421951611
2018-08-16 01:00:00,0.0001644042072972
2018-08-16 02:00:00,8.803371910428374e-05
2018-08-16 03:00:00,2.739828186626199e-05
2018-08-16 04:00:00,7.335669385790217e-05
2018-08-16 05:00:00,8.69873001753684e-05
2018-08-16 06:00:00,7.229111791982559e-05
2018-08-16 07:00:00,5.0722992826072345e-05
2018-08-16 08:00:00,0.0001216948660414
2018-08-16 09:00:00,0.0001297777905296
2018-08-16 10:00:00,9.0702281304876e-05
2018-08-16 11:00:00,0.0001703984896922
2018-08-16 12:00:00,0.0001193573681047
2018-08-16 13:00:00,0.0002442601337589
2018-08-16 14:00:00,0.0001229261418602
2018-08-16 15:00:00,0.000130346703352
2018-08-16 16:00:00,0.0001539324475357
2018-08-16 17:00:00,8.1351657008212e-05
2018-08-16 18:00:00,0.0001214896542215
2018-08-16 19:00:00,6.622693476828638e-05
2018-08-16 20:00:00,7.072487592347413e-05
2018-08-16 21:00:00,0.0003860051513455
2018-08-16 22:00:00,0.0003104843371055
2018-08-16 23:00:00,0.0001898859560358
2018-08-17 00:00:00,7.779141118316452e-05
2018-08-17 01:00:00,9.583769206373924e-05
2018-08-17 02:00:00,3.784168111741396e-05
2018-08-17 03:00:00,7.375409468339011e-05
2018-08-17 04:00:00,8.614391037352456e-05
2018-08-17 05:00:00,0.0001711259032159
2018-08-17 06:00:00,4.595584036671886e-05
2018-08-17 07:00:00,4.352616268082339e-05
2018-08-17 08:00:00,0.0002158432798768
2018-08-17 10:00:00,7.002313188380317e-05
2018-08-17 11:00:00,0.0001837261991503
2018-08-17 12:00:00,4.686186709651191e-05
2018-08-17 13:00:00,5.117777051828332e-05
2018-08-17 14:00:00,8.253107456651462e-05
2018-08-17 15:00:00,7.21291125573583e-05
2018-08-17 16:00:00,8.30308835532889e-05
2018-08-17 17:00:00,0.0001319978866916
2018-08-17 18:00:00,0.0001846501534061
2018-08-17 19:00:00,5.897773313477647e-05
2018-08-17 20:00:00,3.796482958773917e-05
2018-08-17 21:00:00,0.0001104845019438
2018-08-17 22:00:00,0.0002195324130716
2018-08-17 23:00:00,0.0002755540273364
2018-08-18 00:00:00,0.0001433952505492
2018-08-18 01:00:00,0.0001482203280725
2018-08-18 02:00:00,0.0001736419720156
2018-08-18 03:00:00,8.370684022843608e-05
2018-08-18 04:00:00,8.145950070391219e-05
2018-08-18 05:00:00,8.854682906128557e-05
2018-08-18 06:00:00,9.65834818322634e-05
2018-08-18 07:00:00,0.0001215943296695
2018-08-18 08:00:00,0.0001860987538733
2018-08-18 09:00:00,6.839102482229522e-05
2018-08-18 10:00:00,4.2279256283648417e-05
2018-08-18 11:00:00,8.441787294397473e-05
2018-08-18 12:00:00,9.78511072346164e-05
2018-08-18 13:00:00,8.853410852027472e-05
2018-08-18 14:00:00,0.0004822819657218
2018-08-18 15:00:00,0.000114875786856
2018-08-18 16:00:00,0.0002293079968211
2018-08-18 17:00:00,0.0002521700529453
2018-08-18 18:00:00,0.0001733427158282
2018-08-18 19:00:00,0.0001103576756104
2018-08-18 20:00:00,7.350016975651577e-05
2018-08-18 21:00:00,0.0001599733163176
2018-08-18 22:00:00,0.0001555566321003
2018-08-18 23:00:00,0.0001228285935156
2018-08-19 00:00:00,8.032459626408583e-05
2018-08-19 01:00:00,7.952695404498101e-05
2018-08-19 02:00:00,8.698737871841039e-05
2018-08-19 03:00:00,3.1251417798036886e-05
2018-08-19 04:00:00,7.968837465430739e-05
2018-08-19 05:00:00,3.751283697493149e-05
2018-08-19 06:00:00,9.063573687470058e-05
2018-08-19 07:00:00,5.4977056777428224e-05
2018-08-19 08:00:00,6.209186682843063e-05
2018-08-19 09:00:00,4.0807800896208406e-05
2018-08-19 10:00:00,5.07396233891947e-05
2018-08-19 11:00:00,3.966525529569131e-05
2018-08-19 12:00:00,9.97191058701142e-05
2018-08-19 13:00:00,6.217160388874638e-05
2018-08-19 14:00:00,9.38244506445507e-05
2018-08-19 15:00:00,0.0001301775159031
2018-08-19 16:00:00,0.0001758609480851
2018-08-19 17:00:00,9.58102293244332e-05
2018-08-19 18:00:00,8.561234234794183e-05
2018-08-19 19:00:00,6.568664024497093e-05
2018-08-19 20:00:00,6.329532220671778e-05
2018-08-19 21:00:00,0.0001802811267673
2018-08-19 22:00:00,0.000122444585637
2018-08-19 23:00:00,6.606165090558822e-05
2018-08-20 00:00:00,5.551059641441567e-05
2018-08-20 01:00:00,4.14314750647869e-05
2018-08-20 02:00:00,1.4204038615300812e-05
2018-08-20 03:00:00,3.997746081889272e-05
2018-08-20 04:00:00,2.609546818953088e-05
2018-08-20 05:00:00,3.9406142556835126e-05
2018-08-20 06:00:00,3.0372043381691705e-05
2018-08-20 07:00:00,5.067380331972322e-05
2018-08-20 08:00:00,2.158415953898168e-05
2018-08-20 09:00:00,3.757636125595391e-05
2018-08-20 10:00:00,8.543173365197206e-05
2018-08-20 11:00:00,3.273840425506389e-05
2018-08-20 12:00:00,3.893854368109632e-05
2018-08-20 13:00:00,6.352862051826709e-05
2018-08-20 14:00:00,6.009434780416679e-05
2018-08-20 15:00:00,3.3761409845867446e-05
2018-08-20 16:00:00,7.7905675373411e-05
2018-08-20 17:00:00,7.440543605823937e-05
2018-08-20 18:00:00,4.87397996728181e-05
2018-08-20 19:00:00,2.816477291333173e-05
2018-08-20 20:00:00,3.031302618777029e-05
2018-08-20 21:00:00,4.596640153863524e-05
2018-08-20 22:00:00,5.2022230760192656e-05
2018-08-20 23:00:00,0.0010433282805958
2018-08-21 00:00:00,0.0002493684978964
2018-08-21 01:00:00,5.527255035890305e-05
2018-08-21 02:00:00,2.889579237227861e-05
2018-08-21 03:00:00,3.844445939385746e-05
2018-08-21 04:00:00,2.3767597541076757e-05
2018-08-21 05:00:00,1.9152749914144507e-05
2018-08-21 06:00:00,6.012781166591685e-05
2018-08-21 07:00:00,0.0001011988472773
2018-08-21 08:00:00,5.274778252768504e-05
2018-08-21 09:00:00,9.409181325356592e-05
2018-08-21 10:00:00,5.0110841616741006e-05
2018-08-21 11:00:00,3.537386591383787e-05
2018-08-21 12:00:00,2.741852995218297e-05
2018-08-21 13:00:00,3.5715094105764576e-05
2018-08-21 14:00:00,7.619955654573026e-05
2018-08-21 15:00:00,0.0001077649419335
2018-08-21 16:00:00,6.237079744685516e-05
2018-08-21 17:00:00,8.664575538701087e-05
2018-08-21 18:00:00,8.675399878741698e-05
2018-08-21 19:00:00,9.353772792599784e-05
2018-08-21 20:00:00,6.372063155900825e-05
2018-08-21 21:00:00,8.31209907164756e-05
2018-08-21 22:00:00,0.0002542991549949
2018-08-21 23:00:00,7.386056203665334e-05
2018-08-22 00:00:00,5.70392332345203e-05
2018-08-22 01:00:00,7.945166205408733e-05
2018-08-22 02:00:00,0.0040539510962496
2018-08-22 03:00:00,0.0005290924168192
2018-08-22 04:00:00,8.032440329976159e-05
2018-08-22 05:00:00,6.955294199613984e-05
2018-08-22 06:00:00,8.318943146434573e-05
2018-08-22 07:00:00,6.299503799336348e-05
2018-08-22 08:00:00,4.630611724244483e-05
2018-08-22 09:00:00,4.0702375623551846e-05
2018-08-22 10:00:00,4.458041108203965e-05
2018-08-22 11:00:00,3.2660698990624465e-05
2018-08-22 12:00:00,4.193402516830162e-05
2018-08-22 13:00:00,4.6667569032118096e-05
2018-08-22 14:00:00,1.97025006950166e-05
2018-08-22 15:00:00,2.1596889483932928e-05
2018-08-22 16:00:00,0.0004232828762947
2018-08-22 17:00:00,0.0011591957808054
2018-08-22 18:00:00,4.084421212359772e-05
2018-08-22 19:00:00,5.328545162361655e-05
2018-08-22 20:00:00,3.155263100470138e-05
2018-08-22 21:00:00,0.0005862155645825
2018-08-22 22:00:00,0.0004127885549365
2018-08-22 23:00:00,0.0010600775135119
2018-08-23 00:00:00,0.0001050304428206
2018-08-23 01:00:00,9.603842658887884e-05
2018-08-23 02:00:00,3.880525509394544e-05
2018-08-23 03:00:00,3.301935411101443e-05
2018-08-23 04:00:00,5.332215900336074e-05
2018-08-23 05:00:00,2.5560589950447207e-05
2018-08-23 06:00:00,5.496815686737559e-05
2018-08-23 07:00:00,3.56109128310047e-05
2018-08-23 08:00:00,2.0125869854143404e-05
2018-08-23 09:00:00,1.5984109927194525e-05
2018-08-23 10:00:00,3.398583307730796e-05
2018-08-23 11:00:00,2.8551037811700363e-05
2018-08-23 12:00:00,3.694623327467179e-05
2018-08-23 13:00:00,2.8575875411330024e-05
2018-08-23 14:00:00,5.219310457199424e-05
2018-08-23 15:00:00,0.0001075251045676
2018-08-23 16:00:00,3.281483129588124e-05
2018-08-23 17:00:00,5.945724170598248e-05
2018-08-23 18:00:00,3.6719520328631634e-05
2018-08-23 19:00:00,2.7241389802690288e-05
2018-08-23 20:00:00,0.0001135188117926
2018-08-23 21:00:00,4.3982454469236285e-05
2018-08-23 22:00:00,0.0001906031013568
2018-08-23 23:00:00,0.0002030959383369
2018-08-24 00:00:00,5.343564855998389e-05
2018-08-24 01:00:00,4.852469602109273e-05
2018-08-24 02:00:00,4.282532499153456e-05
2018-08-24 03:00:00,4.755799066783609e-05
2018-08-24 04:00:00,2.8825176912540765e-05
2018-08-24 05:00:00,2.460299791129546e-05
2018-08-24 06:00:00,2.4830115868327324e-05
2018-08-24 07:00:00,2.9225699974435303e-05
2018-08-24 08:00:00,8.037338045394412e-05
2018-08-24 09:00:00,3.2676745514704187e-05
2018-08-24 10:00:00,3.249396107166136e-05
2018-08-24 11:00:00,3.5927215411723144e-05
2018-08-24 12:00:00,5.19145903404536e-05
2018-08-24 13:00:00,7.098664850861825e-05
2018-08-24 14:00:00,0.0001004322645448
2018-08-24 15:00:00,0.000158478813004
2018-08-24 16:00:00,0.0001415373851323
2018-08-24 17:00:00,6.521401855523946e-05
2018-08-24 18:00:00,0.0003280065305429
2018-08-24 19:00:00,9.593344435478951e-05
2018-08-24 20:00:00,5.248656575066617e-05
2018-08-24 21:00:00,4.364538439056751e-05
2018-08-24 22:00:00,0.0001885931374714
2018-08-24 23:00:00,0.0001950124609776
2018-08-25 00:00:00,8.885947896862905e-05
2018-08-25 01:00:00,0.0002607755532577
2018-08-25 02:00:00,9.77039243566902e-05
2018-08-25 03:00:00,0.0001085340679269
2018-08-25 04:00:00,0.0001000289534105
2018-08-25 05:00:00,0.0001758752875812
2018-08-25 06:00:00,5.1146057078932646e-05
2018-08-25 07:00:00,6.255000419900792e-05
2018-08-25 08:00:00,5.757187538808529e-05
2018-08-25 09:00:00,9.213975367987252e-05
2018-08-25 10:00:00,8.53386431315173e-05
2018-08-25 11:00:00,5.741819498938795e-05
2018-08-25 12:00:00,6.204013612300724e-05
2018-08-25 13:00:00,9.038528240311384e-05
2018-08-25 14:00:00,5.604659016158675e-05
2018-08-25 15:00:00,9.624311870357e-05
2018-08-25 16:00:00,0.0001339122448507
2018-08-25 17:00:00,8.19213305790641e-05
2018-08-25 18:00:00,4.432495880161187e-05
2018-08-25 19:00:00,6.432797960102837e-05
2018-08-25 21:00:00,4.4247295003449307e-05
2018-08-25 22:00:00,7.871699419536942e-05
2018-08-25 23:00:00,3.6423750642274216e-05
2018-08-26 00:00:00,7.619724495221926e-05
2018-08-26 01:00:00,0.0001073376488106
2018-08-26 02:00:00,1.528612595196209e-05
2018-08-26 03:00:00,0.0002215589978299
2018-08-26 04:00:00,7.772694298755379e-05
2018-08-26 05:00:00,5.174442195818337e-05
2018-08-26 06:00:00,2.4334967008552396e-05
2018-08-26 07:00:00,6.07114046285369e-05
2018-08-26 08:00:00,4.487637398189183e-05
2018-08-26 09:00:00,4.569632905645472e-05
2018-08-26 10:00:00,4.096861779804126e-05
2018-08-26 11:00:00,6.252239922907655e-05
2018-08-26 12:00:00,4.438546021788539e-05
2018-08-26 13:00:00,4.128464663761327e-05
2018-08-26 14:00:00,8.587174185916743e-05
2018-08-26 15:00:00,4.389892307968155e-05
2018-08-26 16:00:00,5.524482377151736e-05
2018-08-26 17:00:00,8.0413383681405e-05
2018-08-26 18:00:00,9.371804256324148e-05
2018-08-26 19:00:00,4.918451173962534e-05
2018-08-26 20:00:00,5.1150985178336354e-05
2018-08-26 21:00:00,7.31569484725862e-05
2018-08-26 22:00:00,6.492780277241213e-05
2018-08-26 23:00:00,7.28934220099089e-05
2018-08-27 00:00:00,5.2916044260515486e-05
2018-08-27 01:00:00,3.5096311661199694e-05
2018-08-27 02:00:00,3.4065200222343906e-05
2018-08-27 03:00:00,1.5306711341531183e-05
2018-08-27 04:00:00,2.512355432740297e-05
2018-08-27 05:00:00,6.432614628252568e-05
2018-08-27 06:00:00,5.323480137441497e-05
2018-08-27 07:00:00,1.994789860461918e-05
2018-08-27 08:00:00,1.8329338816052505e-05
2018-08-27 09:00:00,3.548796611922976e-05
2018-08-27 10:00:00,2.7099327158924293e-05
2018-08-27 11:00:00,3.4193474392365854e-05
2018-08-27 12:00:00,6.267084437173935e-05
2018-08-27 13:00:00,0.0001266449107408
2018-08-27 14:00:00,4.806258260555474e-05
2018-08-27 15:00:00,5.033070794739294e-05
2018-08-27 16:00:00,3.183261309699561e-05
2018-08-27 17:00:00,3.39878917416848e-05
2018-08-27 18:00:00,2.6939092636027244e-05
2018-08-27 19:00:00,1.9077324974938917e-05
2018-08-27 20:00:00,2.849852803653931e-05
2018-08-27 21:00:00,2.913165908672073e-05
2018-08-27 22:00:00,6.156013507625198e-05
2018-08-27 23:00:00,7.864031472556118e-05
2018-08-28 00:00:00,0.0009982366504325
2018-08-28 01:00:00,7.481861327635783e-05
2018-08-28 02:00:00,8.906955227366533e-05
2018-08-28 03:00:00,3.1449926910674235e-05
2018-08-28 04:00:00,1.458692497710757e-05
2018-08-28 05:00:00,2.513955279710444e-05
2018-08-28 06:00:00,2.0025089765827423e-05
2018-08-28 07:00:00,8.763658271186572e-05
2018-08-28 08:00:00,4.971536770218521e-05
2018-08-28 09:00:00,2.692286921197483e-05
2018-08-28 10:00:00,1.89107680654082e-05
2018-08-28 11:00:00,2.217251699988152e-05
2018-08-28 12:00:00,0.0005645093837455
2018-08-28 13:00:00,5.3721915101258695e-05
2018-08-28 14:00:00,0.0001043680831007
2018-08-28 15:00:00,0.0001003488705005
2018-08-28 16:00:00,4.517134858143816e-05
2018-08-28 17:00:00,6.351326861041951e-05
2018-08-28 18:00:00,8.225984988860203e-05
2018-08-28 19:00:00,3.942546494304568e-05
2018-08-28 20:00:00,8.35094136290739e-05
2018-08-28 21:00:00,8.385385893170396e-05
2018-08-28 22:00:00,0.0001010384022263
2018-08-28 23:00:00,8.376436721448487e-05
2018-08-29 00:00:00,7.376155595390994e-05
2018-08-29 01:00:00,4.072383467503327e-05
2018-08-29 02:00:00,4.5803149822468825e-05
2018-08-29 03:00:00,5.033897801378539e-05
2018-08-29 04:00:00,3.516028131164773e-05
2018-08-29 05:00:00,1.4736158510000096e-05
2018-08-29 06:00:00,5.595214860216207e-06
2018-08-29 07:00:00,3.466082668678819e-05
2018-08-29 08:00:00,5.2673723828781095e-05
2018-08-29 09:00:00,5.857821403792097e-05
2018-08-29 10:00:00,6.420112893695607e-05
2018-08-29 11:00:00,4.0686757375492e-05
2018-08-29 12:00:00,3.947022846066087e-05
2018-08-29 13:00:00,6.143657918116719e-05
2018-08-29 14:00:00,4.583724382222583e-05
2018-08-29 15:00:00,4.269511919965503e-05
2018-08-29 16:00:00,0.000493807533361
2018-08-29 17:00:00,7.770179066977714e-05
2018-08-29 18:00:00,5.373348188473352e-05
2018-08-29 19:00:00,5.936779458633617e-05
2018-08-29 20:00:00,2.677097893646991e-05
2018-08-29 21:00:00,6.735501807048526e-05
2018-08-29 22:00:00,3.633503179018479e-05
2018-08-29 23:00:00,3.4237268396841696e-05
2018-08-30 00:00:00,2.9587861892497256e-05
2018-08-30 01:00:00,1.0282132972601132e-05
2018-08-30 02:00:00,1.4080962359443646e-05
2018-08-30 03:00:00,5.443955907594087e-05
2018-08-30 04:00:00,1.7903106753469872e-05
2018-08-30 05:00:00,2.648571946043832e-05
2018-08-30 06:00:00,6.555593967890028e-05
2018-08-30 07:00:00,7.751824842232275e-05
2018-08-30 08:00:00,2.298621016396685e-05
2018-08-30 09:00:00,5.4698355207658775e-05
2018-08-30 10:00:00,0.0001237605496818
2018-08-30 11:00:00,4.610798630136256e-05
2018-08-30 12:00:00,6.897688355678734e-05
2018-08-30 13:00:00,9.17556520656214e-05
2018-08-30 14:00:00,6.200796027495092e-05
2018-08-30 15:00:00,4.6555823845446016e-05
2018-08-30 16:00:00,4.066507934659432e-05
2018-08-30 17:00:00,3.136989945495657e-05
2018-08-30 18:00:00,2.290534941490385e-05
2018-08-30 19:00:00,5.294914991036571e-05
2018-08-30 20:00:00,3.583825094070972e-05
2018-08-30 21:00:00,0.0001646634590745
2018-08-30 22:00:00,7.868538469360787e-05
2018-08-30 23:00:00,7.344816293666769e-05
2018-08-31 00:00:00,9.4795119682941e-05
2018-08-31 01:00:00,6.222194323970753e-05
2018-08-31 02:00:00,2.831096608294212e-05
2018-08-31 03:00:00,2.10655806923964e-05
2018-08-31 04:00:00,2.0726882421110565e-05
2018-08-31 05:00:00,5.470855505188968e-05
2018-08-31 06:00:00,3.58279183982202e-05
2018-08-31 07:00:00,2.257594365324796e-05
2018-08-31 08:00:00,4.311410003178954e-05
2018-08-31 09:00:00,3.860488645986088e-05
2018-08-31 10:00:00,4.601732081336322e-05
2018-08-31 11:00:00,2.618690938187453e-05
2018-08-31 12:00:00,3.272661267774811e-05
2018-08-31 13:00:00,0.0001226418682795
2018-08-31 14:00:00,4.578060540263793e-05
2018-08-31 15:00:00,5.4411492269024905e-05
2018-08-31 16:00:00,0.0002403222786717
2018-08-31 17:00:00,6.245603077598334e-05
2018-08-31 18:00:00,9.434370154048835e-05
2018-08-31 19:00:00,0.0001103583444072
2018-08-31 20:00:00,3.9096669511893306e-05
2018-08-31 21:00:00,4.283033417202942e-05
2018-08-31 22:00:00,0.0001051529007278
2018-09-03 23:00:00,3.5480055899610366e-05
2018-09-04 00:00:00,3.0872773014805505e-05
2018-09-04 01:00:00,1.4816889441228802e-05
2018-09-04 02:00:00,1.0349517954746291e-05
2018-09-04 03:00:00,4.497949669974148e-05
2018-09-04 04:00:00,1.950709395246448e-05
2018-09-04 05:00:00,3.3013221400796246e-05
2018-09-04 06:00:00,3.7294737833624567e-05
2018-09-04 07:00:00,2.4531644217864952e-05
2018-09-04 08:00:00,3.674661252515123e-05
2018-09-04 09:00:00,3.861199778327608e-05
2018-09-04 10:00:00,3.498775941116311e-05
2018-09-04 11:00:00,3.291238400715436e-05
2018-09-04 12:00:00,6.226925964883395e-05
2018-09-04 13:00:00,0.0001581020183915
2018-09-04 14:00:00,3.904399931226429e-05
2018-09-04 15:00:00,2.128617990106341e-05
2018-09-04 16:00:00,5.802191874382668e-05
2018-09-04 17:00:00,4.775154782130224e-05
2018-09-04 18:00:00,5.282367297224201e-05
2018-09-04 19:00:00,0.000174082756636
2018-09-04 20:00:00,6.24960321665864e-05
2018-09-04 21:00:00,7.031808877456112e-05
2018-09-04 22:00:00,7.325877865498352e-05
2018-09-04 23:00:00,3.5123570355566774e-05
2018-09-05 00:00:00,4.184220968078444e-05
2018-09-05 01:00:00,2.2066919914711373e-05
2018-09-05 02:00:00,7.830653620757195e-05
2018-09-05 03:00:00,7.96430488288062e-05
2018-09-05 04:00:00,2.1823414367774e-05
2018-09-05 05:00:00,1.4721882077587857e-05
2018-09-05 06:00:00,1.949669500296461e-05
2018-09-05 07:00:00,2.938843250020007e-05
2018-09-05 08:00:00,3.967531569071328e-05
2018-09-05 09:00:00,3.1209248878128615e-05
2018-09-05 10:00:00,0.0008296874625337
2018-09-05 11:00:00,0.0018263644278551
2018-09-05 12:00:00,0.0003179704705033
2018-09-05 13:00:00,0.0002146782907185
2018-09-05 14:00:00,0.0001664299718106
2018-09-05 15:00:00,0.0002375711956813
2018-09-05 16:00:00,0.0001779456727171
2018-09-05 17:00:00,0.0006652293079231
2018-09-05 18:00:00,0.000256917440161
2018-09-05 19:00:00,7.417061403621851e-05
2018-09-05 20:00:00,7.456418527800022e-05
2018-09-05 21:00:00,0.0001204186354859
2018-09-05 22:00:00,0.0003510517237835
2018-09-05 23:00:00,0.0001304585252889
2018-09-06 00:00:00,0.0018237909156082
2018-09-06 01:00:00,0.0045035330725794
2018-09-06 02:00:00,0.0003481656792676
2018-09-06 03:00:00,0.0001922183884212
2018-09-06 04:00:00,9.72320774616952e-05
2018-09-06 05:00:00,7.033625043238117e-05
2018-09-06 06:00:00,0.000142879886404
2018-09-06 07:00:00,0.000101640829445
2018-09-06 08:00:00,0.0001353217100514
2018-09-06 09:00:00,5.7171266212284095e-05
2018-09-06 10:00:00,0.0004867416669448
2018-09-06 11:00:00,8.447782846989694e-05
2018-09-06 12:00:00,0.0001165777943814
2018-09-06 13:00:00,7.151498313594954e-05
2018-09-06 14:00:00,0.0001613425146955
2018-09-06 15:00:00,0.0001339111934564
2018-09-06 16:00:00,0.0001508217636376
2018-09-06 17:00:00,5.25111425858527e-05
2018-09-06 18:00:00,7.346650499603661e-05
2018-09-06 19:00:00,0.0004813346124671
2018-09-06 20:00:00,5.207089854679279e-05
2018-09-06 21:00:00,8.337179555916238e-05
2018-09-06 22:00:00,7.988320359615454e-05
2018-09-06 23:00:00,6.754333613118284e-05
2018-09-07 00:00:00,0.0001166947383436
2018-09-07 01:00:00,7.983925016977334e-05
2018-09-07 02:00:00,3.0957938447463296e-05
2018-09-07 03:00:00,5.4976826291358886e-05
2018-09-07 04:00:00,3.398090366405272e-05
2018-09-07 05:00:00,2.5970515612072305e-05
2018-09-07 06:00:00,2.4243453222968803e-05
2018-09-07 07:00:00,0.0001023854885111
2018-09-07 08:00:00,3.239097129544418e-05
2018-09-07 09:00:00,5.772698138407584e-05
2018-09-07 10:00:00,2.1703010279607425e-05
2018-09-07 11:00:00,0.0002302643292475
2018-09-07 12:00:00,7.453945884106044e-05
2018-09-07 13:00:00,7.207798977341902e-05
2018-09-07 14:00:00,5.568846560926797e-05
2018-09-07 15:00:00,8.961734897650238e-05
2018-09-07 16:00:00,0.0001193877628373
2018-09-07 17:00:00,0.0001766811660126
2018-09-07 18:00:00,9.057761231059864e-05
2018-09-07 19:00:00,5.0874897063801545e-05
2018-09-07 20:00:00,3.713014923886396e-05
2018-09-07 21:00:00,7.2258050815626e-05
2018-09-07 22:00:00,9.557814663771372e-05
2018-09-07 23:00:00,3.966398552425413e-05
2018-09-08 00:00:00,3.057588570297645e-05
2018-09-08 01:00:00,4.108916168870978e-05
2018-09-08 02:00:00,3.2460607631233446e-05
2018-09-08 03:00:00,2.152962335701652e-05
2018-09-08 04:00:00,3.294180619685099e-05
2018-09-08 05:00:00,3.0699046189460045e-05
2018-09-08 06:00:00,1.2780068506876004e-05
2018-09-08 07:00:00,2.4460619030781773e-05
2018-09-08 09:00:00,1.6215203691576237e-05
2018-09-08 10:00:00,3.259683787261051e-05
2018-09-08 11:00:00,1.8057364909415744e-05
2018-09-08 12:00:00,3.5511213405968216e-05
2018-09-08 13:00:00,0.0001739144884167
2018-09-08 16:00:00,9.549809614831808e-05
2018-09-08 17:00:00,8.331506477760736e-05
2018-09-08 18:00:00,0.0010171451659626
2018-09-08 19:00:00,0.0004336653456852
2018-09-08 20:00:00,0.0001059683709509
2018-09-08 21:00:00,0.0001925433590425
2018-09-08 22:00:00,4.799073831619167e-05
2018-09-08 23:00:00,3.671166794342428e-05
2018-09-09 00:00:00,3.1094486971256394e-05
2018-09-09 02:00:00,3.626346460709851e-05
2018-09-09 03:00:00,4.9952051570985775e-05
2018-09-09 04:00:00,6.222638019596627e-05
2018-09-09 05:00:00,0.0005026977645631
2018-09-09 06:00:00,4.099477805611228e-05
2018-09-09 07:00:00,3.4129239023042635e-05
2018-09-09 08:00:00,3.5017406536613225e-05
2018-09-09 09:00:00,3.52305070769562e-05
2018-09-09 10:00:00,0.0009819095594987
2018-09-09 11:00:00,0.0001205799446958
2018-09-09 12:00:00,0.0001192666191197
2018-09-09 13:00:00,0.0001179130138049
2018-09-09 14:00:00,0.0001465294711472
2018-09-09 15:00:00,6.600953201473645e-05
2018-09-09 16:00:00,6.13864392904281e-05
2018-09-09 17:00:00,3.436884119130824e-05
2018-09-09 18:00:00,3.324749597388819e-05
2018-09-09 19:00:00,3.91019221907578e-05
2018-09-09 20:00:00,2.6137162266385872e-05
2018-09-09 21:00:00,3.095493483079553e-05
2018-09-09 22:00:00,4.582789121274615e-05
2018-09-09 23:00:00,0.0003920592668059
2018-09-10 00:00:00,0.0001197374306198
2018-09-10 01:00:00,7.22509092352673e-05
2018-09-10 02:00:00,0.0001247533653273
2018-09-10 03:00:00,5.745736955972401e-05
2018-09-10 04:00:00,3.350854012978778e-05
2018-09-10 05:00:00,4.239009316904801e-05
2018-09-10 06:00:00,3.478023698410021e-05
2018-09-10 07:00:00,1.6610489985294494e-05
2018-09-10 08:00:00,3.87769815156762e-05
2018-09-10 09:00:00,2.534850335807014e-05
2018-09-10 10:00:00,5.7159883636162565e-05
2018-09-10 11:00:00,4.9402918735243934e-05
2018-09-10 12:00:00,3.435159685540883e-05
2018-09-10 13:00:00,2.3498268031281585e-05
2018-09-10 14:00:00,3.432201605111909e-05
2018-09-10 15:00:00,6.987321572783628e-05
2018-09-10 16:00:00,4.196756906859596e-05
2018-09-10 17:00:00,8.225910164672972e-05
2018-09-10 18:00:00,7.264461791560046e-05
2018-09-10 19:00:00,2.9085676974906912e-05
2018-09-10 20:00:00,2.458865578762088e-05
2018-09-10 21:00:00,4.1678041166891886e-05
2018-09-10 22:00:00,7.242289922611969e-05
2018-09-11 00:00:00,7.367306185641907e-05
2018-09-11 01:00:00,5.077467829845777e-05
2018-09-11 02:00:00,8.104225536669818e-05
2018-09-11 03:00:00,0.0001036326384856
2018-09-11 04:00:00,3.51082944236603e-05
2018-09-11 05:00:00,3.314605527899881e-05
2018-09-11 06:00:00,3.994954373708412e-05
2018-09-11 07:00:00,4.4322872607321375e-05
2018-09-11 08:00:00,6.352692116837666e-05
2018-09-11 09:00:00,4.167831072092804e-05
2018-09-11 10:00:00,6.31181229168175e-05
2018-09-11 11:00:00,2.993796928565406e-05
2018-09-11 12:00:00,0.0001907824912388
2018-09-11 13:00:00,8.082512677586793e-05
2018-09-11 14:00:00,6.328309457117958e-05
2018-09-11 16:00:00,0.0001526371634577
2018-09-11 17:00:00,5.646033791055768e-05
2018-09-11 18:00:00,3.676405147947463e-05
2018-09-11 19:00:00,0.000142820452131
2018-09-11 20:00:00,7.429981853042431e-05
2018-09-11 21:00:00,0.0001066621415041
2018-09-11 22:00:00,0.0002298863731501
2018-09-11 23:00:00,5.032481691618967e-05
2018-09-12 00:00:00,2.5674187058816884e-05
2018-09-12 01:00:00,3.413357700312311e-05
2018-09-12 02:00:00,2.330472486328068e-05
2018-09-12 03:00:00,2.495469813632433e-05
2018-09-12 04:00:00,4.341315540626527e-05
2018-09-12 05:00:00,2.706224578641843e-05
2018-09-12 06:00:00,2.793449611226506e-05
2018-09-12 07:00:00,4.4007395239195926e-05
2018-09-12 08:00:00,4.519383379495877e-05
2018-09-12 09:00:00,7.302617418365066e-05
2018-09-12 10:00:00,1.6170459242734345e-05
2018-09-12 11:00:00,3.064147389556861e-05
2018-09-12 12:00:00,4.591236307531077e-05
2018-09-12 13:00:00,5.028669335200845e-05
2018-09-12 14:00:00,5.217699343356389e-05
2018-09-12 15:00:00,3.181069891186301e-05
2018-09-12 16:00:00,1.6240523641306918e-05
2018-09-12 17:00:00,2.1926211067269876e-05
2018-09-12 18:00:00,3.572019898217146e-05
2018-09-12 19:00:00,6.959880611135878e-05
2018-09-12 20:00:00,4.323529534267744e-05
2018-09-12 21:00:00,2.4787242634576207e-05
2018-09-12 22:00:00,5.039039400588377e-05
2018-09-12 23:00:00,4.42275210937259e-05
2018-09-13 00:00:00,2.9584325331632426e-05
2018-09-13 01:00:00,9.024116362908912e-05
2018-09-13 02:00:00,2.9356763056062023e-05
2018-09-13 03:00:00,3.830286006283036e-05
2018-09-13 04:00:00,1.2657858321115946e-05
2018-09-13 05:00:00,1.348765350657798e-05
2018-09-13 06:00:00,3.267095208673942e-05
2018-09-13 07:00:00,1.25012186110308e-05
2018-09-13 08:00:00,3.109553112158825e-05
2018-09-13 09:00:00,1.907923020736637e-05
2018-09-13 10:00:00,0.0001178570016224
2018-09-13 11:00:00,2.902051679251302e-05
2018-09-13 12:00:00,2.645960000996371e-05
2018-09-13 13:00:00,0.0001219189469517
2018-09-13 14:00:00,8.599495647081176e-05
2018-09-13 15:00:00,8.289903704717443e-05
2018-09-13 16:00:00,6.764056599638127e-05
2018-09-13 17:00:00,0.000152595291376
2018-09-13 18:00:00,4.550819858875957e-05
2018-09-13 19:00:00,5.182248966980533e-05
2018-09-13 20:00:00,9.645286471560108e-05
2018-09-13 21:00:00,0.0001027774247399
2018-09-13 22:00:00,0.0001048025111025
2018-09-13 23:00:00,7.772914690634492e-05
2018-09-14 00:00:00,0.0001077153078955
2018-09-14 01:00:00,5.760363183719019e-05
2018-09-14 02:00:00,5.3556833464175626e-05
2018-09-14 03:00:00,9.420965030222704e-05
2018-09-14 04:00:00,5.5328475686982354e-05
2018-09-14 05:00:00,3.425546007138849e-05
2018-09-14 06:00:00,3.042991661461045e-05
2018-09-14 07:00:00,5.726410040059984e-06
2018-09-14 08:00:00,5.427539640489363e-05
2018-09-14 09:00:00,0.0003346118838832
2018-09-14 10:00:00,8.28894998982839e-05
2018-09-14 11:00:00,3.453128539134548e-05
2018-09-14 12:00:00,3.420952514203452e-05
2018-09-14 13:00:00,4.944270445427682e-05
2018-09-14 14:00:00,9.588274386741496e-05
2018-09-14 15:00:00,5.015715863575855e-05
2018-09-14 16:00:00,4.0783443881198446e-05
2018-09-14 17:00:00,6.258066375095966e-05
2018-09-14 18:00:00,9.61897223850818e-05
2018-09-14 19:00:00,3.948221264090984e-05
2018-09-14 20:00:00,6.160960260895892e-05
2018-09-14 21:00:00,8.188006309319031e-05
2018-09-14 22:00:00,4.780209949546117e-05
2018-09-14 23:00:00,7.597642332297203e-05
2018-09-15 00:00:00,8.253333937851127e-05
2018-09-15 01:00:00,4.670663704986369e-05
2018-09-15 02:00:00,3.917133056073236e-05
2018-09-15 03:00:00,3.7744858710604925e-05
2018-09-15 04:00:00,3.368807220642262e-05
2018-09-15 05:00:00,2.4312631067982e-05
2018-09-15 07:00:00,1.5047098787651933e-05
2018-09-15 08:00:00,8.923121891425106e-06
2018-09-15 09:00:00,6.192752284792485e-05
2018-09-15 10:00:00,2.5479967255729187e-05
2018-09-15 11:00:00,7.1450938146297e-05
2018-09-15 12:00:00,6.668249582762991e-05
2018-09-15 13:00:00,3.7934135185645616e-05
2018-09-15 14:00:00,7.967456469156689e-05
2018-09-15 15:00:00,6.454205439587808e-05
2018-09-15 16:00:00,4.6322732154678425e-05
2018-09-15 17:00:00,2.6004985277786462e-05
2018-09-15 18:00:00,2.811112593852481e-05
2018-09-15 19:00:00,5.002551266956339e-05
2018-09-15 20:00:00,4.141256653513341e-05
2018-09-15 21:00:00,1.22833113546096e-05
2018-09-15 22:00:00,8.390475739392888e-05
2018-09-15 23:00:00,3.646632253890462e-05
2018-09-16 00:00:00,1.9056540764238823e-05
2018-09-16 01:00:00,2.4102679788393905e-05
2018-09-16 02:00:00,1.8482837635302327e-05
2018-09-16 03:00:00,3.941589520087427e-05
2018-09-16 04:00:00,2.395515652497817e-05
2018-09-16 05:00:00,0.0004017853005797
2018-09-16 06:00:00,5.979741685556549e-05
2018-09-16 07:00:00,2.7225176378715545e-05
2018-09-16 08:00:00,3.177795698998067e-05
2018-09-16 09:00:00,5.065302655747575e-05
2018-09-16 10:00:00,5.112269024752624e-05
2018-09-16 11:00:00,3.52328317559778e-05
2018-09-16 12:00:00,3.542929662920918e-05
2018-09-16 13:00:00,4.770844636208872e-05
2018-09-16 14:00:00,8.407701401031747e-05
2018-09-16 15:00:00,3.819824162243392e-05
2018-09-16 16:00:00,7.634444943075766e-05
2018-09-16 17:00:00,8.767247338019707e-05
2018-09-16 18:00:00,8.279381986634154e-05
2018-09-16 19:00:00,4.254052968764787e-05
2018-09-16 20:00:00,2.958576707713172e-05
2018-09-16 21:00:00,6.722946003575987e-05
2018-09-16 22:00:00,4.074314816973636e-05
2018-09-16 23:00:00,3.576355886437786e-05
2018-09-17 00:00:00,6.0452522281513065e-05
2018-09-17 01:00:00,3.6040187068947376e-05
2018-09-17 02:00:00,7.656052008261358e-06
2018-09-17 03:00:00,3.412626896992201e-05
2018-09-17 04:00:00,2.552048195239397e-05
2018-09-17 05:00:00,4.723330686724797e-05
2018-09-17 06:00:00,3.761324361352296e-05
2018-09-17 07:00:00,3.3716895976784905e-05
2018-09-17 08:00:00,2.1278596577698075e-05
2018-09-17 09:00:00,5.5044481008528855e-05
2018-09-17 10:00:00,0.0002105858166647
2018-09-17 11:00:00,8.196069456162442e-05
2018-09-17 12:00:00,3.1100386902310514e-05
2018-09-17 13:00:00,6.763763933686545e-05
2018-09-17 14:00:00,0.0001134870471387
2018-09-17 15:00:00,0.000307469907251
2018-09-17 16:00:00,0.0004541236099018
2018-09-17 17:00:00,8.039297636395469e-05
2018-09-17 18:00:00,0.0001059673116407
2018-09-17 19:00:00,8.401507581263708e-05
2018-09-17 20:00:00,9.606685363364592e-05
2018-09-17 21:00:00,0.0001961343971544
2018-09-17 22:00:00,8.550031075249655e-05
2018-09-17 23:00:00,6.006518936184446e-05
2018-09-18 00:00:00,5.131381331353029e-05
2018-09-18 01:00:00,3.55709680860998e-05
2018-09-18 02:00:00,1.410357139550876e-05
2018-09-18 03:00:00,1.7583305188599846e-05
2018-09-18 04:00:00,1.6084730069392507e-05
2018-09-18 05:00:00,3.6874737079086615e-05
2018-09-18 06:00:00,2.59119495750814e-05
2018-09-18 07:00:00,2.149876526089063e-05
2018-09-18 08:00:00,1.8149583476220825e-05
2018-09-18 09:00:00,6.453685254898743e-05
2018-09-18 10:00:00,4.677674663929682e-05
2018-09-18 11:00:00,5.967130674950092e-05
2018-09-18 12:00:00,5.636207367888447e-05
2018-09-18 13:00:00,0.0001431579243207
2018-09-18 14:00:00,0.0001118714320164
2018-09-18 15:00:00,6.924308542269247e-05
2018-09-18 16:00:00,3.9837216304502086e-05
2018-09-18 17:00:00,3.138203235589411e-05
2018-09-18 18:00:00,5.295423505060279e-05
2018-09-18 19:00:00,5.608993418997395e-05
2018-09-18 20:00:00,0.0005365730996314
2018-09-18 21:00:00,3.967963839779635e-05
2018-09-18 22:00:00,7.440453690261028e-05
2018-09-18 23:00:00,0.0001071220842707
2018-09-19 00:00:00,3.923513222290952e-05
2018-09-19 01:00:00,2.2825475272519697e-05
2018-09-19 02:00:00,1.5027463639424742e-05
2018-09-19 03:00:00,1.11759726297904e-05
2018-09-19 04:00:00,5.4217075991323503e-05
2018-09-19 05:00:00,2.314319012255264e-05
2018-09-19 06:00:00,1.0805534721263604e-05
2018-09-19 07:00:00,1.017287669516863e-05
2018-09-19 08:00:00,2.2046028932889337e-05
2018-09-19 09:00:00,6.2699810585994365e-06
2018-09-19 10:00:00,2.650844214157697e-05
2018-09-19 11:00:00,6.02338368287876e-06
2018-09-19 12:00:00,5.887518800874387e-05
2018-09-19 13:00:00,5.094130732257021e-05
2018-09-19 14:00:00,3.46690892860165e-05
2018-09-19 15:00:00,5.000920465160596e-05
2018-09-19 16:00:00,1.4155924350496167e-05
2018-09-19 17:00:00,1.9061345246891056e-05
2018-09-19 18:00:00,3.115780687125222e-05
2018-09-19 19:00:00,0.0003162570166444
2018-09-19 20:00:00,0.0013492631501132
2018-09-19 21:00:00,6.0226174924052384e-05
2018-09-19 22:00:00,9.636700595531482e-05
2018-09-19 23:00:00,8.49795056632231e-05
2018-09-20 00:00:00,2.594216904039576e-05
2018-09-20 01:00:00,2.6275105810715863e-05
2018-09-20 02:00:00,7.950605897559481e-05
2018-09-20 03:00:00,6.33981431527568e-05
2018-09-20 04:00:00,2.4939243363815665e-05
2018-09-20 05:00:00,2.157660755351627e-05
2018-09-20 06:00:00,1.1039520473748834e-05
2018-09-20 07:00:00,2.408834510499193e-05
2018-09-20 08:00:00,1.7617659098847193e-05
2018-09-20 09:00:00,2.7149787496674916e-05
2018-09-20 10:00:00,1.1288166967413554e-05
2018-09-20 11:00:00,1.2652456369979205e-05
2018-09-20 12:00:00,6.331241403280996e-05
2018-09-20 13:00:00,3.369105956363601e-05
2018-09-20 14:00:00,4.1671501665144336e-05
2018-09-20 15:00:00,1.1199918643279646e-05
2018-09-20 16:00:00,1.0374911743645312e-05
2018-09-20 17:00:00,1.2321290409577851e-05
2018-09-20 18:00:00,1.9202629512096547e-05
2018-09-20 19:00:00,3.38980780440134e-05
2018-09-20 20:00:00,2.374324812126581e-05
2018-09-20 21:00:00,0.0001478016691632
2018-09-20 22:00:00,0.000262936527355
2018-09-20 23:00:00,0.0002528536512754
2018-09-21 00:00:00,0.0001310299636696
2018-09-21 01:00:00,0.0001462784706596
2018-09-21 02:00:00,3.336501504844055e-05
2018-09-21 03:00:00,5.992640774162458e-05
2018-09-21 04:00:00,4.574342122950322e-05
2018-09-21 05:00:00,2.6524037025089048e-05
2018-09-21 06:00:00,4.166571989862352e-05
2018-09-21 07:00:00,1.922772543559692e-05
2018-09-21 08:00:00,0.000131154556891
2018-09-21 09:00:00,0.0003074724649904
2018-09-21 10:00:00,0.0003793987672652
2018-09-21 11:00:00,5.02290369568656e-05
2018-09-21 12:00:00,0.0001501340547745
2018-09-21 13:00:00,0.0001251462603545
2018-09-21 14:00:00,0.0001759273012297
2018-09-21 15:00:00,0.0001981878624563
2018-09-21 16:00:00,0.0004639427657318
2018-09-21 17:00:00,0.0003520803439988
2018-09-21 18:00:00,0.0002459853932117
2018-09-21 19:00:00,6.562460326370048e-05
2018-09-21 20:00:00,0.0001132876676122
2018-09-21 21:00:00,0.0001458483137042
2018-09-21 22:00:00,0.000139852502769
2018-09-21 23:00:00,7.625425762770601e-05
2018-09-22 00:00:00,6.596999029319089e-05
2018-09-22 01:00:00,0.0001936916343602
2018-09-22 02:00:00,5.637459542717177e-05
2018-09-22 03:00:00,3.941913065438537e-05
2018-09-22 04:00:00,6.785224222781817e-05
2018-09-22 05:00:00,0.0001650231181437
2018-09-22 06:00:00,7.545354903890296e-05
2018-09-22 07:00:00,4.277518955793939e-05
2018-09-22 08:00:00,4.665095806296055e-05
2018-09-22 09:00:00,0.0001773993230122
2018-09-22 10:00:00,8.0479892262725e-05
2018-09-22 11:00:00,2.825532802569848e-05
2018-09-22 12:00:00,7.179998267648598e-05
2018-09-22 13:00:00,6.117544054316222e-05
2018-09-22 14:00:00,6.790534146260522e-05
2018-09-22 15:00:00,1.8709535351149983e-05
2018-09-22 16:00:00,6.338098148461585e-05
2018-09-22 17:00:00,4.229937664439398e-05
2018-09-22 18:00:00,2.035628933071774e-05
2018-09-22 19:00:00,0.0002087565662518
2018-09-22 20:00:00,2.391565187756038e-05
2018-09-22 21:00:00,4.647007199747711e-05
2018-09-22 22:00:00,4.542166247611846e-05
2018-09-22 23:00:00,1.01156132679415e-05
2018-09-23 00:00:00,7.530678002051752e-06
2018-09-23 01:00:00,3.581062865083572e-05
2018-09-23 02:00:00,1.5133758709369128e-05
2018-09-23 03:00:00,2.066007272864965e-06
2018-09-23 04:00:00,6.252036741643469e-06
2018-09-23 05:00:00,8.58368952874352e-06
2018-09-23 06:00:00,8.096291550077116e-06
2018-09-23 07:00:00,9.330038768885345e-06
2018-09-23 08:00:00,2.5812748735104745e-06
2018-09-23 09:00:00,1.440458235812286e-05
2018-09-23 10:00:00,0.0001175704954044
2018-09-23 11:00:00,7.388868008343418e-05
2018-09-23 12:00:00,2.0651233259548978e-05
2018-09-23 13:00:00,5.1424115897141935e-05
2018-09-23 14:00:00,1.0639682385975184e-05
2018-09-23 15:00:00,8.37926755997798e-05
2018-09-23 16:00:00,9.08655579276813e-05
2018-09-23 17:00:00,4.326411737239869e-05
2018-09-23 18:00:00,2.026735744594059e-05
2018-09-23 19:00:00,1.6269363461902197e-05
2018-09-23 20:00:00,2.679978084450614e-05
2018-09-23 21:00:00,2.3027963664048426e-05
2018-09-23 22:00:00,3.974807025756081e-05
2018-09-23 23:00:00,6.566247086186126e-05
2018-09-24 00:00:00,1.700386932303391e-05
2018-09-24 01:00:00,1.679417253617266e-05
2018-09-24 02:00:00,1.3810234522244728e-05
2018-09-24 03:00:00,5.974924251721241e-06
2018-09-24 04:00:00,6.402432520036989e-06
2018-09-24 05:00:00,2.1355044532943005e-05
2018-09-24 06:00:00,1.0129340650807215e-05
2018-09-24 07:00:00,5.61896695367551e-05
2018-09-24 08:00:00,2.1970168545020888e-05
2018-09-24 09:00:00,3.4417304889281105e-05
2018-09-24 10:00:00,0.0001877294721875
2018-09-24 11:00:00,2.407875107800599e-05
2018-09-24 12:00:00,3.0422323928957592e-05
2018-09-24 13:00:00,4.986087624131002e-05
2018-09-24 14:00:00,1.7155293365884652e-05
2018-09-24 15:00:00,1.266201254235711e-05
2018-09-24 16:00:00,9.463025102876757e-06
2018-09-24 17:00:00,1.318169374714432e-05
2018-09-24 18:00:00,2.819928130138436e-05
2018-09-24 19:00:00,1.854016097818578e-05
2018-09-24 20:00:00,1.1068223843714196e-05
2018-09-24 21:00:00,3.744860501187897e-05
2018-09-24 22:00:00,3.551942978884162e-05
2018-09-24 23:00:00,7.539762586908934e-05
2018-09-25 00:00:00,0.0001069413737841
2018-09-25 01:00:00,0.0001554357133318
2018-09-25 02:00:00,0.0001619425639739
2018-09-25 03:00:00,5.822998601117245e-05
2018-09-25 04:00:00,7.221449126474199e-05
2018-09-25 05:00:00,3.481244821909305e-05
2018-09-25 06:00:00,1.0281437333977524e-05
2018-09-25 07:00:00,3.37535323474004e-05
2018-09-25 08:00:00,8.296410395697713e-05
2018-09-25 09:00:00,4.878189440294128e-05
2018-09-25 10:00:00,2.6362248773138e-05
2018-09-25 11:00:00,2.1015378940181508e-05
2018-09-25 12:00:00,3.3666363395995464e-05
2018-09-25 13:00:00,5.242935376127331e-05
2018-09-25 14:00:00,5.5750666267890793e-05
2018-09-25 15:00:00,4.2056600330595855e-05
2018-09-25 16:00:00,8.866755274746513e-05
2018-09-25 17:00:00,3.285940251243892e-05
2018-09-25 18:00:00,4.71374488066735e-05
2018-09-25 19:00:00,0.0001590608749187
2018-09-25 20:00:00,4.611178058089441e-05
2018-09-25 21:00:00,0.0002950654257042
2018-09-25 22:00:00,0.0002153685106615
2018-09-25 23:00:00,4.51286224133706e-05
2018-09-26 00:00:00,0.0001044390475976
2018-09-26 01:00:00,2.2510465662156217e-05
2018-09-26 02:00:00,1.8987605373581403e-05
2018-09-26 03:00:00,1.066784088913677e-05
2018-09-26 04:00:00,1.791380223831712e-05
2018-09-26 05:00:00,4.319443986796983e-06
2018-09-26 06:00:00,4.53508853210531e-05
2018-09-26 07:00:00,1.0764090999582694e-05
2018-09-26 08:00:00,2.5289814513848886e-05
2018-09-26 09:00:00,2.174611366439073e-05
2018-09-26 10:00:00,3.257508464434163e-05
2018-09-26 11:00:00,2.2868052628628213e-05
2018-09-26 12:00:00,9.551630078814213e-05
2018-09-26 13:00:00,4.3526991015589134e-05
2018-09-26 14:00:00,2.071984894422379e-05
2018-09-26 15:00:00,2.2064352539497748e-05
2018-09-26 16:00:00,7.928380859608647e-05
2018-09-26 17:00:00,5.0811532970845685e-05
2018-09-26 18:00:00,2.2899565929704208e-05
2018-09-26 19:00:00,1.2278241087136056e-05
2018-09-26 20:00:00,1.8224517100160844e-05
2018-09-26 21:00:00,5.748417429798891e-06
2018-09-26 22:00:00,5.589249398576672e-05
2018-09-26 23:00:00,7.183785606662304e-05
2018-09-27 00:00:00,5.91895172984838e-05
2018-09-27 01:00:00,7.526707817937856e-05
2018-09-27 02:00:00,2.1340695584855207e-05
2018-09-27 03:00:00,1.1172900184731803e-05
2018-09-27 04:00:00,7.54378072156589e-06
2018-09-27 05:00:00,8.30406495353113e-06
2018-09-27 06:00:00,8.125545509893941e-06
2018-09-27 07:00:00,2.344411242135621e-05
2018-09-27 08:00:00,2.755471339027635e-05
2018-09-27 09:00:00,3.444567258443179e-05
2018-09-27 10:00:00,3.288244559445601e-05
2018-09-27 11:00:00,3.006864006996882e-05
2018-09-27 12:00:00,3.0982890592524324e-05
2018-09-27 13:00:00,3.426242525034305e-05
2018-09-27 14:00:00,6.09996772810157e-05
2018-09-27 15:00:00,2.2879481046591266e-05
2018-09-27 16:00:00,2.316894003866395e-05
2018-09-27 17:00:00,1.3458126299581711e-05
2018-09-27 18:00:00,1.2908072406456472e-05
2018-09-27 19:00:00,1.769856175177371e-05
2018-09-27 20:00:00,0.0002393124554016
2018-09-27 21:00:00,0.0002562210551916
2018-09-27 22:00:00,5.24113746123616e-05
2018-09-27 23:00:00,7.7469012604e-05
2018-09-28 00:00:00,5.981279384747372e-05
2018-09-28 01:00:00,2.8105200295389547e-05
2018-09-28 02:00:00,1.333703193260178e-05
2018-09-28 03:00:00,4.492918191201249e-05
2018-09-28 04:00:00,1.22871829063021e-05
2018-09-28 05:00:00,6.937302547189944e-06
2018-09-28 06:00:00,6.214352565790613e-06
2018-09-28 07:00:00,5.761658959709407e-05
2018-09-28 08:00:00,0.0001073082702054
2018-09-28 09:00:00,3.8646569465097936e-05
2018-09-28 10:00:00,0.0002670296880363
2018-09-28 11:00:00,4.312825557719492e-05
2018-09-28 12:00:00,6.016812680188475e-05
2018-09-28 13:00:00,9.070100300922272e-05
2018-09-28 14:00:00,7.641888885281658e-05
2018-09-28 15:00:00,7.273629611259583e-05
2018-09-28 16:00:00,5.751298553599055e-05
2018-09-28 17:00:00,2.613070931723972e-05
2018-09-28 18:00:00,3.728889359452813e-05
2018-09-28 19:00:00,1.74004700789464e-05
2018-09-28 20:00:00,0.0004014758638371
2018-09-28 21:00:00,4.750198191369536e-05
2018-09-28 22:00:00,2.874757138464135e-05
2018-09-28 23:00:00,2.9889668563062257e-05
2018-09-29 00:00:00,1.977094088125108e-05
2018-09-29 01:00:00,2.3360952588119245e-05
2018-09-29 02:00:00,0.0001106732420622
2018-09-29 03:00:00,5.466415116353444e-05
2018-09-29 04:00:00,3.494456508553554e-05
2018-09-29 05:00:00,5.918821816953752e-05
2018-09-29 06:00:00,2.0289899764763603e-05
2018-09-29 07:00:00,5.255452511956228e-05
2018-09-29 09:00:00,7.062563676732761e-05
2018-09-29 10:00:00,5.5786095246786496e-05
2018-09-29 11:00:00,8.87605591754555e-05
2018-09-29 12:00:00,9.168562114603908e-05
2018-09-29 13:00:00,8.14414033292173e-05
2018-09-29 14:00:00,0.0001057924561472
2018-09-29 15:00:00,7.793771694715894e-05
2018-09-29 16:00:00,0.000125826214483
2018-09-29 17:00:00,5.38241094525567e-05
2018-09-29 18:00:00,5.619581193571556e-05
2018-09-29 19:00:00,3.555528843868979e-05
2018-09-29 20:00:00,4.066464930205473e-05
2018-09-29 21:00:00,0.0001762176855184
2018-09-29 22:00:00,0.0001213564550136
2018-09-29 23:00:00,5.290579339138813e-05
2018-09-30 00:00:00,0.0001647487503607
2018-09-30 01:00:00,0.0001506985599733
2018-09-30 02:00:00,0.0001113472859542
2018-09-30 03:00:00,2.273577706416652e-05
2018-09-30 04:00:00,1.6839900778708e-05
2018-09-30 05:00:00,7.738999256490754e-06
2018-09-30 06:00:00,8.26794817231437e-06
2018-09-30 07:00:00,5.08496187976604e-06
2018-09-30 08:00:00,1.3560278903519936e-05
2018-09-30 09:00:00,1.4971340623730347e-05
2018-09-30 10:00:00,1.972117896646692e-05
2018-09-30 11:00:00,7.373094171002872e-05
2018-09-30 12:00:00,2.3174300312664566e-05
2018-09-30 13:00:00,3.3902366638741985e-05
2018-09-30 14:00:00,9.723424684928986e-06
2018-09-30 15:00:00,1.6376333212833746e-05
2018-09-30 16:00:00,3.204149417606916e-05
2018-09-30 17:00:00,2.534786022763628e-05
2018-09-30 18:00:00,2.535890568698596e-05
2018-09-30 19:00:00,1.3662062953602936e-05
2018-09-30 20:00:00,2.388504090401753e-05
2018-09-30 21:00:00,8.920338692522082e-05
