datetime,RF
2018-07-03 23:00:00,0.00015078046923722564
2018-07-04 00:00:00,0.00021637452559578516
2018-07-04 01:00:00,0.000202907935439538
2018-07-04 02:00:00,0.00023463563857866864
2018-07-04 03:00:00,0.00016959975651620492
2018-07-04 04:00:00,0.00018859906881026084
2018-07-04 05:00:00,0.00017926488080033552
2018-07-04 06:00:00,0.00015653384630723828
2018-07-04 07:00:00,0.00015327822546034315
2018-07-04 08:00:00,0.00015733371656293587
2018-07-04 09:00:00,0.00019586632880060369
2018-07-04 10:00:00,0.00015856233294448305
2018-07-04 11:00:00,0.00025587366180441427
2018-07-04 12:00:00,0.00018121366029756923
2018-07-04 13:00:00,0.00025434667704938684
2018-07-04 14:00:00,0.00038106992006308946
2018-07-04 15:00:00,0.0002860933829441194
2018-07-04 16:00:00,0.00017205470620093726
2018-07-04 17:00:00,0.00018691999231394514
2018-07-04 18:00:00,0.00018036601280912813
2018-07-04 19:00:00,0.00017751984679426872
2018-07-04 20:00:00,0.00015786999725177282
2018-07-04 21:00:00,0.00012090557151098578
2018-07-04 22:00:00,0.0001692864541643814
2018-07-04 23:00:00,0.00023942191369107367
2018-07-05 00:00:00,0.00026289882820139214
2018-07-05 01:00:00,0.0002875592117032831
2018-07-05 02:00:00,0.00029752979058283877
2018-07-05 03:00:00,0.00024731769658526196
2018-07-05 04:00:00,0.00017905773063952806
2018-07-05 06:00:00,0.00017290673020759108
2018-07-05 07:00:00,0.00016355019537929932
2018-07-05 08:00:00,0.00018291615265134643
2018-07-05 09:00:00,0.0001540827353148056
2018-07-05 10:00:00,0.0002430233165014458
2018-07-05 11:00:00,0.0001786049585754406
2018-07-05 12:00:00,0.00019176412410867627
2018-07-05 13:00:00,0.00019691312443295865
2018-07-05 14:00:00,0.0002087594283879929
2018-07-05 15:00:00,0.00023667308392315962
2018-07-05 16:00:00,0.00018870202040823406
2018-07-05 17:00:00,0.0001303610273156418
2018-07-05 18:00:00,0.00015505190074900123
2018-07-05 19:00:00,0.00022192101770258726
2018-07-05 20:00:00,0.00015233376931533436
2018-07-05 21:00:00,0.00015320786723710584
2018-07-05 22:00:00,0.0001819404948235766
2018-07-05 23:00:00,0.00016235204807582757
2018-07-06 00:00:00,0.00015222228040499887
2018-07-06 01:00:00,0.0001535818386422339
2018-07-06 02:00:00,9.694836935575795e-05
2018-07-06 03:00:00,9.276626517262295e-05
2018-07-06 04:00:00,9.313351122578904e-05
2018-07-06 05:00:00,0.00015762023115725135
2018-07-06 06:00:00,0.00011917191050367159
2018-07-06 07:00:00,0.0001837067440787109
2018-07-06 08:00:00,0.00022624628603924027
2018-07-06 09:00:00,0.00019610322388970822
2018-07-06 10:00:00,0.0001608782077664705
2018-07-06 11:00:00,0.00016677612690531562
2018-07-06 12:00:00,0.0001813096878887873
2018-07-06 13:00:00,0.00027496082646271563
2018-07-06 14:00:00,0.00023675840793942947
2018-07-06 15:00:00,0.00016032739671013882
2018-07-06 16:00:00,0.0001436102329541523
2018-07-06 17:00:00,0.00010240928279249389
2018-07-06 18:00:00,0.00018960809331510046
2018-07-06 19:00:00,0.00019445605871832295
2018-07-06 20:00:00,0.00011323599548051682
2018-07-06 21:00:00,0.0001546289734790527
2018-07-06 22:00:00,0.00016913638619787803
2018-07-06 23:00:00,0.00018834126100710286
2018-07-07 00:00:00,0.00016068341279903614
2018-07-07 01:00:00,0.00011867021214520272
2018-07-07 02:00:00,9.836480074888899e-05
2018-07-07 03:00:00,0.00011699827213596671
2018-07-07 04:00:00,0.00010568510314033341
2018-07-07 05:00:00,9.943627786861833e-05
2018-07-07 06:00:00,9.925973981433976e-05
2018-07-07 07:00:00,0.00010357415529130786
2018-07-07 08:00:00,0.00010185790599885005
2018-07-07 09:00:00,0.00010296293036562049
2018-07-07 10:00:00,0.00010340948750683418
2018-07-07 11:00:00,9.675064473645469e-05
2018-07-07 12:00:00,0.00010122222562056306
2018-07-07 13:00:00,0.00015170190089741476
2018-07-07 14:00:00,0.0002123491155820125
2018-07-07 15:00:00,0.00016917651786221483
2018-07-07 16:00:00,0.00013228240200291688
2018-07-07 17:00:00,0.00010331657461521584
2018-07-07 18:00:00,0.00010226608596889707
2018-07-07 19:00:00,0.00010241015160092012
2018-07-07 20:00:00,9.973807250343728e-05
2018-07-07 21:00:00,0.0001174107761499764
2018-07-07 22:00:00,9.996608144687801e-05
2018-07-07 23:00:00,0.00015229311263799633
2018-07-08 00:00:00,0.00044134358122934473
2018-07-08 01:00:00,0.00034425883464695014
2018-07-08 02:00:00,0.00026086144813681437
2018-07-08 03:00:00,0.0002857997746294996
2018-07-08 04:00:00,0.00022393542188584435
2018-07-08 05:00:00,0.00012961882854747286
2018-07-08 06:00:00,0.00018451951681062437
2018-07-08 07:00:00,0.00015045857633164388
2018-07-08 08:00:00,0.00012269478619701812
2018-07-08 09:00:00,0.00013856120720116548
2018-07-08 10:00:00,0.00016861914453538258
2018-07-08 11:00:00,0.00017437361138661507
2018-07-08 12:00:00,0.00011738048845484777
2018-07-08 13:00:00,0.0001619053401852622
2018-07-08 14:00:00,0.00017394023286498834
2018-07-08 15:00:00,0.00028770934717788104
2018-07-08 16:00:00,0.0001465663653638304
2018-07-08 17:00:00,0.00010840283469127901
2018-07-08 18:00:00,0.00011549637628102943
2018-07-08 19:00:00,0.000118968171643303
2018-07-08 20:00:00,0.00012702305862239893
2018-07-08 21:00:00,0.00013310500249453117
2018-07-08 22:00:00,0.0001291835282180297
2018-07-08 23:00:00,0.00011369457754052463
2018-07-09 00:00:00,0.00022426797717802773
2018-07-09 01:00:00,0.00016282880257463176
2018-07-09 02:00:00,0.00013300300553603192
2018-07-09 03:00:00,9.503704383780031e-05
2018-07-09 04:00:00,8.842748137780991e-05
2018-07-09 05:00:00,0.00015812001126551287
2018-07-09 06:00:00,9.863700303131436e-05
2018-07-09 07:00:00,0.0001506335368456012
2018-07-09 08:00:00,0.00013413602488080396
2018-07-09 09:00:00,0.0001215233277876742
2018-07-09 10:00:00,0.0001804665662749362
2018-07-09 11:00:00,0.0001078823940576935
2018-07-09 12:00:00,0.0001454341833188836
2018-07-09 13:00:00,0.00016834649321746385
2018-07-09 15:00:00,0.0001280174982734561
2018-07-09 16:00:00,9.558138463107058e-05
2018-07-09 17:00:00,0.00021082053840739104
2018-07-09 18:00:00,0.00018650793170593211
2018-07-09 19:00:00,0.00010515941849540844
2018-07-09 20:00:00,8.860157376955272e-05
2018-07-09 21:00:00,8.47093568240999e-05
2018-07-09 22:00:00,8.731852744131392e-05
2018-07-09 23:00:00,0.00025256864362714664
2018-07-10 00:00:00,0.00030829989396754376
2018-07-10 01:00:00,0.0001944035573235975
2018-07-10 02:00:00,0.00014350502758688787
2018-07-10 03:00:00,0.00019286810475801052
2018-07-10 04:00:00,0.0001743073990354871
2018-07-10 05:00:00,0.00013282924587795311
2018-07-10 06:00:00,9.851468874267987e-05
2018-07-10 07:00:00,0.0002915856980178579
2018-07-10 08:00:00,0.00018015836067240983
2018-07-10 09:00:00,0.00021213848934868867
2018-07-10 10:00:00,0.00036347067691105907
2018-07-10 11:00:00,0.00028813402953242024
2018-07-10 12:00:00,0.0003984506216574523
2018-07-10 13:00:00,0.00031141272945693876
2018-07-10 14:00:00,0.00020530813819638472
2018-07-10 15:00:00,0.00018727246931573026
2018-07-10 16:00:00,0.00011840621430346572
2018-07-10 17:00:00,0.00016062767442379805
2018-07-10 18:00:00,0.00015537730056919405
2018-07-10 19:00:00,0.00012106372904724704
2018-07-10 20:00:00,0.00010099671246945228
2018-07-10 21:00:00,0.00010575149856674394
2018-07-10 22:00:00,0.00017964569878680065
2018-07-11 00:00:00,0.0002183179858920724
2018-07-11 01:00:00,0.0002868428869806547
2018-07-11 02:00:00,0.00015139597915535944
2018-07-11 03:00:00,0.00018224612746973174
2018-07-11 04:00:00,0.0001227961940795454
2018-07-11 05:00:00,0.0001654933063889582
2018-07-11 06:00:00,0.00018783422815025675
2018-07-11 07:00:00,0.00019678945854285278
2018-07-11 08:00:00,0.00018259162226312456
2018-07-11 09:00:00,0.0001449029055281755
2018-07-11 10:00:00,0.00017964948882943487
2018-07-11 12:00:00,0.00014646353807528192
2018-07-11 13:00:00,0.00015651083890412976
2018-07-11 14:00:00,0.0001546951484483066
2018-07-11 15:00:00,0.0001187293310009551
2018-07-11 16:00:00,8.886149644911419e-05
2018-07-11 17:00:00,0.00011447407052425714
2018-07-11 18:00:00,0.0001234753271803465
2018-07-11 19:00:00,0.0001195058179752375
2018-07-11 20:00:00,0.000149822919899541
2018-07-11 21:00:00,0.00011540546022046118
2018-07-11 22:00:00,0.00014734453340954965
2018-07-11 23:00:00,0.00015236592290663207
2018-07-12 00:00:00,9.502751099350833e-05
2018-07-12 01:00:00,8.40261475737091e-05
2018-07-12 02:00:00,0.00010010849649253228
2018-07-12 03:00:00,0.00014406631651856604
2018-07-12 04:00:00,9.351924596119896e-05
2018-07-12 05:00:00,7.483534958234332e-05
2018-07-12 06:00:00,8.173680313407146e-05
2018-07-12 07:00:00,0.0002564383736774468
2018-07-12 08:00:00,0.0002550210769216582
2018-07-12 09:00:00,0.00048298788088154234
2018-07-12 10:00:00,0.0002028510406172387
2018-07-12 11:00:00,0.0001527364609060251
2018-07-12 12:00:00,0.00017849443634327674
2018-07-12 13:00:00,0.0001372897696417163
2018-07-12 14:00:00,0.00010273719750830226
2018-07-12 15:00:00,0.00010074906929993101
2018-07-12 16:00:00,0.0001307699541793208
2018-07-12 17:00:00,0.00013934785496099022
2018-07-12 18:00:00,9.938315902115064e-05
2018-07-12 19:00:00,9.394749503959107e-05
2018-07-12 20:00:00,9.617064003798582e-05
2018-07-12 21:00:00,0.00010172470544055489
2018-07-12 22:00:00,0.000166580914037582
2018-07-12 23:00:00,0.00019777625044142743
2018-07-13 00:00:00,0.00040597555209532566
2018-07-13 01:00:00,0.00030696861273002787
2018-07-13 02:00:00,0.00012891071521619506
2018-07-13 03:00:00,0.00017372821239817376
2018-07-13 04:00:00,0.0001886906351197588
2018-07-13 05:00:00,0.00017443307456811803
2018-07-13 06:00:00,0.00014410890145670932
2018-07-13 07:00:00,0.00010622237030380448
2018-07-13 08:00:00,9.939931077388605e-05
2018-07-13 09:00:00,0.00015847832245959273
2018-07-13 10:00:00,0.00010595933093094133
2018-07-13 11:00:00,9.22611071177306e-05
2018-07-13 12:00:00,8.99031673297929e-05
2018-07-13 13:00:00,0.00018264844637309204
2018-07-13 14:00:00,0.00015709359221846068
2018-07-13 15:00:00,0.00012988681449605275
2018-07-13 16:00:00,0.00010389105151096734
2018-07-13 17:00:00,9.198267070912062e-05
2018-07-13 18:00:00,9.114487439544434e-05
2018-07-13 19:00:00,0.0001936533925763547
2018-07-13 20:00:00,0.00023720304883314227
2018-07-13 21:00:00,0.0003082808804663169
2018-07-13 22:00:00,0.00026583790747904026
2018-07-13 23:00:00,0.0001403596882483881
2018-07-14 00:00:00,0.00013940847748461756
2018-07-14 01:00:00,0.00017290682005439414
2018-07-14 02:00:00,0.000144456626673486
2018-07-14 03:00:00,0.00010027561057223514
2018-07-14 04:00:00,0.00010871385755942439
2018-07-14 05:00:00,8.943889403925885e-05
2018-07-14 06:00:00,9.104696813478325e-05
2018-07-14 07:00:00,9.195543635743521e-05
2018-07-14 08:00:00,9.911953947669819e-05
2018-07-14 09:00:00,9.194582630265326e-05
2018-07-14 10:00:00,0.00011430454718291926
2018-07-14 11:00:00,0.00014631039980251764
2018-07-14 12:00:00,0.00010767737749736198
2018-07-14 13:00:00,0.00010076203293716293
2018-07-14 14:00:00,0.00010115402321068975
2018-07-14 15:00:00,9.793010474137732e-05
2018-07-14 16:00:00,9.832047536268612e-05
2018-07-14 17:00:00,9.967488431365974e-05
2018-07-14 18:00:00,9.577040698282144e-05
2018-07-14 19:00:00,0.00010217164485075367
2018-07-14 20:00:00,0.00011128232576007683
2018-07-14 21:00:00,0.00012928611870792115
2018-07-14 22:00:00,0.00013576267302601582
2018-07-14 23:00:00,9.574071473792728e-05
2018-07-15 00:00:00,9.175673970396862e-05
2018-07-15 01:00:00,9.30599349588153e-05
2018-07-15 02:00:00,9.14805811481365e-05
2018-07-15 03:00:00,8.598333562927672e-05
2018-07-15 04:00:00,8.892906286593844e-05
2018-07-15 05:00:00,9.968689288547546e-05
2018-07-15 06:00:00,9.091668561065853e-05
2018-07-15 07:00:00,0.0001075374585287569
2018-07-15 08:00:00,9.175820084003548e-05
2018-07-15 09:00:00,0.00021983675303644462
2018-07-15 10:00:00,0.00012141564390842174
2018-07-15 11:00:00,0.00017450911727242085
2018-07-15 12:00:00,0.0001238080754374261
2018-07-15 13:00:00,0.00010433080392164724
2018-07-15 14:00:00,9.469340976911021e-05
2018-07-15 15:00:00,9.56773435175865e-05
2018-07-16 08:00:00,9.627926015013564e-05
2018-07-16 09:00:00,0.00013886290727093951
2018-07-16 10:00:00,0.0004681068621819062
2018-07-16 11:00:00,0.00027914523969653574
2018-07-16 12:00:00,0.0004816054766430506
2018-07-16 13:00:00,0.00029054164281779293
2018-07-16 14:00:00,0.00021118481908264557
2018-07-16 15:00:00,0.0002028854355419321
2018-07-16 16:00:00,0.00020319247752465048
2018-07-16 17:00:00,0.00015525930365382876
2018-07-16 18:00:00,0.00029631208867386216
2018-07-16 19:00:00,0.00015387410809943158
2018-07-16 20:00:00,0.00010558866172333661
2018-07-16 21:00:00,0.0001233649120384922
2018-07-16 22:00:00,0.00013050567811041575
2018-07-16 23:00:00,0.00017078042899751572
2018-07-17 00:00:00,0.0002738094323156769
2018-07-17 01:00:00,0.0001660052308567876
2018-07-17 02:00:00,0.00014910210779533637
2018-07-17 03:00:00,0.00011526054505177047
2018-07-17 04:00:00,0.00011578957951188573
2018-07-17 05:00:00,0.00014077846890706879
2018-07-17 06:00:00,0.00017436962936749067
2018-07-17 07:00:00,0.00014886639904042843
2018-07-17 08:00:00,0.0001013169377299635
2018-07-17 09:00:00,0.0001371548064464716
2018-07-17 10:00:00,0.0001361690299591129
2018-07-17 11:00:00,9.518075170266999e-05
2018-07-17 12:00:00,9.801408680764404e-05
2018-07-17 13:00:00,0.00013349164501851542
2018-07-17 14:00:00,0.00010304266973649045
2018-07-17 15:00:00,0.00015142409562678375
2018-07-17 16:00:00,0.00016968977498549236
2018-07-17 17:00:00,0.0001403066319682475
2018-07-17 18:00:00,0.0005063582110891528
2018-07-17 19:00:00,0.0005476994259865162
2018-07-17 21:00:00,0.00032903561332168525
2018-07-17 22:00:00,0.0004644241849245253
2018-07-17 23:00:00,0.0004626848852086205
2018-07-18 00:00:00,0.00026807016349178237
2018-07-18 01:00:00,0.0002223179609510604
2018-07-18 02:00:00,0.00016110163229510945
2018-07-18 03:00:00,0.0003749838203408179
2018-07-18 04:00:00,0.0006143425474302956
2018-07-18 05:00:00,0.0002741029267169464
2018-07-18 06:00:00,0.00023843241581206578
2018-07-18 07:00:00,0.00024551816581118533
2018-07-18 08:00:00,0.0003499869463994037
2018-07-18 09:00:00,0.00040835305641376106
2018-07-18 10:00:00,0.00023109335010724583
2018-07-18 11:00:00,0.0002572719518933109
2018-07-18 12:00:00,0.0002504953114838745
2018-07-18 13:00:00,0.00020123353913223488
2018-07-18 14:00:00,0.00022632430975952204
2018-07-18 15:00:00,0.0003168841568495601
2018-07-18 16:00:00,0.00020469613810946829
2018-07-18 17:00:00,0.00014336487742821558
2018-07-18 18:00:00,0.00027730901324947985
2018-07-18 19:00:00,0.00039628736943635845
2018-07-18 20:00:00,0.0002718991960290409
2018-07-18 21:00:00,0.0004649123268933081
2018-07-18 22:00:00,0.0003464390351609022
2018-07-18 23:00:00,0.00037535159055905425
2018-07-19 00:00:00,0.0002288233057601394
2018-07-19 01:00:00,0.00021793162788643836
2018-07-19 02:00:00,0.00019995282722469102
2018-07-19 03:00:00,0.00015063882681282716
2018-07-19 04:00:00,0.00012027625446495932
2018-07-19 05:00:00,0.00011813047763336355
2018-07-19 06:00:00,0.00011248587017122326
2018-07-19 07:00:00,0.00011314154435199719
2018-07-19 08:00:00,0.00013481435378378257
2018-07-19 09:00:00,0.00012900716385633174
2018-07-19 10:00:00,0.00024559981573107605
2018-07-19 11:00:00,0.0001904536501335125
2018-07-19 12:00:00,0.0002952315986924222
2018-07-19 13:00:00,0.00018982539537313814
2018-07-19 14:00:00,0.0002687708484515567
2018-07-19 15:00:00,0.00018123946818869338
2018-07-19 16:00:00,0.0002719192521393439
2018-07-19 17:00:00,0.00023435426804885117
2018-07-19 18:00:00,0.00016796369573354646
2018-07-19 19:00:00,0.00011817631021072889
2018-07-19 20:00:00,0.00013464719961162093
2018-07-19 21:00:00,0.00022255825240501373
2018-07-19 22:00:00,0.00018032337720725632
2018-07-19 23:00:00,0.0003269381242932677
2018-07-20 00:00:00,0.00014901576987600597
2018-07-20 02:00:00,0.00018404068955052156
2018-07-20 03:00:00,0.0001135447198356889
2018-07-20 04:00:00,9.938144977967888e-05
2018-07-20 05:00:00,9.973096993484087e-05
2018-07-20 06:00:00,0.0001041651717880258
2018-07-20 07:00:00,0.00025844614853359543
2018-07-20 08:00:00,0.00017339332839434176
2018-07-20 09:00:00,0.00018075074541202185
2018-07-20 10:00:00,0.00011453886473249063
2018-07-20 11:00:00,0.00010172713751581022
2018-07-20 12:00:00,0.00010956803558019235
2018-07-20 13:00:00,0.00010671868095247157
2018-07-20 14:00:00,0.00010183009762602793
2018-07-20 15:00:00,0.00010406218709809625
2018-07-20 16:00:00,0.00010900998763060248
2018-07-20 17:00:00,0.0004023299609816957
2018-07-20 18:00:00,0.00042168848165454777
2018-07-20 19:00:00,0.0002561852307781618
2018-07-20 20:00:00,0.00016809270694727833
2018-07-20 21:00:00,0.0001502752970639016
2018-07-20 22:00:00,0.00022001396160265722
2018-07-20 23:00:00,0.0002676092454712271
2018-07-21 00:00:00,0.00021452479061408257
2018-07-21 01:00:00,0.0003832021840486322
2018-07-21 02:00:00,0.00021672477551498294
2018-07-21 03:00:00,0.0002175764814994715
2018-07-21 04:00:00,0.00014370780438013002
2018-07-21 05:00:00,0.00011906543255282417
2018-07-21 06:00:00,0.00013501374026942247
2018-07-21 07:00:00,0.00014394100935913095
2018-07-21 08:00:00,0.00014906436685863572
2018-07-21 09:00:00,0.0001265714228189174
2018-07-21 10:00:00,0.00011482304021982158
2018-07-21 11:00:00,0.00021255173344528712
2018-07-21 12:00:00,0.0001416838917114577
2018-07-21 13:00:00,0.00011493434546379744
2018-07-21 14:00:00,0.00011227820286190032
2018-07-21 15:00:00,0.00010362582485870426
2018-07-21 16:00:00,0.00012344581759716434
2018-07-21 17:00:00,0.00011387423310547267
2018-07-21 18:00:00,0.00010485960686586288
2018-07-21 19:00:00,9.64354673084409e-05
2018-07-21 20:00:00,9.251226739557035e-05
2018-07-21 21:00:00,9.091524137042279e-05
2018-07-21 22:00:00,9.256471459240581e-05
2018-07-21 23:00:00,9.142449954862456e-05
2018-07-22 00:00:00,9.07791644576448e-05
2018-07-22 01:00:00,0.00015464249797566014
2018-07-22 02:00:00,0.00010756302330781155
2018-07-22 03:00:00,0.0001173980472986394
2018-07-22 04:00:00,0.00011620247961985042
2018-07-22 05:00:00,0.00011563765642408136
2018-07-22 06:00:00,9.90377658878699e-05
2018-07-22 07:00:00,0.0001379058167071928
2018-07-22 08:00:00,0.0001186198906687103
2018-07-22 09:00:00,0.0001638975556461799
2018-07-22 10:00:00,0.00011169514656677863
2018-07-22 11:00:00,0.00013026480397416513
2018-07-22 12:00:00,0.00011543060615289521
2018-07-22 13:00:00,0.00010654129137754603
2018-07-22 14:00:00,0.00010322542955147809
2018-07-22 15:00:00,0.00017491702805273344
2018-07-22 16:00:00,0.0002280043032323696
2018-07-22 17:00:00,0.00016786959752439337
2018-07-22 18:00:00,0.00010660161294214878
2018-07-22 19:00:00,9.088021421774945e-05
2018-07-22 20:00:00,9.252658115746245e-05
2018-07-22 21:00:00,9.245288440469694e-05
2018-07-22 22:00:00,0.0004263280230288212
2018-07-22 23:00:00,0.00023035136830082636
2018-07-23 00:00:00,0.0001132338140332862
2018-07-23 01:00:00,0.00019447134842759807
2018-07-23 02:00:00,0.00012738338089765037
2018-07-23 03:00:00,0.0004030923419852352
2018-07-23 04:00:00,0.00012326833442971843
2018-07-23 05:00:00,0.0001970878525793051
2018-07-23 06:00:00,0.0001305515000338209
2018-07-23 07:00:00,0.00014000745652989965
2018-07-23 08:00:00,0.0003203917657759098
2018-07-23 09:00:00,0.00016134157292163815
2018-07-23 10:00:00,0.00010729002753238838
2018-07-23 11:00:00,9.940037600414351e-05
2018-07-23 12:00:00,0.00010542753537069995
2018-07-23 13:00:00,0.00011945711817842125
2018-07-23 14:00:00,0.0001262342072164111
2018-07-23 15:00:00,0.00012395062453828768
2018-07-23 16:00:00,0.00012006605688752746
2018-07-23 17:00:00,0.00015833131037775046
2018-07-23 18:00:00,0.00018308488469354615
2018-07-23 19:00:00,0.00048727596536651184
2018-07-23 20:00:00,0.00023436533321817934
2018-07-23 21:00:00,0.00017792602399097128
2018-07-23 22:00:00,0.00022415522522200505
2018-07-23 23:00:00,0.00017729979972359446
2018-07-24 00:00:00,0.00019823949225876347
2018-07-24 01:00:00,0.0001422028275917583
2018-07-24 02:00:00,0.00011408120628062817
2018-07-24 03:00:00,0.00010388197425182374
2018-07-24 04:00:00,0.00010604767999872238
2018-07-24 05:00:00,0.0002727339158657541
2018-07-24 06:00:00,0.0003274796208435828
2018-07-24 07:00:00,0.000151149987699148
2018-07-24 08:00:00,0.00014587491803228324
2018-07-24 09:00:00,0.00013467568295915747
2018-07-24 10:00:00,0.0001062474247807495
2018-07-24 11:00:00,0.0002651834511019037
2018-07-24 12:00:00,0.0002926007042113285
2018-07-24 13:00:00,0.0003587614523281992
2018-07-24 14:00:00,0.00029674743981342525
2018-07-24 15:00:00,0.00028263272202215924
2018-07-24 16:00:00,0.00019448009835028226
2018-07-24 17:00:00,0.00012718809680445925
2018-07-24 18:00:00,0.0002424578159031752
2018-07-24 19:00:00,0.0001558297270528407
2018-07-24 20:00:00,0.0002053093112033639
2018-07-24 21:00:00,0.00020350231953452408
2018-07-24 22:00:00,0.000264446097008334
2018-07-25 00:00:00,0.00023424728237554892
2018-07-25 01:00:00,0.00029063054989674815
2018-07-25 02:00:00,0.00012485242244454455
2018-07-25 03:00:00,0.00028897373302046164
2018-07-25 04:00:00,0.00019421977137402477
2018-07-25 05:00:00,0.00015103211654583695
2018-07-25 06:00:00,0.00017952606435416886
2018-07-25 07:00:00,0.0002161741793662624
2018-07-25 08:00:00,0.00017590827735050455
2018-07-25 09:00:00,0.00018952661864362567
2018-07-25 10:00:00,0.00016825595669631152
2018-07-25 11:00:00,0.00018513399252701273
2018-07-25 12:00:00,0.00015196771918653842
2018-07-25 13:00:00,9.840460204404007e-05
2018-07-25 14:00:00,0.0001351714890496447
2018-07-25 15:00:00,9.383895241731093e-05
2018-07-25 16:00:00,0.00025111313666236623
2018-07-25 17:00:00,0.00011107300499357699
2018-07-25 18:00:00,9.24903491816984e-05
2018-07-25 19:00:00,9.660852965050628e-05
2018-07-25 20:00:00,0.00010426962684376675
2018-07-25 21:00:00,0.00010993524498000846
2018-07-25 22:00:00,0.00020216028064690288
2018-07-25 23:00:00,0.00015023166963044852
2018-07-26 00:00:00,0.00022930497597552314
2018-07-26 01:00:00,0.00017489619836020122
2018-07-26 02:00:00,0.0001026134776142656
2018-07-26 03:00:00,0.00010111324374339892
2018-07-26 04:00:00,0.0001008562458909416
2018-07-26 05:00:00,9.476546169123652e-05
2018-07-26 06:00:00,9.952518730410335e-05
2018-07-26 07:00:00,0.0001088833245610421
2018-07-26 08:00:00,0.000138582540766119
2018-07-26 09:00:00,0.00019849224567751157
2018-07-26 10:00:00,9.956159416840707e-05
2018-07-26 11:00:00,0.0001025209455647637
2018-07-26 12:00:00,0.00010572268029460762
2018-07-26 13:00:00,0.00010465720290683832
2018-07-26 14:00:00,0.00010224078892803261
2018-07-26 15:00:00,9.628949506700455e-05
2018-07-26 16:00:00,9.174212448593486e-05
2018-07-26 17:00:00,9.59457235157249e-05
2018-07-26 18:00:00,9.498386466717755e-05
2018-07-26 19:00:00,9.762875228999784e-05
2018-07-26 20:00:00,9.893154279256483e-05
2018-07-26 21:00:00,0.00031608034139465625
2018-07-26 22:00:00,0.000433908084325499
2018-07-26 23:00:00,0.0003942613921987883
2018-07-27 00:00:00,0.00038820426861058556
2018-07-27 01:00:00,0.00014816211339738108
2018-07-27 02:00:00,0.00022092383563380742
2018-07-27 03:00:00,0.0001353796937307875
2018-07-27 04:00:00,0.00013212284112396248
2018-07-27 05:00:00,0.00013227350583686854
2018-07-27 06:00:00,0.00012956048282396806
2018-07-27 07:00:00,0.00014037785930549377
2018-07-27 08:00:00,0.00012710645067229455
2018-07-27 09:00:00,0.0001332537250771042
2018-07-27 10:00:00,0.00012096785744885244
2018-07-27 11:00:00,0.00012136888479581922
2018-07-27 12:00:00,0.00012472784001710157
2018-07-27 13:00:00,0.00020703233464781912
2018-07-27 14:00:00,0.0001494531807122069
2018-07-27 15:00:00,0.00013180006417366167
2018-07-27 16:00:00,0.0004002461591439573
2018-07-27 17:00:00,0.00022869709958222445
2018-07-27 18:00:00,0.00013741576282014155
2018-07-27 19:00:00,0.0001463454427515997
2018-07-27 20:00:00,0.00013378058371226105
2018-07-27 21:00:00,0.00011564198705318766
2018-07-27 22:00:00,0.0001103308373399853
2018-07-27 23:00:00,0.00010792788055753766
2018-07-28 00:00:00,0.00019426349757486021
2018-07-28 01:00:00,0.00015097987441668858
2018-07-28 02:00:00,0.00010325121971835434
2018-07-28 03:00:00,9.555486600134803e-05
2018-07-28 04:00:00,9.273776333832091e-05
2018-07-28 05:00:00,0.00010086810787629546
2018-07-28 06:00:00,9.38009744870914e-05
2018-07-28 07:00:00,8.906354970216103e-05
2018-07-28 08:00:00,9.359431983721586e-05
2018-07-28 09:00:00,9.332821860687927e-05
2018-07-28 10:00:00,0.00010112661687794435
2018-07-28 11:00:00,0.0001023301809267694
2018-07-28 12:00:00,0.0001978231467280816
2018-07-28 13:00:00,9.628192563237939e-05
2018-07-28 14:00:00,9.112424183879658e-05
2018-07-28 15:00:00,0.0001042660829286763
2018-07-28 16:00:00,0.00021850628994535195
2018-07-28 17:00:00,0.00011461389381019106
2018-07-28 18:00:00,9.706864674519716e-05
2018-07-28 19:00:00,8.984735107689654e-05
2018-07-28 20:00:00,8.847885834448472e-05
2018-07-28 21:00:00,9.334760762513365e-05
2018-07-28 22:00:00,9.351037755252877e-05
2018-07-28 23:00:00,6.593540975443439e-05
2018-07-29 00:00:00,9.251346044596188e-05
2018-07-29 01:00:00,0.00017728673399405013
2018-07-29 02:00:00,0.0001080487302653423
2018-07-29 03:00:00,0.00010890195076514121
2018-07-29 04:00:00,0.0001048328100332343
2018-07-29 05:00:00,9.110290595518599e-05
2018-07-29 06:00:00,0.00012172326459615842
2018-07-29 07:00:00,6.503156748366433e-05
2018-07-29 08:00:00,6.491490741773733e-05
2018-07-29 09:00:00,0.00011041673417588084
2018-07-29 10:00:00,6.372400723208093e-05
2018-07-29 11:00:00,5.8850870549635153e-05
2018-07-29 12:00:00,9.398838257112411e-05
2018-07-29 13:00:00,9.20952808795584e-05
2018-07-29 14:00:00,8.818912575697634e-05
2018-07-29 15:00:00,6.587441319713504e-05
2018-07-29 16:00:00,5.507408505620827e-05
2018-07-29 17:00:00,7.26435611792884e-05
2018-07-29 18:00:00,5.8345111076253994e-05
2018-07-29 19:00:00,6.1025733325847474e-05
2018-07-29 20:00:00,5.86786743947633e-05
2018-07-29 21:00:00,5.729469143931849e-05
2018-07-29 22:00:00,8.973779721493449e-05
2018-07-29 23:00:00,8.213767279380927e-05
2018-07-30 00:00:00,0.00011240991839464661
2018-07-30 01:00:00,0.00021406244831939877
2018-07-30 02:00:00,0.00015771727163642614
2018-07-30 03:00:00,6.768235702902498e-05
2018-07-30 04:00:00,6.049316116194678e-05
2018-07-30 05:00:00,5.968100309691298e-05
2018-07-30 06:00:00,5.994999698203916e-05
2018-07-30 07:00:00,0.0002609515276804975
2018-07-30 08:00:00,0.00036025489943857566
2018-07-30 09:00:00,0.00012093826969014416
2018-07-30 10:00:00,8.070044039760202e-05
2018-07-30 11:00:00,0.0002322633042548774
2018-07-30 12:00:00,0.00013151692420692375
2018-07-30 13:00:00,9.639186419960227e-05
2018-07-30 14:00:00,0.00010245362947943455
2018-07-30 15:00:00,0.0001483501832265766
2018-07-30 16:00:00,0.0001252742840055787
2018-07-30 17:00:00,0.0001135715742983718
2018-07-30 18:00:00,0.0003973078560811347
2018-07-30 19:00:00,0.00026158108157988465
2018-07-30 20:00:00,0.00024450283177125345
2018-07-30 21:00:00,0.00028676365749797267
2018-07-30 22:00:00,0.00013878345080560223
2018-07-30 23:00:00,0.00014208669209040206
2018-07-31 00:00:00,0.00012126663082477047
2018-07-31 01:00:00,0.00012601820388560432
2018-07-31 02:00:00,8.090010513563295e-05
2018-07-31 03:00:00,8.200074700053246e-05
2018-07-31 04:00:00,8.170797310255075e-05
2018-07-31 05:00:00,8.460883048175798e-05
2018-07-31 06:00:00,8.071400508756711e-05
2018-07-31 07:00:00,0.00012104357078042077
2018-07-31 08:00:00,9.711365427337105e-05
2018-07-31 09:00:00,0.00011964163533031184
2018-07-31 10:00:00,0.00015754863115437077
2018-07-31 11:00:00,0.00013054493512451243
2018-07-31 12:00:00,0.00012600689307741455
2018-07-31 13:00:00,0.00044483511818998203
2018-07-31 14:00:00,0.00028526413374276694
2018-07-31 15:00:00,0.0003255192875893685
2018-07-31 16:00:00,0.0002417287840346844
2018-07-31 17:00:00,0.00016154080344267518
2018-07-31 18:00:00,0.00022707432672514706
2018-07-31 19:00:00,0.00015656210752914207
2018-07-31 20:00:00,0.0001305489126128815
2018-07-31 21:00:00,0.00012640567634624583
2018-07-31 22:00:00,0.00020306785186478558
2018-08-03 23:00:00,0.00010719816481544479
2018-08-04 00:00:00,0.00010783447682678639
2018-08-04 01:00:00,0.00010983118909647334
2018-08-04 02:00:00,9.218931834885262e-05
2018-08-04 03:00:00,0.00010969691652996317
2018-08-04 04:00:00,8.37720106092734e-05
2018-08-04 05:00:00,6.626796224730015e-05
2018-08-04 06:00:00,6.173722694683742e-05
2018-08-04 07:00:00,8.556376468627388e-05
2018-08-04 08:00:00,8.635969481271574e-05
2018-08-04 09:00:00,9.911146266758916e-05
2018-08-04 10:00:00,5.9059484501838855e-05
2018-08-04 11:00:00,0.00010129115470729281
2018-08-04 12:00:00,6.599750266521225e-05
2018-08-04 13:00:00,0.0002048622072293911
2018-08-04 14:00:00,0.00011138084588652664
2018-08-04 15:00:00,0.00041673737703395926
2018-08-04 16:00:00,0.0003822160828851658
2018-08-04 17:00:00,0.00026054038503200316
2018-08-04 18:00:00,0.00021808806449230482
2018-08-04 19:00:00,0.00012651688749331226
2018-08-04 20:00:00,0.00011564675831473384
2018-08-04 21:00:00,8.791149654160854e-05
2018-08-04 22:00:00,0.00020319939171933377
2018-08-04 23:00:00,0.00012567683792431185
2018-08-05 00:00:00,0.00011535346152119698
2018-08-05 01:00:00,0.00020772260509293033
2018-08-05 02:00:00,0.0002751729297249881
2018-08-05 03:00:00,0.00013543576366166648
2018-08-05 04:00:00,0.0001373499926775875
2018-08-05 05:00:00,0.00011625622780365298
2018-08-05 06:00:00,7.930221314291375e-05
2018-08-05 07:00:00,7.890462577664741e-05
2018-08-05 08:00:00,7.769325893709898e-05
2018-08-05 09:00:00,0.00013503280591359299
2018-08-05 10:00:00,0.00013979507064910092
2018-08-05 11:00:00,0.000115883988386252
2018-08-05 12:00:00,7.911264596246856e-05
2018-08-05 13:00:00,8.953257344393773e-05
2018-08-05 14:00:00,0.00013019488493957196
2018-08-05 15:00:00,0.00016954441547626246
2018-08-05 16:00:00,0.00016627474276270136
2018-08-05 17:00:00,7.45462166174952e-05
2018-08-05 18:00:00,0.00012536251643718467
2018-08-05 19:00:00,9.605254271658197e-05
2018-08-05 20:00:00,0.00011829036813542025
2018-08-05 21:00:00,0.000104584618959419
2018-08-05 22:00:00,0.0001258990880186613
2018-08-05 23:00:00,0.00011072754352294497
2018-08-06 00:00:00,9.268455250193325e-05
2018-08-06 01:00:00,9.175376567638165e-05
2018-08-06 02:00:00,0.0001524235355903974
2018-08-06 03:00:00,6.908404103981504e-05
2018-08-06 04:00:00,6.059217018556847e-05
2018-08-06 05:00:00,6.254828385368464e-05
2018-08-06 06:00:00,9.11725920492162e-05
2018-08-06 07:00:00,6.194872697872971e-05
2018-08-06 08:00:00,9.113870849846879e-05
2018-08-06 09:00:00,0.00010604304712485205
2018-08-06 10:00:00,0.00010783384356071897
2018-08-06 11:00:00,9.042385663294341e-05
2018-08-06 12:00:00,0.00011302620114893883
2018-08-06 13:00:00,9.276198836374434e-05
2018-08-06 14:00:00,0.0002474891530937585
2018-08-06 15:00:00,0.00010706287846358441
2018-08-06 16:00:00,9.048627249667843e-05
2018-08-06 17:00:00,0.00013223572598275096
2018-08-06 18:00:00,6.573088445141087e-05
2018-08-06 19:00:00,9.395065910028109e-05
2018-08-06 20:00:00,7.371295346754659e-05
2018-08-06 21:00:00,9.282129885516623e-05
2018-08-06 22:00:00,0.00019420093867845178
2018-08-06 23:00:00,0.00014342018582413414
2018-08-07 00:00:00,0.0001375964209446079
2018-08-07 01:00:00,0.0001287791964845812
2018-08-07 02:00:00,6.802083961243446e-05
2018-08-07 03:00:00,9.593412629884173e-05
2018-08-07 04:00:00,6.738097299242232e-05
2018-08-07 05:00:00,6.470744641813013e-05
2018-08-07 06:00:00,6.448419445463749e-05
2018-08-07 07:00:00,6.420839939764948e-05
2018-08-07 08:00:00,0.00019591761146608083
2018-08-07 09:00:00,9.972013667359256e-05
2018-08-07 10:00:00,9.849986896521438e-05
2018-08-07 11:00:00,9.903999079082095e-05
2018-08-07 12:00:00,0.00012334410372284073
2018-08-07 13:00:00,0.00012378100949889622
2018-08-07 14:00:00,0.00010915505456438415
2018-08-07 15:00:00,7.724683856272299e-05
2018-08-07 16:00:00,9.442849820004312e-05
2018-08-07 17:00:00,7.846416570125576e-05
2018-08-07 18:00:00,6.438867435626456e-05
2018-08-07 19:00:00,6.660357536826623e-05
2018-08-07 20:00:00,9.336779646360628e-05
2018-08-07 21:00:00,0.0003320791428087411
2018-08-07 22:00:00,0.00041167097218063053
2018-08-07 23:00:00,0.00018492230614406698
2018-08-08 00:00:00,0.00014155683047253724
2018-08-08 01:00:00,0.00026686859592732465
2018-08-08 02:00:00,0.0001464925962350171
2018-08-08 03:00:00,0.00013764577955683685
2018-08-08 04:00:00,0.0001267722799356743
2018-08-08 05:00:00,0.0002636798545544797
2018-08-08 06:00:00,0.0003657475743382775
2018-08-08 07:00:00,0.00014930936658752198
2018-08-08 08:00:00,0.000126380614960665
2018-08-08 09:00:00,0.0001397396136481443
2018-08-08 10:00:00,0.0001552839436227063
2018-08-08 11:00:00,0.00012562816182117912
2018-08-08 12:00:00,0.00014246794914536275
2018-08-08 13:00:00,0.00014475406839137164
2018-08-08 14:00:00,0.00014613539081458844
2018-08-08 15:00:00,0.0002103274061167559
2018-08-08 16:00:00,0.00011490156972480129
2018-08-08 17:00:00,0.0004072304399306966
2018-08-08 18:00:00,0.00023104857258035393
2018-08-08 19:00:00,0.00045724968436483906
2018-08-08 20:00:00,0.00030049042428473104
2018-08-08 21:00:00,0.00018980915579886517
2018-08-08 22:00:00,0.00031288061623591367
2018-08-08 23:00:00,0.0002225439043571481
2018-08-09 00:00:00,0.00025867948425403894
2018-08-09 01:00:00,0.0001200395776739932
2018-08-09 02:00:00,0.00010287949763491948
2018-08-09 03:00:00,7.278981984747911e-05
2018-08-09 04:00:00,8.169747692776905e-05
2018-08-09 05:00:00,7.828348319450743e-05
2018-08-09 06:00:00,0.0001251744742134873
2018-08-09 07:00:00,0.00011568615674171182
2018-08-09 08:00:00,0.00022020077278919498
2018-08-09 09:00:00,9.70268791715683e-05
2018-08-09 10:00:00,7.291063405917417e-05
2018-08-09 11:00:00,8.132677964703637e-05
2018-08-09 12:00:00,8.040347086100201e-05
2018-08-09 13:00:00,0.00027295036216284924
2018-08-09 14:00:00,0.0005518716439980642
2018-08-09 15:00:00,0.00030505655192273457
2018-08-09 16:00:00,0.00018143177575929978
2018-08-09 17:00:00,0.00013281238331213765
2018-08-09 18:00:00,0.00011208672217539494
2018-08-09 19:00:00,7.713317333736585e-05
2018-08-09 20:00:00,0.0001359594265863845
2018-08-09 21:00:00,0.00012141667325599981
2018-08-09 22:00:00,0.00041423707658715326
2018-08-09 23:00:00,0.00016044596618691124
2018-08-10 00:00:00,0.0001536748803149752
2018-08-10 01:00:00,0.00011538008301271154
2018-08-10 02:00:00,0.00010984459216919916
2018-08-10 03:00:00,0.000124816684592221
2018-08-10 04:00:00,7.577142114501923e-05
2018-08-10 05:00:00,0.00014368934621659618
2018-08-10 06:00:00,7.977640570731973e-05
2018-08-10 07:00:00,0.00011758713407350747
2018-08-10 08:00:00,0.00011089240868807428
2018-08-10 09:00:00,0.00021082391504543646
2018-08-10 10:00:00,0.0002822414795739779
2018-08-10 11:00:00,0.00013188590929802814
2018-08-10 12:00:00,0.0002316122391305859
2018-08-10 13:00:00,0.0003559206879553545
2018-08-10 14:00:00,0.000129887093703868
2018-08-10 15:00:00,0.00024213856046845407
2018-08-10 16:00:00,0.00011892476778298499
2018-08-10 17:00:00,0.00012299544285057382
2018-08-10 18:00:00,0.00020791084875246664
2018-08-10 19:00:00,0.00018206848755304426
2018-08-10 20:00:00,0.00011970022483353973
2018-08-10 21:00:00,0.0004378405676906751
2018-08-10 22:00:00,0.0006897515968278898
2018-08-10 23:00:00,0.000551325656431813
2018-08-11 00:00:00,0.0006622199039385873
2018-08-11 01:00:00,0.0003513697457262892
2018-08-11 02:00:00,0.00028015680589592686
2018-08-11 03:00:00,0.0001757826923563085
2018-08-11 04:00:00,0.00015298599214577923
2018-08-11 05:00:00,0.00017285719467426713
2018-08-11 06:00:00,0.0004874579669749782
2018-08-11 07:00:00,0.0002485569258869197
2018-08-11 08:00:00,0.00016555567663801744
2018-08-11 09:00:00,0.0001657612377180664
2018-08-11 10:00:00,0.00013207950947037342
2018-08-11 11:00:00,0.00013387192038447418
2018-08-11 12:00:00,8.669210279446156e-05
2018-08-11 13:00:00,0.00019489284493438055
2018-08-11 14:00:00,0.0001440157564611269
2018-08-11 15:00:00,0.00016467012071290263
2018-08-11 16:00:00,0.00016769878483965042
2018-08-11 17:00:00,0.0002303605279567388
2018-08-11 18:00:00,0.0006250441911519426
2018-08-11 19:00:00,0.0002904483361581886
2018-08-11 20:00:00,0.00019458300137639966
2018-08-11 21:00:00,0.0001310098217154979
2018-08-11 22:00:00,7.248479616084716e-05
2018-08-11 23:00:00,7.846371960284153e-05
2018-08-12 00:00:00,0.0002986152457595651
2018-08-12 01:00:00,0.0005211575294626678
2018-08-12 02:00:00,0.00027109295260852604
2018-08-12 03:00:00,8.910959470022657e-05
2018-08-12 04:00:00,8.515047926781391e-05
2018-08-12 05:00:00,8.586483855586959e-05
2018-08-12 06:00:00,0.0003355039397910335
2018-08-12 07:00:00,0.00026082253131097814
2018-08-12 08:00:00,0.00018061969740533655
2018-08-12 09:00:00,0.0001459148319968874
2018-08-12 10:00:00,0.0001376487301091851
2018-08-12 11:00:00,0.00013271675574188808
2018-08-12 12:00:00,0.00015803416097873407
2018-08-12 13:00:00,0.0003759296862009179
2018-08-12 14:00:00,0.00016885355547179557
2018-08-12 15:00:00,0.00029442378530409225
2018-08-12 16:00:00,0.0001933340869859859
2018-08-12 17:00:00,0.0003016893279841994
2018-08-12 18:00:00,0.0001596901554679055
2018-08-12 19:00:00,0.0001390133543862159
2018-08-12 20:00:00,0.0005936118259328231
2018-08-12 21:00:00,0.00019643527738350797
2018-08-12 22:00:00,0.00015022181787613625
2018-08-12 23:00:00,0.00014975273271236418
2018-08-13 00:00:00,0.0001485188971958039
2018-08-13 01:00:00,8.711355540977796e-05
2018-08-13 02:00:00,8.80150931696055e-05
2018-08-13 03:00:00,9.29666238932692e-05
2018-08-13 04:00:00,9.487710848576037e-05
2018-08-13 05:00:00,9.649676999623194e-05
2018-08-13 06:00:00,9.973369778264287e-05
2018-08-13 07:00:00,0.0004688138567446085
2018-08-13 08:00:00,0.00011327169344084246
2018-08-13 09:00:00,0.00036747292650088397
2018-08-13 10:00:00,0.00011518972014809361
2018-08-13 11:00:00,0.00010264080949307806
2018-08-13 12:00:00,0.00010515210629058667
2018-08-13 13:00:00,0.00010267113617268881
2018-08-13 14:00:00,0.00017819306253760698
2018-08-13 15:00:00,0.00017826395445129308
2018-08-13 16:00:00,0.0003194647267320909
2018-08-13 17:00:00,0.00019143752514773352
2018-08-13 18:00:00,0.0006052297001573849
2018-08-13 19:00:00,0.00021368032930851606
2018-08-13 20:00:00,0.00017704357195370086
2018-08-13 21:00:00,0.00023329541117863984
2018-08-13 22:00:00,0.00018180976621750032
2018-08-13 23:00:00,0.00018846282038557485
2018-08-14 00:00:00,0.00014455506863813564
2018-08-14 01:00:00,0.00022626909925538825
2018-08-14 02:00:00,0.00039063870650202454
2018-08-14 03:00:00,0.0005256697850083002
2018-08-14 04:00:00,0.00019456126218093183
2018-08-14 05:00:00,0.0001675217823783968
2018-08-14 06:00:00,9.136745860058614e-05
2018-08-14 07:00:00,0.00013750300590726087
2018-08-14 08:00:00,0.0002695237593599831
2018-08-14 09:00:00,0.00012266665818890307
2018-08-14 10:00:00,0.00011167105600259015
2018-08-14 11:00:00,0.00010767862836292321
2018-08-14 12:00:00,0.00012664553017787604
2018-08-14 13:00:00,0.0002573628064194947
2018-08-14 14:00:00,0.00020576761898631805
2018-08-14 15:00:00,0.00014825806261997904
2018-08-14 16:00:00,0.00019349771405857845
2018-08-14 17:00:00,0.00013876354977744397
2018-08-14 18:00:00,0.0001939697305137186
2018-08-14 19:00:00,0.00013412751753096115
2018-08-14 20:00:00,0.00035238677764572244
2018-08-14 21:00:00,0.00012963458067314084
2018-08-14 22:00:00,0.00019909557475236817
2018-08-14 23:00:00,0.00023365902948453061
2018-08-15 00:00:00,0.00022707903032858062
2018-08-15 01:00:00,0.00013387015409932086
2018-08-15 02:00:00,9.779974613197313e-05
2018-08-15 03:00:00,0.00011282475120164976
2018-08-15 04:00:00,0.00012311984570583407
2018-08-15 05:00:00,0.00018126562135949872
2018-08-15 06:00:00,7.253467790163686e-05
2018-08-15 07:00:00,6.752084621309376e-05
2018-08-15 08:00:00,0.00020749802512506246
2018-08-15 09:00:00,0.00017283870171628412
2018-08-15 10:00:00,0.00029762101056642873
2018-08-15 11:00:00,0.00012945369082466117
2018-08-15 12:00:00,0.0001251093152415901
2018-08-15 13:00:00,0.00012070681627948193
2018-08-15 14:00:00,0.00011973305442073775
2018-08-15 15:00:00,0.00011962488864053886
2018-08-15 16:00:00,0.00021090015980244065
2018-08-15 17:00:00,0.0003110859189169057
2018-08-15 18:00:00,0.0001914584012221113
2018-08-15 19:00:00,0.00012986263553246195
2018-08-15 20:00:00,0.00022574937126616134
2018-08-15 21:00:00,0.00020407463389450833
2018-08-15 22:00:00,0.00021275357037826048
2018-08-15 23:00:00,0.0002128508358863425
2018-08-16 00:00:00,0.00022378235337337587
2018-08-16 01:00:00,0.00020274233707599123
2018-08-16 02:00:00,0.00012866185440507476
2018-08-16 03:00:00,7.182084239300121e-05
2018-08-16 04:00:00,0.00011620198549101027
2018-08-16 05:00:00,0.00012491745031721223
2018-08-16 06:00:00,0.00012293029767641378
2018-08-16 07:00:00,9.436834347339242e-05
2018-08-16 08:00:00,0.00011908983192663726
2018-08-16 09:00:00,0.00015751420759425465
2018-08-16 10:00:00,0.00012244506475083994
2018-08-16 11:00:00,0.0001852865401354648
2018-08-16 12:00:00,0.00012768029463688577
2018-08-16 13:00:00,0.00020754689386772107
2018-08-16 14:00:00,0.00012774600111827784
2018-08-16 15:00:00,0.00016029690580735546
2018-08-16 16:00:00,0.00018392710451345303
2018-08-16 17:00:00,0.00012064648632492567
2018-08-16 18:00:00,0.00011873096366226149
2018-08-16 19:00:00,0.00011267684118565969
2018-08-16 20:00:00,0.0001025228082747076
2018-08-16 21:00:00,0.00027149698126185864
2018-08-16 22:00:00,0.0002708081245438318
2018-08-16 23:00:00,0.00021026704924070086
2018-08-17 00:00:00,0.00012103212035433644
2018-08-17 01:00:00,0.00011922179903535878
2018-08-17 02:00:00,7.206470664748951e-05
2018-08-17 03:00:00,0.00010176307494503063
2018-08-17 04:00:00,0.00011104868202688744
2018-08-17 05:00:00,0.00017651099206343097
2018-08-17 06:00:00,9.104963874516648e-05
2018-08-17 07:00:00,7.281066691202742e-05
2018-08-17 08:00:00,0.00020295486215427775
2018-08-17 10:00:00,0.00011504500584856002
2018-08-17 11:00:00,0.00019186418728147744
2018-08-17 12:00:00,9.635834480299303e-05
2018-08-17 13:00:00,9.302771778557135e-05
2018-08-17 14:00:00,0.00010947046923746642
2018-08-17 15:00:00,0.00011067352541360842
2018-08-17 16:00:00,0.00011341769490841013
2018-08-17 17:00:00,0.00014717285952596534
2018-08-17 18:00:00,0.00018434678815158236
2018-08-17 19:00:00,0.00010144740140194237
2018-08-17 20:00:00,7.231511696007003e-05
2018-08-17 21:00:00,0.0001128230799797236
2018-08-17 22:00:00,0.00020963791869941972
2018-08-17 23:00:00,0.0002361402962584913
2018-08-18 00:00:00,0.00016552226412865672
2018-08-18 01:00:00,0.0001738954225232798
2018-08-18 02:00:00,0.00019327770384767012
2018-08-18 03:00:00,0.00012215755069264992
2018-08-18 04:00:00,0.00011961017709623948
2018-08-18 05:00:00,0.00011852841702597087
2018-08-18 06:00:00,0.00012579879696704964
2018-08-18 07:00:00,0.00012592611178666277
2018-08-18 08:00:00,0.00019101150403691877
2018-08-18 09:00:00,0.00011219698680314802
2018-08-18 10:00:00,7.178305438001301e-05
2018-08-18 11:00:00,0.00010808107841317168
2018-08-18 12:00:00,0.00011978150113820791
2018-08-18 13:00:00,0.00011609678368750253
2018-08-18 14:00:00,0.00031973738590056243
2018-08-18 15:00:00,0.00012833715443548018
2018-08-18 16:00:00,0.0002055785882240463
2018-08-18 17:00:00,0.00022018711034935758
2018-08-18 18:00:00,0.00018926956825636757
2018-08-18 19:00:00,0.00012898629735924317
2018-08-18 20:00:00,0.00011362926464345272
2018-08-18 21:00:00,0.00017709366743063205
2018-08-18 22:00:00,0.00018301533434412733
2018-08-18 23:00:00,0.0001268070143264085
2018-08-19 00:00:00,0.00011825068980268194
2018-08-19 01:00:00,0.0001115270965702885
2018-08-19 02:00:00,0.00011250196386783206
2018-08-19 03:00:00,6.438147873114162e-05
2018-08-19 04:00:00,0.00011126408220934668
2018-08-19 05:00:00,6.748492319064705e-05
2018-08-19 06:00:00,0.00011713322871079299
2018-08-19 07:00:00,9.89457155555117e-05
2018-08-19 08:00:00,9.44852735763478e-05
2018-08-19 09:00:00,6.643193956910157e-05
2018-08-19 10:00:00,9.27686146740979e-05
2018-08-19 11:00:00,7.088417691223397e-05
2018-08-19 12:00:00,0.00012040774394540902
2018-08-19 13:00:00,0.00010139693172586221
2018-08-19 14:00:00,0.00011352081295269682
2018-08-19 15:00:00,0.00014200595505327397
2018-08-19 16:00:00,0.00017235899928495915
2018-08-19 17:00:00,0.00011946298673475491
2018-08-19 18:00:00,0.00011246059784921415
2018-08-19 19:00:00,0.00010489285128597682
2018-08-19 20:00:00,8.879012022007545e-05
2018-08-19 21:00:00,0.00017188157988249115
2018-08-19 22:00:00,0.0001223930627321171
2018-08-19 23:00:00,0.00010744438340503233
2018-08-20 00:00:00,8.788862077821678e-05
2018-08-20 01:00:00,6.287775376325738e-05
2018-08-20 02:00:00,5.9349467507237435e-05
2018-08-20 03:00:00,6.626046648499193e-05
2018-08-20 04:00:00,6.179944748973133e-05
2018-08-20 05:00:00,6.787742846539534e-05
2018-08-20 06:00:00,6.501950589741522e-05
2018-08-20 07:00:00,8.798825357149861e-05
2018-08-20 08:00:00,6.672933971528972e-05
2018-08-20 09:00:00,6.711800741593274e-05
2018-08-20 10:00:00,0.00011328618196488981
2018-08-20 11:00:00,6.713975627259157e-05
2018-08-20 12:00:00,7.188552685532248e-05
2018-08-20 13:00:00,0.0001016430851293879
2018-08-20 14:00:00,9.653928050749046e-05
2018-08-20 15:00:00,6.535331787687979e-05
2018-08-20 16:00:00,0.0001069977831259064
2018-08-20 17:00:00,0.00010806392072951243
2018-08-20 18:00:00,8.847626497393732e-05
2018-08-20 19:00:00,6.324578447735178e-05
2018-08-20 20:00:00,6.260149991607874e-05
2018-08-20 21:00:00,8.208877387140269e-05
2018-08-20 22:00:00,8.435460420917178e-05
2018-08-20 23:00:00,0.00030397667463062195
2018-08-21 00:00:00,0.00019378679931013752
2018-08-21 01:00:00,0.00011724596901102515
2018-08-21 02:00:00,7.483871372748262e-05
2018-08-21 03:00:00,7.975900895713239e-05
2018-08-21 04:00:00,7.485064767198882e-05
2018-08-21 05:00:00,7.261014494667417e-05
2018-08-21 06:00:00,0.0001091396032326046
2018-08-21 07:00:00,0.0001435501804628388
2018-08-21 08:00:00,0.00011461814138925376
2018-08-21 09:00:00,0.00013540398782929328
2018-08-21 10:00:00,0.00010798885281006689
2018-08-21 11:00:00,7.729477232808232e-05
2018-08-21 12:00:00,7.520848690110002e-05
2018-08-21 13:00:00,7.036622694184063e-05
2018-08-21 14:00:00,0.00013423596697706758
2018-08-21 15:00:00,0.00014272021904398324
2018-08-21 16:00:00,0.00011964036509074206
2018-08-21 17:00:00,0.00013951948123926944
2018-08-21 18:00:00,0.00014717580369865845
2018-08-21 19:00:00,0.00014396932830666474
2018-08-21 20:00:00,0.0001273372907666103
2018-08-21 21:00:00,0.00013115684682030236
2018-08-21 22:00:00,0.00024155907988808464
2018-08-21 23:00:00,0.00012129896778851732
2018-08-22 00:00:00,9.19376219894562e-05
2018-08-22 01:00:00,0.00011223455972880735
2018-08-22 02:00:00,0.00047222339136330913
2018-08-22 03:00:00,0.0003887537265129941
2018-08-22 04:00:00,0.000176448821441499
2018-08-22 05:00:00,0.00014988881961375933
2018-08-22 06:00:00,0.00015853646304654932
2018-08-22 07:00:00,0.00013358039441189863
2018-08-22 08:00:00,0.00011965436609152065
2018-08-22 09:00:00,9.845323197900586e-05
2018-08-22 10:00:00,0.0001191552081818867
2018-08-22 11:00:00,9.012565732253707e-05
2018-08-22 12:00:00,0.00010397264634568189
2018-08-22 13:00:00,0.00012244445740326534
2018-08-22 14:00:00,8.773489316838089e-05
2018-08-22 15:00:00,9.038760358799007e-05
2018-08-22 16:00:00,0.00037963994288084466
2018-08-22 17:00:00,0.000489777472031063
2018-08-22 18:00:00,0.00012197666295805422
2018-08-22 19:00:00,0.00016642488329107999
2018-08-22 20:00:00,0.0001181069367419846
2018-08-22 21:00:00,0.0005369924732403324
2018-08-22 22:00:00,0.0005282594716555881
2018-08-22 23:00:00,0.000668543592641139
2018-08-23 00:00:00,0.0002986919677099268
2018-08-23 01:00:00,0.00028217616396747515
2018-08-23 02:00:00,0.00012106820290157174
2018-08-23 03:00:00,0.00011200399030029938
2018-08-23 04:00:00,0.0001466555445245545
2018-08-23 05:00:00,0.00011681687443202921
2018-08-23 06:00:00,0.0001532116470250924
2018-08-23 07:00:00,0.00011363946815510544
2018-08-23 08:00:00,0.00011513620423215723
2018-08-23 09:00:00,0.00011729377732366667
2018-08-23 10:00:00,0.00011690572852439025
2018-08-23 11:00:00,0.00011661842099797281
2018-08-23 12:00:00,0.00012324930622655984
2018-08-23 13:00:00,0.0001227050410209636
2018-08-23 14:00:00,0.00015674712005307254
2018-08-23 15:00:00,0.00021010613237379703
2018-08-23 16:00:00,0.00011139711931202568
2018-08-23 17:00:00,0.00012408188287583094
2018-08-23 18:00:00,9.381232813187476e-05
2018-08-23 19:00:00,9.392562063778618e-05
2018-08-23 20:00:00,0.00016324750838998917
2018-08-23 21:00:00,9.633716396958289e-05
2018-08-23 22:00:00,0.00019816999472221868
2018-08-23 23:00:00,0.00017712581138943246
2018-08-24 00:00:00,9.250649659091062e-05
2018-08-24 01:00:00,8.051747478334551e-05
2018-08-24 02:00:00,7.32658833336452e-05
2018-08-24 03:00:00,8.045230975404667e-05
2018-08-24 04:00:00,6.522774589592623e-05
2018-08-24 05:00:00,6.501039411536825e-05
2018-08-24 06:00:00,6.500014985837143e-05
2018-08-24 07:00:00,6.618758900631976e-05
2018-08-24 08:00:00,0.00011192335529993341
2018-08-24 09:00:00,6.558959954787455e-05
2018-08-24 10:00:00,6.527988600850072e-05
2018-08-24 11:00:00,6.883425165706793e-05
2018-08-24 12:00:00,8.830347570403345e-05
2018-08-24 13:00:00,0.00010447549461360796
2018-08-24 14:00:00,0.00011617879291744271
2018-08-24 15:00:00,0.0001387704016034849
2018-08-24 16:00:00,0.00015741268434424035
2018-08-24 17:00:00,0.00011459536346948098
2018-08-24 18:00:00,0.00026112811723593137
2018-08-24 19:00:00,0.00013401831729830635
2018-08-24 20:00:00,9.996056885419996e-05
2018-08-24 21:00:00,8.047142669041688e-05
2018-08-24 22:00:00,0.00020236316959189736
2018-08-24 23:00:00,0.00021521471881252863
2018-08-25 00:00:00,0.0001327595955038448
2018-08-25 01:00:00,0.00022119057681782927
2018-08-25 02:00:00,0.00014147066341335231
2018-08-25 03:00:00,0.00013917053238582367
2018-08-25 04:00:00,0.0001359553415351559
2018-08-25 05:00:00,0.00020168626060734212
2018-08-25 06:00:00,9.312140468757015e-05
2018-08-25 07:00:00,9.3325237595771e-05
2018-08-25 08:00:00,9.331082779673204e-05
2018-08-25 09:00:00,0.00011970361570391316
2018-08-25 10:00:00,0.00011800319598791768
2018-08-25 11:00:00,8.89016578922636e-05
2018-08-25 12:00:00,8.807554543105408e-05
2018-08-25 13:00:00,0.00011231828663774702
2018-08-25 14:00:00,9.02988147136875e-05
2018-08-25 15:00:00,0.00011253300596980293
2018-08-25 16:00:00,0.0001588589532326795
2018-08-25 17:00:00,0.0001161839707292386
2018-08-25 18:00:00,7.071775871508065e-05
2018-08-25 19:00:00,9.825831301482182e-05
2018-08-25 21:00:00,6.997536073237939e-05
2018-08-25 22:00:00,0.0001029095556159328
2018-08-25 23:00:00,6.174924977934584e-05
2018-08-26 00:00:00,0.00010182390892039258
2018-08-26 01:00:00,0.0001074861826478794
2018-08-26 02:00:00,6.222155471513668e-05
2018-08-26 03:00:00,0.00016845114446873327
2018-08-26 04:00:00,0.00011407694253400178
2018-08-26 05:00:00,8.363992966279452e-05
2018-08-26 06:00:00,6.071052238780202e-05
2018-08-26 07:00:00,8.532310622747653e-05
2018-08-26 08:00:00,7.77504662087678e-05
2018-08-26 09:00:00,7.49958009207018e-05
2018-08-26 10:00:00,6.610626862906654e-05
2018-08-26 11:00:00,8.62086481901311e-05
2018-08-26 12:00:00,7.290717363167626e-05
2018-08-26 13:00:00,6.556147956162995e-05
2018-08-26 14:00:00,0.00010696484841667086
2018-08-26 15:00:00,7.31935364123387e-05
2018-08-26 16:00:00,8.40698354818147e-05
2018-08-26 17:00:00,0.00010642894642449925
2018-08-26 18:00:00,0.00011211442255403375
2018-08-26 19:00:00,7.755598767933277e-05
2018-08-26 20:00:00,8.309822175301692e-05
2018-08-26 21:00:00,0.00010494747518619439
2018-08-26 22:00:00,0.00010251594790524615
2018-08-26 23:00:00,0.00010433893225098773
2018-08-27 00:00:00,8.38070846820831e-05
2018-08-27 01:00:00,6.267573968946393e-05
2018-08-27 02:00:00,5.978930743077315e-05
2018-08-27 03:00:00,5.904544545961023e-05
2018-08-27 04:00:00,5.6407054773711314e-05
2018-08-27 05:00:00,9.482108128865695e-05
2018-08-27 06:00:00,8.033012942079453e-05
2018-08-27 07:00:00,5.9845451720723856e-05
2018-08-27 08:00:00,6.066347557776778e-05
2018-08-27 09:00:00,6.72237468922341e-05
2018-08-27 10:00:00,6.0936493667514874e-05
2018-08-27 11:00:00,5.8339512880617484e-05
2018-08-27 12:00:00,8.288328847813427e-05
2018-08-27 13:00:00,0.00011963963034668538
2018-08-27 14:00:00,7.86828324056083e-05
2018-08-27 15:00:00,7.951497553898561e-05
2018-08-27 16:00:00,6.54303816551999e-05
2018-08-27 17:00:00,6.528837406996014e-05
2018-08-27 18:00:00,6.110874776458316e-05
2018-08-27 19:00:00,6.115091311117876e-05
2018-08-27 20:00:00,6.077792738363065e-05
2018-08-27 21:00:00,6.059145054258843e-05
2018-08-27 22:00:00,8.278121952634363e-05
2018-08-27 23:00:00,9.648445570530405e-05
2018-08-28 00:00:00,0.00031364391884584013
2018-08-28 01:00:00,0.00012948622530537828
2018-08-28 02:00:00,0.00012672228893161123
2018-08-28 03:00:00,7.054600428974747e-05
2018-08-28 04:00:00,6.722042731840626e-05
2018-08-28 05:00:00,6.680790211518403e-05
2018-08-28 06:00:00,6.79946539745513e-05
2018-08-28 07:00:00,0.00012818022273597277
2018-08-28 08:00:00,9.135111181522493e-05
2018-08-28 09:00:00,6.883226544740296e-05
2018-08-28 10:00:00,6.772607801048637e-05
2018-08-28 11:00:00,6.907357884520547e-05
2018-08-28 12:00:00,0.0003344515265726643
2018-08-28 13:00:00,0.00011489028911052852
2018-08-28 14:00:00,0.00014777323010013285
2018-08-28 15:00:00,0.00016080711031028956
2018-08-28 16:00:00,0.000106243269802819
2018-08-28 17:00:00,0.00013268036915033417
2018-08-28 18:00:00,0.0001499883024065441
2018-08-28 19:00:00,8.881093029472417e-05
2018-08-28 20:00:00,0.00013806410309015864
2018-08-28 21:00:00,0.00015047690704576052
2018-08-28 22:00:00,0.00015770024921472198
2018-08-28 23:00:00,0.0001524626883987829
2018-08-29 00:00:00,0.00012444065216174282
2018-08-29 01:00:00,7.4349615192554e-05
2018-08-29 02:00:00,8.165767320616226e-05
2018-08-29 03:00:00,8.428470410853204e-05
2018-08-29 04:00:00,6.354277092972297e-05
2018-08-29 05:00:00,6.200878790453658e-05
2018-08-29 06:00:00,6.568326103758891e-05
2018-08-29 07:00:00,6.938872181150524e-05
2018-08-29 08:00:00,9.388871208184053e-05
2018-08-29 09:00:00,0.00010334559316532704
2018-08-29 10:00:00,0.00011797132756987118
2018-08-29 11:00:00,7.550515797434986e-05
2018-08-29 12:00:00,6.876645082838601e-05
2018-08-29 13:00:00,8.738741253972494e-05
2018-08-29 14:00:00,7.293623136995758e-05
2018-08-29 15:00:00,6.8851457595012e-05
2018-08-29 16:00:00,0.00027630649052359915
2018-08-29 17:00:00,0.0001250651484517509
2018-08-29 18:00:00,9.018196994744414e-05
2018-08-29 19:00:00,9.872631695217566e-05
2018-08-29 20:00:00,6.39904489735124e-05
2018-08-29 21:00:00,0.00011027977731709645
2018-08-29 22:00:00,6.611539711056824e-05
2018-08-29 23:00:00,6.194247663232775e-05
2018-08-30 00:00:00,6.12353138334553e-05
2018-08-30 01:00:00,6.324086408544211e-05
2018-08-30 02:00:00,6.465041773939338e-05
2018-08-30 03:00:00,9.464502439282043e-05
2018-08-30 04:00:00,6.609926963643942e-05
2018-08-30 05:00:00,6.670502265920836e-05
2018-08-30 06:00:00,0.00010342037002160856
2018-08-30 07:00:00,0.00011166848934276431
2018-08-30 08:00:00,6.348714518433937e-05
2018-08-30 09:00:00,8.651855244210836e-05
2018-08-30 10:00:00,0.0001263765186523758
2018-08-30 11:00:00,8.29504385175627e-05
2018-08-30 12:00:00,0.00011308850062131792
2018-08-30 13:00:00,0.00012221884125504658
2018-08-30 14:00:00,0.00010452392546703969
2018-08-30 15:00:00,8.246650336507783e-05
2018-08-30 16:00:00,6.465333160527921e-05
2018-08-30 17:00:00,5.641540814304298e-05
2018-08-30 18:00:00,5.4892896244095414e-05
2018-08-30 19:00:00,7.882803727709735e-05
2018-08-30 20:00:00,5.7217894846191617e-05
2018-08-30 21:00:00,0.000150226758336678
2018-08-30 22:00:00,0.00011463692024645578
2018-08-30 23:00:00,0.00010633458632420299
2018-08-31 00:00:00,0.00011291902304020736
2018-08-31 01:00:00,9.29574318365032e-05
2018-08-31 02:00:00,5.552182391763849e-05
2018-08-31 03:00:00,5.483119364251898e-05
2018-08-31 04:00:00,5.530995573192536e-05
2018-08-31 05:00:00,7.849392973633555e-05
2018-08-31 06:00:00,5.648302361342519e-05
2018-08-31 07:00:00,5.5455561964376214e-05
2018-08-31 08:00:00,6.6355586740972e-05
2018-08-31 09:00:00,6.158105011499854e-05
2018-08-31 10:00:00,6.75007558037843e-05
2018-08-31 11:00:00,5.395881374373206e-05
2018-08-31 12:00:00,5.345948218557961e-05
2018-08-31 13:00:00,0.00010361482760830665
2018-08-31 14:00:00,7.171541221707678e-05
2018-08-31 15:00:00,7.890918926466531e-05
2018-08-31 16:00:00,0.00015706308064883143
2018-08-31 17:00:00,9.427038958003055e-05
2018-08-31 18:00:00,0.00011104590656155483
2018-08-31 19:00:00,0.00012252815337245214
2018-08-31 20:00:00,6.87237505475107e-05
2018-08-31 21:00:00,6.757563385257851e-05
2018-08-31 22:00:00,0.00011031451314263474
2018-09-03 23:00:00,4.964257651294296e-05
2018-09-04 00:00:00,4.328988594180258e-05
2018-09-04 01:00:00,4.49291381737516e-05
2018-09-04 02:00:00,4.8105321430041825e-05
2018-09-04 03:00:00,6.703796930177653e-05
2018-09-04 04:00:00,5.034513689662483e-05
2018-09-04 05:00:00,4.909939551954367e-05
2018-09-04 06:00:00,5.677919426931745e-05
2018-09-04 07:00:00,5.236368327177014e-05
2018-09-04 08:00:00,5.619451364494699e-05
2018-09-04 09:00:00,5.991984660703148e-05
2018-09-04 10:00:00,5.052060469678097e-05
2018-09-04 11:00:00,4.8481806628747736e-05
2018-09-04 12:00:00,7.624606750536702e-05
2018-09-04 13:00:00,0.0001437495910662635
2018-09-04 14:00:00,6.362238317408976e-05
2018-09-04 15:00:00,5.169415639586747e-05
2018-09-04 16:00:00,8.093191374178875e-05
2018-09-04 17:00:00,7.363399013447619e-05
2018-09-04 18:00:00,7.995709229409508e-05
2018-09-04 19:00:00,0.00015030416194950505
2018-09-04 20:00:00,9.723223069871014e-05
2018-09-04 21:00:00,0.0001046431214664262
2018-09-04 22:00:00,0.00010323873698793005
2018-09-04 23:00:00,5.900004067885926e-05
2018-09-05 00:00:00,6.64007103184684e-05
2018-09-05 01:00:00,5.324208607968961e-05
2018-09-05 02:00:00,9.687606038670102e-05
2018-09-05 03:00:00,0.00010174309431004704
2018-09-05 04:00:00,5.2370430464081184e-05
2018-09-05 05:00:00,4.9788290298166777e-05
2018-09-05 06:00:00,5.3519560955541926e-05
2018-09-05 07:00:00,5.318083905792217e-05
2018-09-05 08:00:00,6.142403564244902e-05
2018-09-05 09:00:00,5.451269495469939e-05
2018-09-05 10:00:00,0.0002726930351409805
2018-09-05 11:00:00,0.00035992146808028116
2018-09-05 12:00:00,0.00033180281631792837
2018-09-05 13:00:00,0.0002538824578508718
2018-09-05 14:00:00,0.00025839999026701274
2018-09-05 15:00:00,0.0003027436161678084
2018-09-05 16:00:00,0.00028348353813654337
2018-09-05 17:00:00,0.0004566629995041912
2018-09-05 18:00:00,0.00039592077893467524
2018-09-05 19:00:00,0.00022216743368961965
2018-09-05 20:00:00,0.00020162229460463793
2018-09-05 21:00:00,0.0002094642385690524
2018-09-05 22:00:00,0.0005252075415640281
2018-09-05 23:00:00,0.00032603625250290203
2018-09-06 00:00:00,0.0007418485192118924
2018-09-06 01:00:00,0.0008728077191079205
2018-09-06 02:00:00,0.0006834279844499884
2018-09-06 03:00:00,0.00045121841689803647
2018-09-06 04:00:00,0.0002867924927852085
2018-09-06 05:00:00,0.0002426691628977176
2018-09-06 06:00:00,0.0003388450028765924
2018-09-06 07:00:00,0.00020964875347236788
2018-09-06 08:00:00,0.0002834410905566035
2018-09-06 09:00:00,0.0001502067313767498
2018-09-06 10:00:00,0.00039878452406574
2018-09-06 11:00:00,0.0001644338327747767
2018-09-06 12:00:00,0.00016011385132099734
2018-09-06 13:00:00,0.00016314481298161123
2018-09-06 14:00:00,0.0002512530783256306
2018-09-06 15:00:00,0.00023742751394675515
2018-09-06 16:00:00,0.00025605088888344847
2018-09-06 17:00:00,0.000127138851305892
2018-09-06 18:00:00,0.00015399539112204513
2018-09-06 19:00:00,0.0003792942598701462
2018-09-06 20:00:00,0.00012990126565399026
2018-09-06 21:00:00,0.00016037345718653698
2018-09-06 22:00:00,0.0001692717949757965
2018-09-06 23:00:00,0.00016006132713703572
2018-09-07 00:00:00,0.0001373289694908688
2018-09-07 01:00:00,0.0001120330269767799
2018-09-07 02:00:00,5.645763068735936e-05
2018-09-07 03:00:00,8.971661897077154e-05
2018-09-07 04:00:00,5.787252300988696e-05
2018-09-07 05:00:00,5.684667864268198e-05
2018-09-07 06:00:00,5.742535791371837e-05
2018-09-07 07:00:00,0.00011378740054955387
2018-09-07 08:00:00,6.311834950957735e-05
2018-09-07 09:00:00,9.626732718687132e-05
2018-09-07 10:00:00,5.707441182815601e-05
2018-09-07 11:00:00,0.0001783451301926402
2018-09-07 12:00:00,0.00011884707097519802
2018-09-07 13:00:00,0.00010843201728668706
2018-09-07 14:00:00,0.00010242958468009051
2018-09-07 15:00:00,0.00010710252545816825
2018-09-07 16:00:00,0.00012019047352939498
2018-09-07 17:00:00,0.00017932378092334192
2018-09-07 18:00:00,0.00012964562894094426
2018-09-07 19:00:00,8.391044026417864e-05
2018-09-07 20:00:00,5.8643325675851115e-05
2018-09-07 21:00:00,9.863594450799878e-05
2018-09-07 22:00:00,0.0001099237267024063
2018-09-07 23:00:00,6.0256958678496275e-05
2018-09-08 00:00:00,5.4681298013834564e-05
2018-09-08 01:00:00,5.8327210656255846e-05
2018-09-08 02:00:00,5.612740846161846e-05
2018-09-08 03:00:00,5.3929931807021176e-05
2018-09-08 04:00:00,5.456076108639508e-05
2018-09-08 05:00:00,5.325076882091682e-05
2018-09-08 06:00:00,5.215831690203168e-05
2018-09-08 07:00:00,5.460683060059586e-05
2018-09-08 09:00:00,5.768186449543437e-05
2018-09-08 10:00:00,5.653417966698495e-05
2018-09-08 11:00:00,5.370862014278063e-05
2018-09-08 12:00:00,5.583970616425844e-05
2018-09-08 13:00:00,0.00015450354511298313
2018-09-08 16:00:00,0.00011598173384056981
2018-09-08 17:00:00,0.00011137866025372096
2018-09-08 18:00:00,0.0004403535005330731
2018-09-08 19:00:00,0.00045623589178634045
2018-09-08 20:00:00,0.0001698670547637662
2018-09-08 21:00:00,0.0002829725037891227
2018-09-08 22:00:00,0.00012523415893201403
2018-09-08 23:00:00,8.868924339714184e-05
2018-09-09 00:00:00,8.935709418198e-05
2018-09-09 02:00:00,8.841794712734353e-05
2018-09-09 03:00:00,0.00011321620703525134
2018-09-09 04:00:00,0.0001503062600091153
2018-09-09 05:00:00,0.0005769470444024353
2018-09-09 06:00:00,9.957682685773562e-05
2018-09-09 07:00:00,8.533489263877203e-05
2018-09-09 08:00:00,7.937553138949575e-05
2018-09-09 09:00:00,8.118332015316728e-05
2018-09-09 10:00:00,0.0005637226270980692
2018-09-09 11:00:00,0.00018609100036571588
2018-09-09 12:00:00,0.0001841696013970695
2018-09-09 13:00:00,0.00017392545234203396
2018-09-09 14:00:00,0.00024952199998319613
2018-09-09 15:00:00,0.0001626863831093161
2018-09-09 16:00:00,0.0001359184775422943
2018-09-09 17:00:00,8.440724790488429e-05
2018-09-09 18:00:00,7.333580687994083e-05
2018-09-09 19:00:00,7.067804265626433e-05
2018-09-09 20:00:00,6.875061181974183e-05
2018-09-09 21:00:00,6.587044870154229e-05
2018-09-09 22:00:00,8.585102640711619e-05
2018-09-09 23:00:00,0.00042896605918630747
2018-09-10 00:00:00,0.00015148627662596044
2018-09-10 01:00:00,0.0001388366970756239
2018-09-10 02:00:00,0.00014117425585995455
2018-09-10 03:00:00,0.00012471961344656096
2018-09-10 04:00:00,7.493571280904459e-05
2018-09-10 05:00:00,8.27435849102709e-05
2018-09-10 06:00:00,7.39685377174712e-05
2018-09-10 07:00:00,6.933197306522695e-05
2018-09-10 08:00:00,7.193357131920531e-05
2018-09-10 09:00:00,6.822929018801849e-05
2018-09-10 10:00:00,9.255964646928702e-05
2018-09-10 11:00:00,7.965376528294905e-05
2018-09-10 12:00:00,6.359269292072817e-05
2018-09-10 13:00:00,5.64585292832733e-05
2018-09-10 14:00:00,5.467284711441012e-05
2018-09-10 15:00:00,9.7903057239508e-05
2018-09-10 16:00:00,6.594582290025904e-05
2018-09-10 17:00:00,9.847417352581754e-05
2018-09-10 18:00:00,0.00010286483239287202
2018-09-10 19:00:00,6.093587142795754e-05
2018-09-10 20:00:00,5.536192412833945e-05
2018-09-10 21:00:00,6.530801127305721e-05
2018-09-10 22:00:00,9.889101267684197e-05
2018-09-11 00:00:00,9.414280939883693e-05
2018-09-11 01:00:00,7.793476329317834e-05
2018-09-11 02:00:00,8.977874329660128e-05
2018-09-11 03:00:00,9.5566471091716e-05
2018-09-11 04:00:00,5.1802128287512825e-05
2018-09-11 05:00:00,4.859331234952519e-05
2018-09-11 06:00:00,5.399789436833366e-05
2018-09-11 07:00:00,6.406418425052459e-05
2018-09-11 08:00:00,8.499093704088764e-05
2018-09-11 09:00:00,5.792379984897715e-05
2018-09-11 10:00:00,8.50351264428586e-05
2018-09-11 11:00:00,5.247092974953012e-05
2018-09-11 12:00:00,0.00014294870439613046
2018-09-11 13:00:00,0.00010286705279304952
2018-09-11 14:00:00,8.600127468045741e-05
2018-09-11 16:00:00,0.00013825904171778247
2018-09-11 17:00:00,9.33838416549118e-05
2018-09-11 18:00:00,5.404362299849345e-05
2018-09-11 19:00:00,0.0001566092199367591
2018-09-11 20:00:00,0.00011117237437554189
2018-09-11 21:00:00,9.962155614927479e-05
2018-09-11 22:00:00,0.00017966477307707857
2018-09-11 23:00:00,8.14399030665824e-05
2018-09-12 00:00:00,5.3201736772580446e-05
2018-09-12 01:00:00,5.495414008074813e-05
2018-09-12 02:00:00,5.750247313713241e-05
2018-09-12 03:00:00,5.439248086390082e-05
2018-09-12 04:00:00,7.339077649784173e-05
2018-09-12 05:00:00,5.572840812925793e-05
2018-09-12 06:00:00,5.496110426889398e-05
2018-09-12 07:00:00,7.19359339961786e-05
2018-09-12 08:00:00,7.589592156835295e-05
2018-09-12 09:00:00,9.782880272580801e-05
2018-09-12 10:00:00,5.722912043269921e-05
2018-09-12 11:00:00,5.6342209968821955e-05
2018-09-12 12:00:00,7.289618611499913e-05
2018-09-12 13:00:00,7.799350191184037e-05
2018-09-12 14:00:00,8.492682917190444e-05
2018-09-12 15:00:00,5.450249271216437e-05
2018-09-12 16:00:00,5.28208080614377e-05
2018-09-12 17:00:00,5.327575355694233e-05
2018-09-12 18:00:00,5.528224305088503e-05
2018-09-12 19:00:00,9.16558359212461e-05
2018-09-12 20:00:00,7.047258943561398e-05
2018-09-12 21:00:00,5.205961724078923e-05
2018-09-12 22:00:00,6.414949365984628e-05
2018-09-12 23:00:00,6.473417978742673e-05
2018-09-13 00:00:00,4.7524192605867644e-05
2018-09-13 01:00:00,8.532417086877765e-05
2018-09-13 02:00:00,5.0875096515876186e-05
2018-09-13 03:00:00,4.9751478529180194e-05
2018-09-13 04:00:00,4.62952348184296e-05
2018-09-13 05:00:00,4.8391982694439465e-05
2018-09-13 06:00:00,4.892297559308967e-05
2018-09-13 07:00:00,4.8799940989413015e-05
2018-09-13 08:00:00,5.066177894262214e-05
2018-09-13 09:00:00,5.078719300543722e-05
2018-09-13 10:00:00,9.726068486499223e-05
2018-09-13 11:00:00,5.2891011823541304e-05
2018-09-13 12:00:00,5.2370210373524456e-05
2018-09-13 13:00:00,0.00010373560520760465
2018-09-13 14:00:00,0.00010870931190322535
2018-09-13 15:00:00,0.00012030959649645664
2018-09-13 16:00:00,0.00010249481026241562
2018-09-13 17:00:00,0.0001479825025097581
2018-09-13 18:00:00,8.242575834029035e-05
2018-09-13 19:00:00,8.898732766943234e-05
2018-09-13 20:00:00,0.00011768528618311983
2018-09-13 21:00:00,0.00013006038586245262
2018-09-13 22:00:00,0.0001314875102801776
2018-09-13 23:00:00,0.00011874404029100195
2018-09-14 00:00:00,0.00012678127853509076
2018-09-14 01:00:00,0.00010270756719565752
2018-09-14 02:00:00,9.187310817799475e-05
2018-09-14 03:00:00,0.00012142275425516563
2018-09-14 04:00:00,0.00010495122467523968
2018-09-14 05:00:00,5.4591451494080986e-05
2018-09-14 06:00:00,5.358432267020449e-05
2018-09-14 07:00:00,5.64741647864089e-05
2018-09-14 08:00:00,8.369875594010646e-05
2018-09-14 09:00:00,0.00024561306215312823
2018-09-14 10:00:00,0.00012645865677730661
2018-09-14 11:00:00,5.999475638464211e-05
2018-09-14 12:00:00,5.904680191707938e-05
2018-09-14 13:00:00,7.98836546058835e-05
2018-09-14 14:00:00,0.00011005388355727712
2018-09-14 15:00:00,8.559483468819659e-05
2018-09-14 16:00:00,6.180617884846319e-05
2018-09-14 17:00:00,9.687296158997479e-05
2018-09-14 18:00:00,0.00010874985582784908
2018-09-14 19:00:00,6.1103695868862e-05
2018-09-14 20:00:00,9.115698334303712e-05
2018-09-14 21:00:00,0.00011177337280080549
2018-09-14 22:00:00,8.037405906613366e-05
2018-09-14 23:00:00,0.00010461995794088824
2018-09-15 00:00:00,0.00010416627433938085
2018-09-15 01:00:00,8.210237141610162e-05
2018-09-15 02:00:00,6.021206222329595e-05
2018-09-15 03:00:00,6.433451526689274e-05
2018-09-15 04:00:00,6.021561955617028e-05
2018-09-15 05:00:00,5.605886600670977e-05
2018-09-15 07:00:00,5.0250544126660106e-05
2018-09-15 08:00:00,5.2895769499592695e-05
2018-09-15 09:00:00,7.936578949266487e-05
2018-09-15 10:00:00,5.616264458132699e-05
2018-09-15 11:00:00,8.94127319484416e-05
2018-09-15 12:00:00,9.435874003368924e-05
2018-09-15 13:00:00,5.6180059403083534e-05
2018-09-15 14:00:00,9.261064010573413e-05
2018-09-15 15:00:00,9.42001944003781e-05
2018-09-15 16:00:00,7.177888503192463e-05
2018-09-15 17:00:00,5.2229817001075026e-05
2018-09-15 18:00:00,5.241341910516521e-05
2018-09-15 19:00:00,6.914223799296663e-05
2018-09-15 20:00:00,5.645128441236915e-05
2018-09-15 21:00:00,4.9404579380823906e-05
2018-09-15 22:00:00,9.306118405693158e-05
2018-09-15 23:00:00,5.5696623705359464e-05
2018-09-16 00:00:00,5.359639745378657e-05
2018-09-16 01:00:00,5.3818618299112015e-05
2018-09-16 02:00:00,5.658980377582183e-05
2018-09-16 03:00:00,5.890497407398494e-05
2018-09-16 04:00:00,5.588447067407024e-05
2018-09-16 05:00:00,0.00032448942294557555
2018-09-16 06:00:00,0.00010196420881149455
2018-09-16 07:00:00,6.444515542468374e-05
2018-09-16 08:00:00,5.505250309786922e-05
2018-09-16 09:00:00,7.647088750589311e-05
2018-09-16 10:00:00,8.41650944973046e-05
2018-09-16 11:00:00,5.7823395316806185e-05
2018-09-16 12:00:00,5.8165999346730303e-05
2018-09-16 13:00:00,7.476686997541577e-05
2018-09-16 14:00:00,0.00010235023743982395
2018-09-16 15:00:00,6.078104778674807e-05
2018-09-16 16:00:00,9.772834056647956e-05
2018-09-16 17:00:00,0.00010398559880116157
2018-09-16 18:00:00,0.00010924425935248065
2018-09-16 19:00:00,7.239427434509841e-05
2018-09-16 20:00:00,5.7107655742822876e-05
2018-09-16 21:00:00,9.831826978982797e-05
2018-09-16 22:00:00,6.190794547112753e-05
2018-09-16 23:00:00,5.385508236843366e-05
2018-09-17 00:00:00,9.049773521703447e-05
2018-09-17 01:00:00,5.296118810702304e-05
2018-09-17 02:00:00,5.0700292687172485e-05
2018-09-17 03:00:00,5.234844019607067e-05
2018-09-17 04:00:00,5.229772330819994e-05
2018-09-17 05:00:00,6.482550189720875e-05
2018-09-17 06:00:00,5.12758286203524e-05
2018-09-17 07:00:00,4.855829134395031e-05
2018-09-17 08:00:00,4.787451472924893e-05
2018-09-17 09:00:00,7.663097426135023e-05
2018-09-17 10:00:00,0.0001515890002682937
2018-09-17 11:00:00,9.951298569568255e-05
2018-09-17 12:00:00,5.2166228812830027e-05
2018-09-17 13:00:00,8.528173878993958e-05
2018-09-17 14:00:00,0.00010867504073904338
2018-09-17 15:00:00,0.00027485510411723226
2018-09-17 16:00:00,0.00034669833303100484
2018-09-17 17:00:00,0.00013244404719162282
2018-09-17 18:00:00,0.00013342917550262108
2018-09-17 19:00:00,0.0001276407977206227
2018-09-17 20:00:00,0.00012367217347703305
2018-09-17 21:00:00,0.00021087251443862432
2018-09-17 22:00:00,0.00014363500782495022
2018-09-17 23:00:00,0.0001271328605924109
2018-09-18 00:00:00,0.00010265637362398893
2018-09-18 01:00:00,6.92588922034392e-05
2018-09-18 02:00:00,5.906914197880738e-05
2018-09-18 03:00:00,5.924304732590098e-05
2018-09-18 04:00:00,6.0424156754676936e-05
2018-09-18 05:00:00,6.516209650508185e-05
2018-09-18 06:00:00,6.336437684871909e-05
2018-09-18 07:00:00,6.48459584601953e-05
2018-09-18 08:00:00,6.486114645983088e-05
2018-09-18 09:00:00,0.00010723554433696615
2018-09-18 10:00:00,8.244907032049752e-05
2018-09-18 11:00:00,0.00010492019705628964
2018-09-18 12:00:00,0.00010485947476852918
2018-09-18 13:00:00,0.0001633462333324114
2018-09-18 14:00:00,0.00013915563839681015
2018-09-18 15:00:00,0.00011699687540940431
2018-09-18 16:00:00,5.953233467503242e-05
2018-09-18 17:00:00,5.8652828146453594e-05
2018-09-18 18:00:00,8.420045369487244e-05
2018-09-18 19:00:00,9.737517480304955e-05
2018-09-18 20:00:00,0.00028944847904341966
2018-09-18 21:00:00,6.207500047203249e-05
2018-09-18 22:00:00,9.84061390714959e-05
2018-09-18 23:00:00,0.00011354423703178837
2018-09-19 00:00:00,7.156460714172562e-05
2018-09-19 01:00:00,5.889801061038993e-05
2018-09-19 02:00:00,5.5648381032742535e-05
2018-09-19 03:00:00,5.904378965031374e-05
2018-09-19 04:00:00,9.636003908281983e-05
2018-09-19 05:00:00,5.9500067379454815e-05
2018-09-19 06:00:00,5.8044854932803075e-05
2018-09-19 07:00:00,6.103649670496885e-05
2018-09-19 08:00:00,6.866119295989177e-05
2018-09-19 09:00:00,6.462541333289893e-05
2018-09-19 10:00:00,7.207314406281066e-05
2018-09-19 11:00:00,6.990222666398444e-05
2018-09-19 12:00:00,0.000116759641602889
2018-09-19 13:00:00,0.00010718876358492916
2018-09-19 14:00:00,7.561151690447523e-05
2018-09-19 15:00:00,8.503156961461212e-05
2018-09-19 16:00:00,7.795191355792733e-05
2018-09-19 17:00:00,6.654883389167228e-05
2018-09-19 18:00:00,7.15094685465807e-05
2018-09-19 19:00:00,0.0003116014621585496
2018-09-19 20:00:00,0.0004249724561145601
2018-09-19 21:00:00,0.00015542575729426088
2018-09-19 22:00:00,0.0001655052483303573
2018-09-19 23:00:00,0.00016854868339650676
2018-09-20 00:00:00,0.00010020246714040354
2018-09-20 01:00:00,8.504044011897764e-05
2018-09-20 02:00:00,0.00016586300888973848
2018-09-20 03:00:00,0.0001678672823221949
2018-09-20 04:00:00,8.530718390162143e-05
2018-09-20 05:00:00,8.404281885176894e-05
2018-09-20 06:00:00,8.21677273682298e-05
2018-09-20 07:00:00,8.007554142466666e-05
2018-09-20 08:00:00,7.915621512248157e-05
2018-09-20 09:00:00,7.571237804548237e-05
2018-09-20 10:00:00,7.572827482480032e-05
2018-09-20 11:00:00,7.235925214713126e-05
2018-09-20 12:00:00,0.0001228933781314877
2018-09-20 13:00:00,8.351743118721177e-05
2018-09-20 14:00:00,8.622308514578364e-05
2018-09-20 15:00:00,7.737708668531596e-05
2018-09-20 16:00:00,8.573156633122556e-05
2018-09-20 17:00:00,8.165601548382458e-05
2018-09-20 18:00:00,8.522904489770112e-05
2018-09-20 19:00:00,7.758017669316925e-05
2018-09-20 20:00:00,5.3918552512577534e-05
2018-09-20 21:00:00,0.00013082528057286908
2018-09-20 22:00:00,0.00021494676494677567
2018-09-20 23:00:00,0.000231812397185981
2018-09-21 00:00:00,0.00018541778880552427
2018-09-21 01:00:00,0.0002093359365710089
2018-09-21 02:00:00,7.587446945047036e-05
2018-09-21 03:00:00,0.0001196664409159804
2018-09-21 04:00:00,0.00010562811581192194
2018-09-21 05:00:00,7.38353093727352e-05
2018-09-21 06:00:00,7.807178561116712e-05
2018-09-21 07:00:00,6.788564239054444e-05
2018-09-21 08:00:00,0.00018992119632976306
2018-09-21 09:00:00,0.00030660095057917394
2018-09-21 10:00:00,0.000339906361071323
2018-09-21 11:00:00,0.00010623853629199609
2018-09-21 12:00:00,0.00022096981468186535
2018-09-21 13:00:00,0.00018361864821196588
2018-09-21 14:00:00,0.00024536954310279646
2018-09-21 15:00:00,0.0002608518367400839
2018-09-21 16:00:00,0.00038820692033716926
2018-09-21 17:00:00,0.00041706729163683753
2018-09-21 18:00:00,0.00031341347702766874
2018-09-21 19:00:00,0.0001467225314280706
2018-09-21 20:00:00,0.00014771600149602563
2018-09-21 21:00:00,0.00022424461619487948
2018-09-21 22:00:00,0.0002271927524041415
2018-09-21 23:00:00,0.00013310800975125175
2018-09-22 00:00:00,0.0001265185769575543
2018-09-22 01:00:00,0.00020705384522255464
2018-09-22 02:00:00,0.00011224933271390184
2018-09-22 03:00:00,6.242280609758107e-05
2018-09-22 04:00:00,0.00011875701828361123
2018-09-22 05:00:00,0.00017822503853771616
2018-09-22 06:00:00,0.00011004697346422836
2018-09-22 07:00:00,7.3854247528677e-05
2018-09-22 08:00:00,7.901453559868107e-05
2018-09-22 09:00:00,0.0001645280329177277
2018-09-22 10:00:00,0.00010234219708080052
2018-09-22 11:00:00,5.328566278939533e-05
2018-09-22 12:00:00,9.588426277385474e-05
2018-09-22 13:00:00,9.093501761843314e-05
2018-09-22 14:00:00,9.621780606654818e-05
2018-09-22 15:00:00,5.400368622032239e-05
2018-09-22 16:00:00,9.1653015941721e-05
2018-09-22 17:00:00,5.858869584133335e-05
2018-09-22 18:00:00,4.860805441472632e-05
2018-09-22 19:00:00,0.00016065387050355007
2018-09-22 20:00:00,5.208194037827069e-05
2018-09-22 21:00:00,6.757175577894346e-05
2018-09-22 22:00:00,7.277158693280598e-05
2018-09-22 23:00:00,5.1134516362928864e-05
2018-09-23 00:00:00,4.822475584525192e-05
2018-09-23 01:00:00,5.363295716046274e-05
2018-09-23 02:00:00,4.851195461970897e-05
2018-09-23 03:00:00,5.702557503505109e-05
2018-09-23 04:00:00,6.0010195281489726e-05
2018-09-23 05:00:00,5.930126738032796e-05
2018-09-23 06:00:00,6.139098880805398e-05
2018-09-23 07:00:00,6.318828478304582e-05
2018-09-23 08:00:00,6.880827127899179e-05
2018-09-23 09:00:00,6.29157986542772e-05
2018-09-23 10:00:00,0.00016346883779968865
2018-09-23 11:00:00,0.00015219830046154704
2018-09-23 12:00:00,8.177723275662154e-05
2018-09-23 13:00:00,0.00011872398162231682
2018-09-23 14:00:00,7.250752264162109e-05
2018-09-23 15:00:00,0.00014607769843825896
2018-09-23 16:00:00,0.00017913013778177004
2018-09-23 17:00:00,0.00011735110373156767
2018-09-23 18:00:00,8.129493038225073e-05
2018-09-23 19:00:00,7.279112228996357e-05
2018-09-23 20:00:00,7.511044917811341e-05
2018-09-23 21:00:00,7.131431766960502e-05
2018-09-23 22:00:00,7.096472085537988e-05
2018-09-23 23:00:00,0.00012852640326171315
2018-09-24 00:00:00,6.952706875523329e-05
2018-09-24 01:00:00,6.530825327084439e-05
2018-09-24 02:00:00,5.988689524465915e-05
2018-09-24 03:00:00,5.483606162483209e-05
2018-09-24 04:00:00,5.4247088457841696e-05
2018-09-24 05:00:00,6.012145457205364e-05
2018-09-24 06:00:00,5.423285141483056e-05
2018-09-24 07:00:00,0.00010169713438487843
2018-09-24 08:00:00,5.66796428885064e-05
2018-09-24 09:00:00,5.473457698959707e-05
2018-09-24 10:00:00,0.00014906674424504065
2018-09-24 11:00:00,5.941208908518678e-05
2018-09-24 12:00:00,5.555668560013618e-05
2018-09-24 13:00:00,8.034610142078412e-05
2018-09-24 14:00:00,5.93734746051122e-05
2018-09-24 15:00:00,4.681755570852834e-05
2018-09-24 16:00:00,4.5599974127076856e-05
2018-09-24 17:00:00,4.546284018167801e-05
2018-09-24 18:00:00,5.1197332073682806e-05
2018-09-24 19:00:00,5.125036790496996e-05
2018-09-24 20:00:00,4.6981134162954275e-05
2018-09-24 21:00:00,5.50268115314405e-05
2018-09-24 22:00:00,5.5928076818913254e-05
2018-09-24 23:00:00,9.91824399869612e-05
2018-09-25 00:00:00,0.00013079879034826703
2018-09-25 01:00:00,0.0001597057596346425
2018-09-25 02:00:00,0.0001778416821764471
2018-09-25 03:00:00,0.0001120785275750775
2018-09-25 04:00:00,0.0001168001177595845
2018-09-25 05:00:00,6.652308421342572e-05
2018-09-25 06:00:00,5.6100009588713065e-05
2018-09-25 07:00:00,5.726404697159745e-05
2018-09-25 08:00:00,0.00012195787119720666
2018-09-25 09:00:00,9.279894290034073e-05
2018-09-25 10:00:00,5.632513115600804e-05
2018-09-25 11:00:00,5.524630932962886e-05
2018-09-25 12:00:00,5.859646877785159e-05
2018-09-25 13:00:00,9.161493462507205e-05
2018-09-25 14:00:00,0.00010283241106488484
2018-09-25 15:00:00,6.406442433602833e-05
2018-09-25 16:00:00,0.00010153790158282463
2018-09-25 17:00:00,5.297181152331183e-05
2018-09-25 18:00:00,7.099538983992332e-05
2018-09-25 19:00:00,0.0001383825749116373
2018-09-25 20:00:00,7.558666620308038e-05
2018-09-25 21:00:00,0.00024924000155450286
2018-09-25 22:00:00,0.00019914032038203684
2018-09-25 23:00:00,8.423060069758885e-05
2018-09-26 00:00:00,0.00012585195632644827
2018-09-26 01:00:00,6.141558337478195e-05
2018-09-26 02:00:00,5.7385554791085183e-05
2018-09-26 03:00:00,4.890549431374278e-05
2018-09-26 04:00:00,5.7198266157978913e-05
2018-09-26 05:00:00,5.505501737016984e-05
2018-09-26 06:00:00,8.326312158248932e-05
2018-09-26 07:00:00,5.660746395429387e-05
2018-09-26 08:00:00,6.0214011285211064e-05
2018-09-26 09:00:00,6.389518916994624e-05
2018-09-26 10:00:00,6.212413894391334e-05
2018-09-26 11:00:00,6.186555767373498e-05
2018-09-26 12:00:00,0.00011687122351366007
2018-09-26 13:00:00,9.092845701039194e-05
2018-09-26 14:00:00,6.668243768516378e-05
2018-09-26 15:00:00,6.487527901445655e-05
2018-09-26 16:00:00,0.00011146172357091902
2018-09-26 17:00:00,0.00010187002113884642
2018-09-26 18:00:00,6.666699896815939e-05
2018-09-26 19:00:00,5.60754965857189e-05
2018-09-26 20:00:00,6.348051974699313e-05
2018-09-26 21:00:00,5.217252891370752e-05
2018-09-26 22:00:00,9.274485132652229e-05
2018-09-26 23:00:00,8.7193352258306e-05
2018-09-27 00:00:00,8.607034897220246e-05
2018-09-27 01:00:00,9.546089429464215e-05
2018-09-27 02:00:00,5.641055248074926e-05
2018-09-27 03:00:00,3.706938127132261e-05
2018-09-27 04:00:00,3.1313090559241505e-05
2018-09-27 05:00:00,2.985086775258821e-05
2018-09-27 06:00:00,2.9535135253770617e-05
2018-09-27 07:00:00,4.4118873990036545e-05
2018-09-27 08:00:00,5.459644495066943e-05
2018-09-27 09:00:00,5.571092018276349e-05
2018-09-27 10:00:00,5.659295664086769e-05
2018-09-27 11:00:00,5.6570015403941376e-05
2018-09-27 12:00:00,5.469820325877617e-05
2018-09-27 13:00:00,5.455648409594851e-05
2018-09-27 14:00:00,8.568797786301587e-05
2018-09-27 15:00:00,5.4908713198887274e-05
2018-09-27 16:00:00,5.32057857563729e-05
2018-09-27 17:00:00,3.540466190881054e-05
2018-09-27 18:00:00,2.9568344891770283e-05
2018-09-27 19:00:00,3.098450220973799e-05
2018-09-27 20:00:00,0.00021497619600186694
2018-09-27 21:00:00,0.0002513880600905513
2018-09-27 22:00:00,9.757292393688686e-05
2018-09-27 23:00:00,0.00010655563374377168
2018-09-28 00:00:00,0.00010021696867733053
2018-09-28 01:00:00,6.21884630029781e-05
2018-09-28 02:00:00,4.09566302684699e-05
2018-09-28 03:00:00,9.153721143418116e-05
2018-09-28 04:00:00,3.9779819400308184e-05
2018-09-28 05:00:00,3.2852230691622885e-05
2018-09-28 06:00:00,3.33172322174123e-05
2018-09-28 07:00:00,8.550698494103066e-05
2018-09-28 08:00:00,0.00013688389086188705
2018-09-28 09:00:00,6.556537105229962e-05
2018-09-28 10:00:00,0.0002671505842035517
2018-09-28 11:00:00,9.728084952719766e-05
2018-09-28 12:00:00,0.0001102804616825114
2018-09-28 13:00:00,0.00013609786497375108
2018-09-28 14:00:00,0.00013311310443382953
2018-09-28 15:00:00,0.0001338036479980383
2018-09-28 16:00:00,0.00012315925259408615
2018-09-28 17:00:00,6.921476711837874e-05
2018-09-28 18:00:00,7.014088165962647e-05
2018-09-28 19:00:00,4.7133952177817533e-05
2018-09-28 20:00:00,0.0003193694773573058
2018-09-28 21:00:00,9.362961702952015e-05
2018-09-28 22:00:00,6.628553582812114e-05
2018-09-28 23:00:00,6.583679691877928e-05
2018-09-29 00:00:00,6.359329137934575e-05
2018-09-29 01:00:00,6.544487651813465e-05
2018-09-29 02:00:00,0.00015751228427556132
2018-09-29 03:00:00,0.00010889007747201788
2018-09-29 04:00:00,6.499978225024378e-05
2018-09-29 05:00:00,9.307773391134977e-05
2018-09-29 06:00:00,5.313073558062875e-05
2018-09-29 07:00:00,8.435009975422177e-05
2018-09-29 09:00:00,8.97219112493346e-05
2018-09-29 10:00:00,9.042029089023629e-05
2018-09-29 11:00:00,0.0001018095053742306
2018-09-29 12:00:00,0.00010588621404640259
2018-09-29 13:00:00,9.588906548457874e-05
2018-09-29 14:00:00,0.00013087251902713025
2018-09-29 15:00:00,9.847987803034532e-05
2018-09-29 16:00:00,0.0001504373251046917
2018-09-29 17:00:00,8.996292746347985e-05
2018-09-29 18:00:00,9.694202698123731e-05
2018-09-29 19:00:00,5.315016939575915e-05
2018-09-29 20:00:00,5.0988900501694005e-05
2018-09-29 21:00:00,0.00013388822966560194
2018-09-29 22:00:00,0.00014058293017529618
2018-09-29 23:00:00,8.963717858596432e-05
2018-09-30 00:00:00,0.00013199156381950706
2018-09-30 01:00:00,0.00014184895304038085
2018-09-30 02:00:00,0.0001342786498390586
2018-09-30 03:00:00,4.87346237584374e-05
2018-09-30 04:00:00,3.528695459647085e-05
2018-09-30 05:00:00,3.148101910575652e-05
2018-09-30 06:00:00,3.168804960436002e-05
2018-09-30 07:00:00,3.5564875743479375e-05
2018-09-30 08:00:00,3.575051302481996e-05
2018-09-30 09:00:00,3.634419731140724e-05
2018-09-30 10:00:00,5.567120804773462e-05
2018-09-30 11:00:00,0.00010386981515847276
2018-09-30 12:00:00,6.951947030783247e-05
2018-09-30 13:00:00,6.981364475897726e-05
2018-09-30 14:00:00,4.673692525795879e-05
2018-09-30 15:00:00,3.99802999358575e-05
2018-09-30 16:00:00,5.8766282328105155e-05
2018-09-30 17:00:00,6.552719478317736e-05
2018-09-30 18:00:00,6.694969025360372e-05
2018-09-30 19:00:00,4.546118479184211e-05
2018-09-30 20:00:00,5.628053049370703e-05
2018-09-30 21:00:00,0.00011232037585033376
