datetime,XGBM
2018-07-03 23:00:00,0.00021102651953697205
2018-07-04 00:00:00,0.0001677800464676693
2018-07-04 01:00:00,0.00020381395006552339
2018-07-04 02:00:00,0.00025660672690719366
2018-07-04 03:00:00,0.00015497542335651815
2018-07-04 04:00:00,0.00019858794985339046
2018-07-04 05:00:00,0.0001769512746250257
2018-07-04 06:00:00,0.00020195353135932237
2018-07-04 07:00:00,0.00015151705883909017
2018-07-04 08:00:00,0.00016426340152975172
2018-07-04 09:00:00,0.00016334871179424226
2018-07-04 10:00:00,0.00018166765221394598
2018-07-04 11:00:00,0.00023807024990674108
2018-07-04 12:00:00,0.000211709484574385
2018-07-04 13:00:00,0.0002371713926550001
2018-07-04 14:00:00,0.0002609270450193435
2018-07-04 15:00:00,0.0002520041016396135
2018-07-04 16:00:00,0.0001654287480050698
2018-07-04 17:00:00,0.00015853940567467362
2018-07-04 18:00:00,0.00018051308870781213
2018-07-04 19:00:00,0.00015522849571425468
2018-07-04 20:00:00,0.00020511106413323432
2018-07-04 21:00:00,0.0001546016283100471
2018-07-04 22:00:00,0.0001790837850421667
2018-07-04 23:00:00,0.00017405685503035784
2018-07-05 00:00:00,0.00024122280592564493
2018-07-05 01:00:00,0.00026273346156813204
2018-07-05 02:00:00,0.00033554399851709604
2018-07-05 03:00:00,0.0002954858064185828
2018-07-05 04:00:00,0.00023638470156583935
2018-07-05 06:00:00,0.0001242706348421052
2018-07-05 07:00:00,0.00012531588436104357
2018-07-05 08:00:00,0.0001354062114842236
2018-07-05 09:00:00,0.00012251923908479512
2018-07-05 10:00:00,0.00017113090143539011
2018-07-05 11:00:00,0.0001525989646324888
2018-07-05 12:00:00,0.00012832344509661198
2018-07-05 13:00:00,0.00012178320321254432
2018-07-05 14:00:00,0.00017035551718436182
2018-07-05 15:00:00,0.00015210284618660808
2018-07-05 16:00:00,0.00017392131849192083
2018-07-05 17:00:00,9.820528794080019e-05
2018-07-05 18:00:00,0.00013370827946346253
2018-07-05 19:00:00,0.00018532109970692545
2018-07-05 20:00:00,0.00016037505702115595
2018-07-05 21:00:00,0.00018054222164209932
2018-07-05 22:00:00,0.00016091011639218777
2018-07-05 23:00:00,0.00014295897562988102
2018-07-06 00:00:00,0.00015578497550450265
2018-07-06 01:00:00,0.00024825925356708467
2018-07-06 02:00:00,0.00011845689732581377
2018-07-06 03:00:00,8.743791113374755e-05
2018-07-06 04:00:00,8.612056262791157e-05
2018-07-06 05:00:00,0.00022073541185818613
2018-07-06 06:00:00,0.00011628436914179474
2018-07-06 07:00:00,0.00019559258362278342
2018-07-06 08:00:00,0.00019465586228761822
2018-07-06 09:00:00,0.00018475783872418106
2018-07-06 10:00:00,0.00015619814803358167
2018-07-06 11:00:00,0.0001627719757379964
2018-07-06 12:00:00,0.0002092305658152327
2018-07-06 13:00:00,0.0002112139918608591
2018-07-06 14:00:00,0.00023858631902839988
2018-07-06 15:00:00,0.00015434199303854257
2018-07-06 16:00:00,0.00017199190915562212
2018-07-06 17:00:00,8.57347113196738e-05
2018-07-06 18:00:00,0.00016101583605632186
2018-07-06 19:00:00,0.00015413649089168757
2018-07-06 20:00:00,0.0001249537308467552
2018-07-06 21:00:00,0.00014209641085471958
2018-07-06 22:00:00,0.0002031397307291627
2018-07-06 23:00:00,0.00025412929244339466
2018-07-07 00:00:00,0.00016010757826734334
2018-07-07 01:00:00,9.963101911125705e-05
2018-07-07 02:00:00,9.572038106853142e-05
2018-07-07 03:00:00,6.705137639073655e-05
2018-07-07 04:00:00,9.642851364333183e-05
2018-07-07 05:00:00,0.00010024558287113905
2018-07-07 06:00:00,0.00011201528104720637
2018-07-07 07:00:00,0.0001004934310913086
2018-07-07 08:00:00,0.00010284386371495202
2018-07-07 09:00:00,0.00015670600987505168
2018-07-07 10:00:00,0.00010171914618695155
2018-07-07 11:00:00,9.04679109225981e-05
2018-07-07 12:00:00,0.00015663490921724588
2018-07-07 13:00:00,0.00018501051818020642
2018-07-07 14:00:00,0.00041045332909561694
2018-07-07 15:00:00,0.00023394585878122598
2018-07-07 16:00:00,0.00017474476771894842
2018-07-07 17:00:00,0.0002039554965449497
2018-07-07 18:00:00,7.27123988326639e-05
2018-07-07 19:00:00,8.341966167790815e-05
2018-07-07 20:00:00,0.0001250057975994423
2018-07-07 21:00:00,0.00014202267630025744
2018-07-07 22:00:00,0.0001039033813867718
2018-07-07 23:00:00,0.00027083460008725524
2018-07-08 00:00:00,0.00024776175268925726
2018-07-08 01:00:00,0.000285551039269194
2018-07-08 02:00:00,0.00023580137349199504
2018-07-08 03:00:00,0.0001983327092602849
2018-07-08 04:00:00,0.00015371730842161924
2018-07-08 05:00:00,0.00010686109453672543
2018-07-08 06:00:00,0.00015206246462184936
2018-07-08 07:00:00,0.00012238143244758248
2018-07-08 08:00:00,0.00013785633200313896
2018-07-08 09:00:00,0.00019374440307728946
2018-07-08 10:00:00,0.00018236570758745074
2018-07-08 11:00:00,0.0001863975776359439
2018-07-08 12:00:00,8.918398816604167e-05
2018-07-08 13:00:00,0.00012507024803198874
2018-07-08 14:00:00,0.00014884729171171784
2018-07-08 15:00:00,0.0001947706623468548
2018-07-08 16:00:00,0.00012049695942550898
2018-07-08 17:00:00,0.00010341797315049917
2018-07-08 18:00:00,0.00011783571244450286
2018-07-08 19:00:00,0.00010427137749502435
2018-07-08 20:00:00,0.00016346054326277226
2018-07-08 21:00:00,0.0002220110036432743
2018-07-08 22:00:00,0.00015488640929106623
2018-07-08 23:00:00,7.589619781356305e-05
2018-07-09 00:00:00,0.00021377195662353188
2018-07-09 01:00:00,9.904809121508151e-05
2018-07-09 02:00:00,8.012141188373789e-05
2018-07-09 03:00:00,4.60521514469292e-05
2018-07-09 04:00:00,4.252393773640506e-05
2018-07-09 05:00:00,5.038801464252174e-05
2018-07-09 06:00:00,8.847325807437301e-05
2018-07-09 07:00:00,9.647243859944865e-05
2018-07-09 08:00:00,0.0001418455212842673
2018-07-09 09:00:00,6.16675170022063e-05
2018-07-09 10:00:00,0.00011794057354563847
2018-07-09 11:00:00,0.00011629885557340458
2018-07-09 12:00:00,8.201161108445376e-05
2018-07-09 13:00:00,0.0001269315544050187
2018-07-09 15:00:00,0.000155301095219329
2018-07-09 16:00:00,6.889977521495894e-05
2018-07-09 17:00:00,0.00011849511065520346
2018-07-09 18:00:00,0.00012977837468497455
2018-07-09 19:00:00,6.687027780571952e-05
2018-07-09 20:00:00,7.093232125043869e-05
2018-07-09 21:00:00,5.985314055578783e-05
2018-07-09 22:00:00,5.68135546927806e-05
2018-07-09 23:00:00,0.00031194923212751746
2018-07-10 00:00:00,0.00025547362747602165
2018-07-10 01:00:00,0.00021924673637840897
2018-07-10 02:00:00,0.00018685816030483693
2018-07-10 03:00:00,0.00021229898266028613
2018-07-10 04:00:00,0.00015685711696278304
2018-07-10 05:00:00,0.00011314224684610963
2018-07-10 06:00:00,6.716422649333254e-05
2018-07-10 07:00:00,0.00023240891459863633
2018-07-10 08:00:00,0.00019184232223778963
2018-07-10 09:00:00,0.00019893991702701896
2018-07-10 10:00:00,0.00014694014680571854
2018-07-10 11:00:00,0.00016576806956436485
2018-07-10 12:00:00,0.00020354562730062753
2018-07-10 13:00:00,0.00023596292885486037
2018-07-10 14:00:00,0.00018396240193396807
2018-07-10 15:00:00,0.00015589268878102303
2018-07-10 16:00:00,0.000148254053783603
2018-07-10 17:00:00,0.00012074101687176153
2018-07-10 18:00:00,0.00013365145423449576
2018-07-10 19:00:00,0.00017416500486433506
2018-07-10 20:00:00,7.795968849677593e-05
2018-07-10 21:00:00,0.00011259757593506947
2018-07-10 22:00:00,0.00019710582273546606
2018-07-11 00:00:00,0.0002798130735754967
2018-07-11 01:00:00,0.00022446348157245666
2018-07-11 02:00:00,0.00012831922504119575
2018-07-11 03:00:00,8.194102701963857e-05
2018-07-11 04:00:00,8.830488513922319e-05
2018-07-11 05:00:00,0.00014241624739952385
2018-07-11 06:00:00,0.0001543889520689845
2018-07-11 07:00:00,0.00021210857084952295
2018-07-11 08:00:00,0.00017981546989176422
2018-07-11 09:00:00,0.0001878471375675872
2018-07-11 10:00:00,0.00016440963372588158
2018-07-11 12:00:00,0.00012928785872645676
2018-07-11 13:00:00,0.00015565051580779254
2018-07-11 14:00:00,0.00014877399371471256
2018-07-11 15:00:00,0.0001328971702605486
2018-07-11 16:00:00,8.873688784660771e-05
2018-07-11 17:00:00,0.00010976935300277546
2018-07-11 18:00:00,0.00013035128358751535
2018-07-11 19:00:00,0.00013704375305678695
2018-07-11 20:00:00,9.856605174718425e-05
2018-07-11 21:00:00,0.00014617970737162977
2018-07-11 22:00:00,0.0002019199018832296
2018-07-11 23:00:00,0.00020092949853278697
2018-07-12 00:00:00,0.00011164600437041372
2018-07-12 01:00:00,8.132471702992916e-05
2018-07-12 02:00:00,9.727427823236212e-05
2018-07-12 03:00:00,0.00016983633395284414
2018-07-12 04:00:00,7.05384518369101e-05
2018-07-12 05:00:00,7.512985757784918e-05
2018-07-12 06:00:00,6.619966006837785e-05
2018-07-12 07:00:00,0.00014164962340146303
2018-07-12 08:00:00,0.00016489197150804102
2018-07-12 09:00:00,0.00022435902792494744
2018-07-12 10:00:00,0.00019078310288023204
2018-07-12 11:00:00,0.00011636807903414592
2018-07-12 12:00:00,0.0001051051658578217
2018-07-12 13:00:00,0.0001052809675456956
2018-07-12 14:00:00,0.00012261883239261806
2018-07-12 15:00:00,0.00011302810162305832
2018-07-12 16:00:00,0.00012657666229642928
2018-07-12 17:00:00,0.00012785990838892758
2018-07-12 18:00:00,9.88502215477638e-05
2018-07-12 19:00:00,8.122395956888795e-05
2018-07-12 20:00:00,9.243070235243067e-05
2018-07-12 21:00:00,9.788684110390022e-05
2018-07-12 22:00:00,0.00018164074572268873
2018-07-12 23:00:00,0.00021906003530602902
2018-07-13 00:00:00,0.00015654395974706858
2018-07-13 01:00:00,0.00022720551351085305
2018-07-13 02:00:00,7.849325629649684e-05
2018-07-13 03:00:00,0.00014227205247152597
2018-07-13 04:00:00,0.00022916994930710644
2018-07-13 05:00:00,0.0001541266101412475
2018-07-13 06:00:00,8.153282396961004e-05
2018-07-13 07:00:00,0.00016429413517471403
2018-07-13 08:00:00,0.00010894756997004151
2018-07-13 09:00:00,0.0001505166874267161
2018-07-13 10:00:00,9.930291707860306e-05
2018-07-13 11:00:00,7.715542596997693e-05
2018-07-13 12:00:00,9.860499994829297e-05
2018-07-13 13:00:00,0.0001353689731331542
2018-07-13 14:00:00,0.0001376184809487313
2018-07-13 15:00:00,0.00014061538968235254
2018-07-13 16:00:00,0.00012019864516332746
2018-07-13 17:00:00,8.633502875454724e-05
2018-07-13 18:00:00,8.473976777167991e-05
2018-07-13 19:00:00,0.00013997220958117396
2018-07-13 20:00:00,0.0001577087678015232
2018-07-13 21:00:00,0.000356687989551574
2018-07-13 22:00:00,0.00029565137811005116
2018-07-13 23:00:00,0.00017023558029904962
2018-07-14 00:00:00,0.00015447621990460902
2018-07-14 01:00:00,0.00014611738151870668
2018-07-14 02:00:00,0.00011569881462492049
2018-07-14 03:00:00,0.00012918224092572927
2018-07-14 04:00:00,0.00015281680680345744
2018-07-14 05:00:00,6.455430411733687e-05
2018-07-14 06:00:00,8.932341006584466e-05
2018-07-14 07:00:00,5.9122587117599323e-05
2018-07-14 08:00:00,0.00010776747512863949
2018-07-14 09:00:00,7.096339686540887e-05
2018-07-14 10:00:00,0.00021273117454256862
2018-07-14 11:00:00,0.00018271891167387366
2018-07-14 12:00:00,0.00010280836431775242
2018-07-14 13:00:00,9.426687029190361e-05
2018-07-14 14:00:00,0.00010852928971871734
2018-07-14 15:00:00,0.00011973711661994457
2018-07-14 16:00:00,0.0001745635672705248
2018-07-14 17:00:00,8.239207090809941e-05
2018-07-14 18:00:00,6.419977580662817e-05
2018-07-14 19:00:00,8.483542478643358e-05
2018-07-14 20:00:00,0.00012345136201474816
2018-07-14 21:00:00,0.0002032552583841607
2018-07-14 22:00:00,0.00012830349442083389
2018-07-14 23:00:00,0.00011363219527993351
2018-07-15 00:00:00,9.183624933939427e-05
2018-07-15 01:00:00,0.000138321629492566
2018-07-15 02:00:00,8.725960651645437e-05
2018-07-15 03:00:00,8.277033339254558e-05
2018-07-15 04:00:00,8.24763992568478e-05
2018-07-15 05:00:00,0.00011013414768967777
2018-07-15 06:00:00,0.00012196111492812634
2018-07-15 07:00:00,0.00011968230683123693
2018-07-15 08:00:00,6.240016227820888e-05
2018-07-15 09:00:00,0.00026605266612023115
2018-07-15 10:00:00,0.00011515476944623515
2018-07-15 11:00:00,0.00021632190328091383
2018-07-15 12:00:00,0.00010702794679673389
2018-07-15 13:00:00,0.00014270130486693233
2018-07-15 14:00:00,8.549498306820169e-05
2018-07-15 15:00:00,9.944741759682074e-05
2018-07-16 08:00:00,9.777470404515043e-05
2018-07-16 09:00:00,0.00016676768427714705
2018-07-16 10:00:00,0.0003270388697274029
2018-07-16 11:00:00,0.00034092870191670954
2018-07-16 12:00:00,0.00044469963177107275
2018-07-16 13:00:00,0.00027970061637461185
2018-07-16 14:00:00,0.00021243258379399776
2018-07-16 15:00:00,0.00015363632701337337
2018-07-16 16:00:00,0.0002050575421890244
2018-07-16 17:00:00,9.390967170475051e-05
2018-07-16 18:00:00,0.00026197967235930264
2018-07-16 19:00:00,0.00018550927052274346
2018-07-16 20:00:00,8.748780965106562e-05
2018-07-16 21:00:00,0.00014225444465409964
2018-07-16 22:00:00,0.00018568451923783869
2018-07-16 23:00:00,0.00012043747119605541
2018-07-17 00:00:00,0.0002947831526398659
2018-07-17 01:00:00,0.0001488470152253285
2018-07-17 02:00:00,0.00016493081056978554
2018-07-17 03:00:00,7.805314817233011e-05
2018-07-17 04:00:00,7.49913087929599e-05
2018-07-17 05:00:00,0.00010555896733421832
2018-07-17 06:00:00,0.00013516376202460378
2018-07-17 07:00:00,0.0001280408469028771
2018-07-17 08:00:00,0.00013033999130129814
2018-07-17 09:00:00,0.00012194454029668123
2018-07-17 10:00:00,0.00010168699373025447
2018-07-17 11:00:00,4.9229507567361e-05
2018-07-17 12:00:00,8.793916640570387e-05
2018-07-17 13:00:00,0.0001020184499793686
2018-07-17 14:00:00,5.6877492170315236e-05
2018-07-17 15:00:00,9.673617751104757e-05
2018-07-17 16:00:00,0.0001019329356495291
2018-07-17 17:00:00,7.510359864681959e-05
2018-07-17 18:00:00,0.00042368669528514147
2018-07-17 19:00:00,0.00018186488887295127
2018-07-17 21:00:00,0.00016400292224716395
2018-07-17 22:00:00,0.0001661184651311487
2018-07-17 23:00:00,0.00023930448514875025
2018-07-18 00:00:00,0.0001501965307397768
2018-07-18 01:00:00,0.00014622497837990522
2018-07-18 02:00:00,6.96705756126903e-05
2018-07-18 03:00:00,0.00023641143343411386
2018-07-18 04:00:00,0.00039575211121700704
2018-07-18 05:00:00,0.00017762304923962802
2018-07-18 06:00:00,0.00012698762293439358
2018-07-18 07:00:00,0.00014651725359726697
2018-07-18 08:00:00,0.000289988616714254
2018-07-18 09:00:00,0.0002359415520913899
2018-07-18 10:00:00,0.00016269905609078705
2018-07-18 11:00:00,0.00016420992324128747
2018-07-18 12:00:00,0.00020550706540234387
2018-07-18 13:00:00,0.00015423449804075062
2018-07-18 14:00:00,0.00011357451148796827
2018-07-18 15:00:00,0.00020606724137905985
2018-07-18 16:00:00,0.00012272332969587296
2018-07-18 17:00:00,6.631491851294413e-05
2018-07-18 18:00:00,0.00013153094914741814
2018-07-18 19:00:00,0.00027516065165400505
2018-07-18 20:00:00,0.0001947063865372911
2018-07-18 21:00:00,0.00036596227437257767
2018-07-18 22:00:00,0.00018915702821686864
2018-07-18 23:00:00,0.0005543339066207409
2018-07-19 00:00:00,0.0003159174812026322
2018-07-19 01:00:00,0.00032323302002623677
2018-07-19 02:00:00,0.0003760875260923058
2018-07-19 03:00:00,0.00023162491561379284
2018-07-19 04:00:00,0.00043736217776313424
2018-07-19 05:00:00,0.0002942249702755362
2018-07-19 06:00:00,0.0003031252999790013
2018-07-19 07:00:00,0.0002717213938012719
2018-07-19 08:00:00,0.0002647835062816739
2018-07-19 09:00:00,0.00020597501134034246
2018-07-19 10:00:00,0.0003606467798817903
2018-07-19 11:00:00,0.0002772602019831538
2018-07-19 12:00:00,0.00026890067965723574
2018-07-19 13:00:00,0.00033028481993824244
2018-07-19 14:00:00,0.00047228048788383603
2018-07-19 15:00:00,0.00031552891596220434
2018-07-19 16:00:00,0.0004520763177424669
2018-07-19 17:00:00,0.00036982656456530094
2018-07-19 18:00:00,0.0002233611448900774
2018-07-19 19:00:00,0.00021895083773415536
2018-07-19 20:00:00,0.0003919324663002044
2018-07-19 21:00:00,0.000565722119063139
2018-07-19 22:00:00,0.00026464342954568565
2018-07-19 23:00:00,0.0003587622777558863
2018-07-20 00:00:00,0.0003080685855820775
2018-07-20 02:00:00,0.0004840974579565227
2018-07-20 03:00:00,0.00020457262871786952
2018-07-20 04:00:00,0.0002308099647052586
2018-07-20 05:00:00,0.00018060153524857014
2018-07-20 06:00:00,0.0002451117034070194
2018-07-20 07:00:00,0.0005650043021887541
2018-07-20 08:00:00,9.727961150929332e-05
2018-07-20 09:00:00,0.0005775230238214135
2018-07-20 10:00:00,0.0003043927135877311
2018-07-20 11:00:00,0.00028090798878110945
2018-07-20 12:00:00,0.0004182653792668134
2018-07-20 13:00:00,0.0002459349052514881
2018-07-20 14:00:00,0.000206091019208543
2018-07-20 15:00:00,0.0002790902217384428
2018-07-20 16:00:00,0.0003934591368306428
2018-07-20 17:00:00,0.0009429819765500724
2018-07-20 18:00:00,0.0002677774173207581
2018-07-20 19:00:00,0.00036492099752649665
2018-07-20 20:00:00,0.0002635967393871397
2018-07-20 21:00:00,0.0002487627207301557
2018-07-20 22:00:00,0.00028399884467944503
2018-07-20 23:00:00,0.00020466190471779555
2018-07-21 00:00:00,0.00027567025972530246
2018-07-21 01:00:00,0.0004491658473853022
2018-07-21 02:00:00,0.0002123649319401011
2018-07-21 03:00:00,0.00022500364866573364
2018-07-21 04:00:00,0.00020107875752728432
2018-07-21 05:00:00,0.00019812201207969338
2018-07-21 06:00:00,0.00023748655803501606
2018-07-21 07:00:00,0.00021517286950256675
2018-07-21 08:00:00,0.0002080051344819367
2018-07-21 09:00:00,0.00022194988559931517
2018-07-21 10:00:00,0.0002091628557536751
2018-07-21 11:00:00,0.000278800813248381
2018-07-21 12:00:00,0.00017671880777925253
2018-07-21 13:00:00,0.00022873652051202953
2018-07-21 14:00:00,0.0002041657717199996
2018-07-21 15:00:00,9.995360596803948e-05
2018-07-21 16:00:00,0.00033923276350833476
2018-07-21 17:00:00,0.0002669478126335889
2018-07-21 18:00:00,0.00018060657021123916
2018-07-21 19:00:00,0.0001130648233811371
2018-07-21 20:00:00,0.00010702596773626283
2018-07-21 21:00:00,0.00017485758871771395
2018-07-21 22:00:00,0.0001483145315432921
2018-07-21 23:00:00,0.00014223596372175962
2018-07-22 00:00:00,0.00026315308059565723
2018-07-22 01:00:00,0.0002512174833100289
2018-07-22 02:00:00,0.00010153463517781347
2018-07-22 03:00:00,0.0001727716880850494
2018-07-22 04:00:00,0.00020208586647640914
2018-07-22 05:00:00,0.00014012302563060075
2018-07-22 06:00:00,0.00013277781545184553
2018-07-22 07:00:00,0.0002158116112696007
2018-07-22 08:00:00,0.0001597543159732595
2018-07-22 09:00:00,0.0004330228839535266
2018-07-22 10:00:00,0.00016578160284552723
2018-07-22 11:00:00,0.0003179890045430511
2018-07-22 12:00:00,0.0002724047808442265
2018-07-22 13:00:00,0.00033069209894165397
2018-07-22 14:00:00,0.00032456303597427905
2018-07-22 15:00:00,0.0004416070587467402
2018-07-22 16:00:00,0.00039026958984322846
2018-07-22 17:00:00,0.0004348105867393315
2018-07-22 18:00:00,0.00018390806508250535
2018-07-22 19:00:00,0.0002623292675707489
2018-07-22 20:00:00,0.0002079985715681687
2018-07-22 21:00:00,0.00025598701904527843
2018-07-22 22:00:00,0.00074578239582479
2018-07-22 23:00:00,0.00020900837262161076
2018-07-23 00:00:00,0.00012280949158594012
2018-07-23 01:00:00,0.0005750684649683535
2018-07-23 02:00:00,0.0004693100054282695
2018-07-23 03:00:00,0.0009623104706406593
2018-07-23 04:00:00,0.00010611173638608307
2018-07-23 05:00:00,0.00037542267818935215
2018-07-23 06:00:00,0.0004541942325886339
2018-07-23 07:00:00,0.00033392891054973006
2018-07-23 08:00:00,0.0004655896918848157
2018-07-23 09:00:00,0.0001275733666261658
2018-07-23 10:00:00,0.00037385753239504993
2018-07-23 11:00:00,0.00026551878545433283
2018-07-23 12:00:00,0.00040946915396489203
2018-07-23 13:00:00,0.0002660179743543267
2018-07-23 14:00:00,0.00016692867211531848
2018-07-23 15:00:00,0.00035677870619110763
2018-07-23 16:00:00,0.0006314545753411949
2018-07-23 17:00:00,0.0003489094669930637
2018-07-23 18:00:00,0.00043837595148943365
2018-07-23 19:00:00,0.0006821989663876593
2018-07-23 20:00:00,0.0003059164446312934
2018-07-23 21:00:00,0.000330607668729499
2018-07-23 22:00:00,0.0004988653236068785
2018-07-23 23:00:00,0.00019043852807953954
2018-07-24 00:00:00,0.000304653454804793
2018-07-24 01:00:00,0.00013516496983356774
2018-07-24 02:00:00,0.00010977847705362365
2018-07-24 03:00:00,8.917262312024832e-05
2018-07-24 04:00:00,0.00011042891128454357
2018-07-24 05:00:00,0.0003550199035089463
2018-07-24 06:00:00,0.00032623542938381433
2018-07-24 07:00:00,0.00012400512059684843
2018-07-24 08:00:00,8.68337883730419e-05
2018-07-24 09:00:00,0.00016538542695343494
2018-07-24 10:00:00,0.00010787567589432001
2018-07-24 11:00:00,0.00036399561213329434
2018-07-24 12:00:00,0.00019644913845695555
2018-07-24 13:00:00,0.00026869389694184065
2018-07-24 14:00:00,0.00028100787312723696
2018-07-24 15:00:00,0.00030497225816361606
2018-07-24 16:00:00,0.0002522347785998136
2018-07-24 17:00:00,0.00013486303214449435
2018-07-24 18:00:00,0.00024372809275519103
2018-07-24 19:00:00,0.00015326681022997946
2018-07-24 20:00:00,0.0002220157766714692
2018-07-24 21:00:00,0.00018726034613791853
2018-07-24 22:00:00,0.00034930772380903363
2018-07-25 00:00:00,0.00031323288567364216
2018-07-25 01:00:00,0.0003014357353094965
2018-07-25 02:00:00,0.00011710463877534494
2018-07-25 03:00:00,0.00021941839077044278
2018-07-25 04:00:00,0.00023142494319472462
2018-07-25 05:00:00,0.00013619964011013508
2018-07-25 06:00:00,0.0003037878777831793
2018-07-25 07:00:00,0.00021855659724678844
2018-07-25 08:00:00,0.00027018412947654724
2018-07-25 09:00:00,0.00018004068988375366
2018-07-25 10:00:00,0.0001905148383229971
2018-07-25 11:00:00,0.00012403431173879653
2018-07-25 12:00:00,0.00015526283823419362
2018-07-25 13:00:00,0.00015445586177520454
2018-07-25 14:00:00,0.0001060018694261089
2018-07-25 15:00:00,0.00010945872782031074
2018-07-25 16:00:00,0.0004020723863504827
2018-07-25 17:00:00,0.00014576710236724466
2018-07-25 18:00:00,7.867418753448874e-05
2018-07-25 19:00:00,0.00017034808115568012
2018-07-25 20:00:00,0.00027149278321303427
2018-07-25 21:00:00,0.0002452255866955966
2018-07-25 22:00:00,0.00024813710479065776
2018-07-25 23:00:00,0.00023745029466226697
2018-07-26 00:00:00,0.0003807179455179721
2018-07-26 01:00:00,0.00030520587461069226
2018-07-26 02:00:00,9.189642878482118e-05
2018-07-26 03:00:00,0.00020579129341058433
2018-07-26 04:00:00,0.00012594250438269228
2018-07-26 05:00:00,7.88671022746712e-05
2018-07-26 06:00:00,0.00012995224096812308
2018-07-26 07:00:00,0.00034531496930867434
2018-07-26 08:00:00,0.00018939204164780676
2018-07-26 09:00:00,0.00022246396110858768
2018-07-26 10:00:00,0.00011920484394067898
2018-07-26 11:00:00,0.00023045962734613568
2018-07-26 12:00:00,0.00013743502495344728
2018-07-26 13:00:00,0.00015471143706236035
2018-07-26 14:00:00,0.0001110462544602342
2018-07-26 15:00:00,0.00010862133785849437
2018-07-26 16:00:00,6.817379471613094e-05
2018-07-26 17:00:00,0.00015160073235165328
2018-07-26 18:00:00,6.87131323502399e-05
2018-07-26 19:00:00,8.370282012037933e-05
2018-07-26 20:00:00,0.00019989098655059934
2018-07-26 21:00:00,0.000430878164479509
2018-07-26 22:00:00,0.001079339417628944
2018-07-26 23:00:00,0.00027009224868379533
2018-07-27 00:00:00,0.00019760678696911782
2018-07-27 01:00:00,0.00013906965614296496
2018-07-27 02:00:00,0.00023646831687074155
2018-07-27 03:00:00,0.00017862868844531476
2018-07-27 04:00:00,0.00010704869055189192
2018-07-27 05:00:00,0.00030139408772811294
2018-07-27 06:00:00,0.00012483433238230646
2018-07-27 07:00:00,0.00026503746630623937
2018-07-27 08:00:00,0.00014282211486715823
2018-07-27 09:00:00,0.000285720539977774
2018-07-27 10:00:00,0.00020640436559915543
2018-07-27 11:00:00,0.0002056592784356326
2018-07-27 12:00:00,0.0002101507707266137
2018-07-27 13:00:00,0.000338701531291008
2018-07-27 14:00:00,0.00022337809787131846
2018-07-27 15:00:00,0.00022034975700080395
2018-07-27 16:00:00,0.0008194196270778775
2018-07-27 17:00:00,0.0006116493023000658
2018-07-27 18:00:00,9.343420242657885e-05
2018-07-27 19:00:00,0.00017137294344138354
2018-07-27 20:00:00,0.00019441870972514153
2018-07-27 21:00:00,8.918831736082211e-05
2018-07-27 22:00:00,0.00024557768483646214
2018-07-27 23:00:00,0.000261958921328187
2018-07-28 00:00:00,0.0003206674300599843
2018-07-28 01:00:00,0.00010432986164232716
2018-07-28 02:00:00,0.00015882981824688613
2018-07-28 03:00:00,9.617561590857804e-05
2018-07-28 04:00:00,0.0001482229126850143
2018-07-28 05:00:00,0.00011104939039796591
2018-07-28 06:00:00,0.00010488852421985939
2018-07-28 07:00:00,8.280484325950965e-05
2018-07-28 08:00:00,0.00017906769062392414
2018-07-28 09:00:00,0.00012499540753196925
2018-07-28 10:00:00,0.0001271923683816567
2018-07-28 11:00:00,0.00015502487076446414
2018-07-28 12:00:00,0.00028323419974185526
2018-07-28 13:00:00,0.00015408045146614313
2018-07-28 14:00:00,0.00010250710329273716
2018-07-28 15:00:00,0.0002073046489385888
2018-07-28 16:00:00,0.00028189917793497443
2018-07-28 17:00:00,0.00018823867139872164
2018-07-28 18:00:00,0.00016106985276564956
2018-07-28 19:00:00,0.00023883135872893035
2018-07-28 20:00:00,0.00014559102419298142
2018-07-28 21:00:00,0.00020030635641887784
2018-07-28 22:00:00,0.00013007158122491091
2018-07-28 23:00:00,4.7163048293441534e-05
2018-07-29 00:00:00,7.965791155584157e-05
2018-07-29 01:00:00,0.00011477127554826438
2018-07-29 02:00:00,8.841849194141105e-05
2018-07-29 03:00:00,7.80261616455391e-05
2018-07-29 04:00:00,0.00010048292460851371
2018-07-29 05:00:00,7.05212660250254e-05
2018-07-29 06:00:00,7.707345503149554e-05
2018-07-29 07:00:00,4.348717266111635e-05
2018-07-29 08:00:00,5.157694613444619e-05
2018-07-29 09:00:00,0.00011667681246763095
2018-07-29 10:00:00,4.8340782086597756e-05
2018-07-29 11:00:00,4.803030606126413e-05
2018-07-29 12:00:00,0.00012080592568963766
2018-07-29 13:00:00,8.777041512075812e-05
2018-07-29 14:00:00,8.578969573136419e-05
2018-07-29 15:00:00,7.278794510057196e-05
2018-07-29 16:00:00,4.345047636888921e-05
2018-07-29 17:00:00,9.816703095566481e-05
2018-07-29 18:00:00,4.568602525978349e-05
2018-07-29 19:00:00,3.4935164876515046e-05
2018-07-29 20:00:00,7.82577772042714e-05
2018-07-29 21:00:00,4.1134167986456305e-05
2018-07-29 22:00:00,0.00011645397898973897
2018-07-29 23:00:00,5.2863553719362244e-05
2018-07-30 00:00:00,7.828323577996343e-05
2018-07-30 01:00:00,0.00016902407514862716
2018-07-30 02:00:00,0.00011060018005082384
2018-07-30 03:00:00,5.3131981985643506e-05
2018-07-30 04:00:00,4.603750858223066e-05
2018-07-30 05:00:00,4.876077946391888e-05
2018-07-30 06:00:00,5.188157592783682e-05
2018-07-30 07:00:00,0.00043649558210745454
2018-07-30 08:00:00,0.0006535672000609338
2018-07-30 09:00:00,0.00015217014879453927
2018-07-30 10:00:00,7.423734496114776e-05
2018-07-30 11:00:00,0.00015649401757400483
2018-07-30 12:00:00,6.585237133549526e-05
2018-07-30 13:00:00,7.547272252850235e-05
2018-07-30 14:00:00,0.00010358810686739162
2018-07-30 15:00:00,0.00013807670620735735
2018-07-30 16:00:00,0.0001614730281289667
2018-07-30 17:00:00,0.00012686396075878292
2018-07-30 18:00:00,0.00017483503324910998
2018-07-30 19:00:00,0.00023347619571723044
2018-07-30 20:00:00,0.00019373184477444738
2018-07-30 21:00:00,0.00024243758525699377
2018-07-30 22:00:00,0.00012906055781058967
2018-07-30 23:00:00,0.00016294168017338961
2018-07-31 00:00:00,0.00012266074190847576
2018-07-31 01:00:00,0.00015849359624553472
2018-07-31 02:00:00,0.00010649478645063937
2018-07-31 03:00:00,9.997897723224014e-05
2018-07-31 04:00:00,7.222715794341639e-05
2018-07-31 05:00:00,0.00011127709149150178
2018-07-31 06:00:00,8.343433000845835e-05
2018-07-31 07:00:00,0.00019824515038635582
2018-07-31 08:00:00,0.00020454837067518383
2018-07-31 09:00:00,0.00011373245069989935
2018-07-31 10:00:00,0.00016007971134968102
2018-07-31 11:00:00,8.310085831908509e-05
2018-07-31 12:00:00,8.068193710641935e-05
2018-07-31 13:00:00,0.00014411538722924888
2018-07-31 14:00:00,0.00020196677360218018
2018-07-31 15:00:00,0.00023480324307456613
2018-07-31 16:00:00,0.00017938215751200914
2018-07-31 17:00:00,0.00018431778880767524
2018-07-31 18:00:00,0.0002266261144541204
2018-07-31 19:00:00,0.00016780770965851843
2018-07-31 20:00:00,0.00013523155939765275
2018-07-31 21:00:00,9.799856343306601e-05
2018-07-31 22:00:00,0.00020421143562998623
2018-08-03 23:00:00,0.00011480285320430994
2018-08-04 00:00:00,7.419662870233878e-05
2018-08-04 01:00:00,9.91148772300221e-05
2018-08-04 02:00:00,0.00010669370385585353
2018-08-04 03:00:00,7.02363031450659e-05
2018-08-04 04:00:00,7.979816291481256e-05
2018-08-04 05:00:00,5.717822568840347e-05
2018-08-04 06:00:00,4.974807598046027e-05
2018-08-04 07:00:00,8.069395698839799e-05
2018-08-04 08:00:00,7.789736991981044e-05
2018-08-04 09:00:00,8.835320477373898e-05
2018-08-04 10:00:00,5.922959098825231e-05
2018-08-04 11:00:00,7.440094486810267e-05
2018-08-04 12:00:00,8.129083289531991e-05
2018-08-04 13:00:00,0.0002810552541632205
2018-08-04 14:00:00,9.262638923246413e-05
2018-08-04 15:00:00,0.00033382439869455993
2018-08-04 16:00:00,0.00042140917503274977
2018-08-04 17:00:00,0.00014535312948282808
2018-08-04 18:00:00,0.00011465660645626485
2018-08-04 19:00:00,9.541842882754281e-05
2018-08-04 20:00:00,8.257127774413675e-05
2018-08-04 21:00:00,8.449510642094538e-05
2018-08-04 22:00:00,0.00012009440251858905
2018-08-04 23:00:00,0.00011671401443891227
2018-08-05 00:00:00,9.226411202689633e-05
2018-08-05 01:00:00,0.0001861500204540789
2018-08-05 02:00:00,0.00021551584359258413
2018-08-05 03:00:00,0.00012718552898149937
2018-08-05 04:00:00,0.00015201751375570893
2018-08-05 05:00:00,0.00010205953003605828
2018-08-05 06:00:00,5.225029235589318e-05
2018-08-05 07:00:00,6.094376294640824e-05
2018-08-05 08:00:00,6.788166501792148e-05
2018-08-05 09:00:00,9.486841008765623e-05
2018-08-05 10:00:00,0.00012616609456017613
2018-08-05 11:00:00,0.0001266587059944868
2018-08-05 12:00:00,5.9184018027735874e-05
2018-08-05 13:00:00,7.410228135995567e-05
2018-08-05 14:00:00,6.706181011395529e-05
2018-08-05 15:00:00,0.00017540156841278076
2018-08-05 16:00:00,9.613873407943174e-05
2018-08-05 17:00:00,5.3246090828906745e-05
2018-08-05 18:00:00,7.419745088554919e-05
2018-08-05 19:00:00,9.329262684332207e-05
2018-08-05 20:00:00,0.00011159978021169081
2018-08-05 21:00:00,0.00010394844866823405
2018-08-05 22:00:00,0.00010154329356737435
2018-08-05 23:00:00,0.00015668712148908526
2018-08-06 00:00:00,6.915038829902187e-05
2018-08-06 01:00:00,9.200877684634179e-05
2018-08-06 02:00:00,9.355152724310756e-05
2018-08-06 03:00:00,6.247420969884843e-05
2018-08-06 04:00:00,4.2292453144909814e-05
2018-08-06 05:00:00,5.8821780839934945e-05
2018-08-06 06:00:00,7.84939547884278e-05
2018-08-06 07:00:00,4.8246965889120474e-05
2018-08-06 08:00:00,7.909897976787761e-05
2018-08-06 09:00:00,0.00011373826419003308
2018-08-06 10:00:00,7.762928726151586e-05
2018-08-06 11:00:00,8.12733342172578e-05
2018-08-06 12:00:00,9.130559919867665e-05
2018-08-06 13:00:00,5.3307321650208905e-05
2018-08-06 14:00:00,0.00012565850920509547
2018-08-06 15:00:00,6.220356590347365e-05
2018-08-06 16:00:00,9.65284343692474e-05
2018-08-06 17:00:00,0.00012472063826862723
2018-08-06 18:00:00,4.2917112295981497e-05
2018-08-06 19:00:00,0.00010156242205994204
2018-08-06 20:00:00,4.6590248530264944e-05
2018-08-06 21:00:00,0.0001247467298526317
2018-08-06 22:00:00,0.0001214500589412637
2018-08-06 23:00:00,0.00016095725004561245
2018-08-07 00:00:00,0.0001791117829270661
2018-08-07 01:00:00,0.00012478661665227264
2018-08-07 02:00:00,4.733250898425467e-05
2018-08-07 03:00:00,9.954535198630765e-05
2018-08-07 04:00:00,5.687087104888633e-05
2018-08-07 05:00:00,4.804784111911431e-05
2018-08-07 06:00:00,5.45896400581114e-05
2018-08-07 07:00:00,6.793493957957253e-05
2018-08-07 08:00:00,0.00020030137966386974
2018-08-07 09:00:00,0.00015752992476336658
2018-08-07 10:00:00,6.409106572391465e-05
2018-08-07 11:00:00,7.675806409679353e-05
2018-08-07 12:00:00,6.897363346070051e-05
2018-08-07 13:00:00,4.22963967139367e-05
2018-08-07 14:00:00,6.688513531116769e-05
2018-08-07 15:00:00,5.9827394579770043e-05
2018-08-07 16:00:00,0.00010068908159155399
2018-08-07 17:00:00,9.575078001944348e-05
2018-08-07 18:00:00,4.765671110362746e-05
2018-08-07 19:00:00,9.207820403389633e-05
2018-08-07 20:00:00,5.5300242820521817e-05
2018-08-07 21:00:00,0.0002165798214264214
2018-08-07 22:00:00,0.00018635502783581614
2018-08-07 23:00:00,0.00010695699893403798
2018-08-08 00:00:00,0.00010808945080498233
2018-08-08 01:00:00,0.0001591206673765555
2018-08-08 02:00:00,0.0001847939274739474
2018-08-08 03:00:00,0.00012287902063690126
2018-08-08 04:00:00,0.00016527455591131002
2018-08-08 05:00:00,0.00018932309467345476
2018-08-08 06:00:00,0.00038984883576631546
2018-08-08 07:00:00,0.00011974090739386156
2018-08-08 08:00:00,0.00010924562229774892
2018-08-08 09:00:00,0.00013271119678393006
2018-08-08 10:00:00,0.00011834593897219747
2018-08-08 11:00:00,0.0001441095519112423
2018-08-08 12:00:00,0.0001231971982633695
2018-08-08 13:00:00,0.00011449852172518149
2018-08-08 14:00:00,0.00013146168203093112
2018-08-08 15:00:00,0.00018459183047525585
2018-08-08 16:00:00,0.00012098553997930139
2018-08-08 17:00:00,0.00036774686304852366
2018-08-08 18:00:00,0.00019231905753258616
2018-08-08 19:00:00,0.00043066541547887027
2018-08-08 20:00:00,0.00025134868337772787
2018-08-08 21:00:00,0.0001983216352527961
2018-08-08 22:00:00,0.00010558929352555424
2018-08-08 23:00:00,0.0001659897534409538
2018-08-09 00:00:00,0.00012794278154615313
2018-08-09 01:00:00,0.00012239700299687684
2018-08-09 02:00:00,9.5393079391215e-05
2018-08-09 03:00:00,0.00010169092274736613
2018-08-09 04:00:00,5.717131352867e-05
2018-08-09 05:00:00,5.0273625674890354e-05
2018-08-09 06:00:00,8.598736167186871e-05
2018-08-09 07:00:00,0.00012182351929368451
2018-08-09 08:00:00,0.00024105640477500856
2018-08-09 09:00:00,8.967734902398661e-05
2018-08-09 10:00:00,6.562435009982437e-05
2018-08-09 11:00:00,4.686768807005137e-05
2018-08-09 12:00:00,9.721885726321489e-05
2018-08-09 13:00:00,0.00022806237393524498
2018-08-09 14:00:00,0.0003857205738313496
2018-08-09 15:00:00,0.0002645354834385216
2018-08-09 16:00:00,0.00016458543541375548
2018-08-09 17:00:00,0.0001223065482918173
2018-08-09 18:00:00,0.0001477553159929812
2018-08-09 19:00:00,5.70124939258676e-05
2018-08-09 20:00:00,7.877398456912488e-05
2018-08-09 21:00:00,9.733280603541061e-05
2018-08-09 22:00:00,0.000326327804941684
2018-08-09 23:00:00,0.00014918878150638193
2018-08-10 00:00:00,0.00014816562179476023
2018-08-10 01:00:00,7.680082489969209e-05
2018-08-10 02:00:00,0.00011876013741130009
2018-08-10 03:00:00,0.00013887065870221704
2018-08-10 04:00:00,6.363944703480229e-05
2018-08-10 05:00:00,0.00010870016558328643
2018-08-10 06:00:00,7.598246156703681e-05
2018-08-10 07:00:00,0.00015662374789826572
2018-08-10 08:00:00,0.00010280963033437729
2018-08-10 09:00:00,0.00018433420336805284
2018-08-10 10:00:00,0.00021400324476417154
2018-08-10 11:00:00,9.281118400394917e-05
2018-08-10 12:00:00,0.00019495146989356726
2018-08-10 13:00:00,0.00021638776524923742
2018-08-10 14:00:00,0.00011305038788123056
2018-08-10 15:00:00,0.00022494378208648413
2018-08-10 16:00:00,9.803459397517145e-05
2018-08-10 17:00:00,0.00010309864592272788
2018-08-10 18:00:00,0.00016775647236499935
2018-08-10 19:00:00,0.0001363990013487637
2018-08-10 20:00:00,0.00013103458331897855
2018-08-10 21:00:00,0.0003488031798042357
2018-08-10 22:00:00,0.0002740266500040889
2018-08-10 23:00:00,0.0003116390435025096
2018-08-11 00:00:00,0.0004276521212887019
2018-08-11 01:00:00,0.00021618472237605602
2018-08-11 02:00:00,0.00018092764366883785
2018-08-11 03:00:00,0.00011493056081235409
2018-08-11 04:00:00,0.0001573409972479567
2018-08-11 05:00:00,0.0001400187029503286
2018-08-11 06:00:00,0.0004059108905494213
2018-08-11 07:00:00,0.00018630146223586053
2018-08-11 08:00:00,0.00015754993364680558
2018-08-11 09:00:00,0.00012373436766210943
2018-08-11 10:00:00,6.164859951240942e-05
2018-08-11 11:00:00,7.861648191465065e-05
2018-08-11 12:00:00,7.405813812511042e-05
2018-08-11 13:00:00,0.00018332156469114125
2018-08-11 14:00:00,0.00012770129251293838
2018-08-11 15:00:00,0.0001296309637837112
2018-08-11 16:00:00,0.00017827506235335022
2018-08-11 17:00:00,0.00026552542112767696
2018-08-11 18:00:00,0.00037357487599365413
2018-08-11 19:00:00,0.00023811521532479674
2018-08-11 20:00:00,0.0001932266168296337
2018-08-11 21:00:00,8.211265958379954e-05
2018-08-11 22:00:00,8.21148423710838e-05
2018-08-11 23:00:00,5.540160782402381e-05
2018-08-12 00:00:00,0.0001744014152791351
2018-08-12 01:00:00,0.000382277590688318
2018-08-12 02:00:00,0.00018514043767936528
2018-08-12 03:00:00,0.00010733227099990472
2018-08-12 04:00:00,6.787992606405169e-05
2018-08-12 05:00:00,0.00010754189133876935
2018-08-12 06:00:00,0.0003024191246367991
2018-08-12 07:00:00,0.00017967011081054807
2018-08-12 08:00:00,9.231737203663215e-05
2018-08-12 09:00:00,9.680931543698534e-05
2018-08-12 10:00:00,9.186847455566749e-05
2018-08-12 11:00:00,0.00012211597640998662
2018-08-12 12:00:00,0.00014599469432141632
2018-08-12 13:00:00,0.0002099107950925827
2018-08-12 14:00:00,0.00013621766993310302
2018-08-12 15:00:00,0.0002492195344530046
2018-08-12 16:00:00,0.0001785026688594371
2018-08-12 17:00:00,0.00015392668137792498
2018-08-12 18:00:00,0.00011906800500582904
2018-08-12 19:00:00,8.670680836075917e-05
2018-08-12 20:00:00,0.0002827031130436808
2018-08-12 21:00:00,0.00016603805124759674
2018-08-12 22:00:00,0.00015633084694854915
2018-08-12 23:00:00,0.00015503034228459
2018-08-13 00:00:00,0.00020784579101018608
2018-08-13 01:00:00,7.569607987534255e-05
2018-08-13 02:00:00,7.268055196618661e-05
2018-08-13 03:00:00,0.00010756708797998726
2018-08-13 04:00:00,9.55850919126533e-05
2018-08-13 05:00:00,8.898704254534096e-05
2018-08-13 06:00:00,7.069887215038761e-05
2018-08-13 07:00:00,0.0003723894478753209
2018-08-13 08:00:00,9.130036778515205e-05
2018-08-13 09:00:00,0.0003540250181686133
2018-08-13 10:00:00,7.712165097473189e-05
2018-08-13 11:00:00,6.501610187115148e-05
2018-08-13 12:00:00,7.265858585014939e-05
2018-08-13 13:00:00,0.0001022296492010355
2018-08-13 14:00:00,0.0002844262053258717
2018-08-13 15:00:00,0.00019929488189518452
2018-08-13 16:00:00,0.0002250475372420624
2018-08-13 17:00:00,0.0002277207822771743
2018-08-13 18:00:00,0.00027446579770185053
2018-08-13 19:00:00,0.00025270902551710606
2018-08-13 20:00:00,0.00014600649592466652
2018-08-13 21:00:00,0.00012726170825771987
2018-08-13 22:00:00,0.000274423451628536
2018-08-13 23:00:00,0.0001594674540683627
2018-08-14 00:00:00,0.00011664787598419935
2018-08-14 01:00:00,0.00017781728820409626
2018-08-14 02:00:00,0.00022845032799523324
2018-08-14 03:00:00,0.0004225255979690701
2018-08-14 04:00:00,0.00046960811596363783
2018-08-14 05:00:00,0.0005743216606788337
2018-08-14 06:00:00,0.0005208732909522951
2018-08-14 07:00:00,0.0003160531632602215
2018-08-14 08:00:00,0.00041830423288047314
2018-08-14 09:00:00,0.0005156997358426452
2018-08-14 10:00:00,0.0005274719442240894
2018-08-14 11:00:00,0.00023245569900609553
2018-08-14 12:00:00,0.00028638646472245455
2018-08-14 13:00:00,0.00023776335001457483
2018-08-14 14:00:00,0.00017961979028768837
2018-08-14 15:00:00,0.00068474787985906
2018-08-14 16:00:00,0.0005251768161542714
2018-08-14 17:00:00,0.0002222059847554192
2018-08-14 18:00:00,0.0003893350367434323
2018-08-14 19:00:00,0.0006463713943958282
2018-08-14 20:00:00,0.0005260935868136585
2018-08-14 21:00:00,0.00041893438901752234
2018-08-14 22:00:00,0.0005830887239426374
2018-08-14 23:00:00,0.0003069594386033714
2018-08-15 00:00:00,0.00021856644889339805
2018-08-15 01:00:00,0.0001328043726971373
2018-08-15 02:00:00,8.906244329409674e-05
2018-08-15 03:00:00,9.387962199980393e-05
2018-08-15 04:00:00,0.00012085954949725419
2018-08-15 05:00:00,0.00011713301501004025
2018-08-15 06:00:00,6.3829924329184e-05
2018-08-15 07:00:00,7.396849105134606e-05
2018-08-15 08:00:00,0.00013202651462052017
2018-08-15 09:00:00,0.00015802582493051887
2018-08-15 10:00:00,0.0003532789123710245
2018-08-15 11:00:00,0.00012212195724714547
2018-08-15 12:00:00,0.00011440140224294737
2018-08-15 13:00:00,0.00010366597416577861
2018-08-15 14:00:00,0.00011276709847152233
2018-08-15 15:00:00,9.69742686720565e-05
2018-08-15 16:00:00,0.00020816695177927613
2018-08-15 17:00:00,0.0003170269774273038
2018-08-15 18:00:00,0.00015185541997198015
2018-08-15 19:00:00,0.0001680188870523125
2018-08-15 20:00:00,0.0002153907553292811
2018-08-15 21:00:00,0.00015373995120171458
2018-08-15 22:00:00,0.00013049707922618836
2018-08-15 23:00:00,0.00011482390982564539
2018-08-16 00:00:00,0.00013257458340376616
2018-08-16 01:00:00,0.00014496107178274542
2018-08-16 02:00:00,7.808826921973377e-05
2018-08-16 03:00:00,5.454975689644925e-05
2018-08-16 04:00:00,6.421437137760222e-05
2018-08-16 05:00:00,0.00010697579273255542
2018-08-16 06:00:00,0.00011444040865171701
2018-08-16 07:00:00,8.646078640595078e-05
2018-08-16 08:00:00,0.00010268438927596435
2018-08-16 09:00:00,0.0002013228222494945
2018-08-16 10:00:00,0.00010883015056606382
2018-08-16 11:00:00,0.00014897648361511528
2018-08-16 12:00:00,0.00011576005636015907
2018-08-16 13:00:00,0.00021721111261285841
2018-08-16 14:00:00,0.00019155599875375628
2018-08-16 15:00:00,0.00020301718905102462
2018-08-16 16:00:00,0.0001951210288098082
2018-08-16 17:00:00,0.00014264763740357012
2018-08-16 18:00:00,0.00012332429469097406
2018-08-16 19:00:00,0.00010323065362172201
2018-08-16 20:00:00,0.00010249869228573516
2018-08-16 21:00:00,0.0003349577891640365
2018-08-16 22:00:00,0.0001693444501142949
2018-08-16 23:00:00,0.00017723022028803825
2018-08-17 00:00:00,0.0001156530634034425
2018-08-17 01:00:00,0.00014330795966088772
2018-08-17 02:00:00,5.29290409758687e-05
2018-08-17 03:00:00,0.00013299472630023956
2018-08-17 04:00:00,0.00012569317186716944
2018-08-17 05:00:00,0.00015223601076286286
2018-08-17 06:00:00,7.672252831980586e-05
2018-08-17 07:00:00,9.041317389346659e-05
2018-08-17 08:00:00,0.00020129280164837837
2018-08-17 10:00:00,0.00014575121167581528
2018-08-17 11:00:00,9.467476775171235e-05
2018-08-17 12:00:00,7.257499237312004e-05
2018-08-17 13:00:00,7.099545473465696e-05
2018-08-17 14:00:00,0.0001208294415846467
2018-08-17 15:00:00,0.00012922890891786665
2018-08-17 16:00:00,0.00011130746133858338
2018-08-17 17:00:00,0.00015802390407770872
2018-08-17 18:00:00,0.00016045149823185056
2018-08-17 19:00:00,8.347436232725158e-05
2018-08-17 20:00:00,7.813781849108636e-05
2018-08-17 21:00:00,8.690146205481142e-05
2018-08-17 22:00:00,0.00014030445890966803
2018-08-17 23:00:00,0.00015017455734778196
2018-08-18 00:00:00,0.00011012524919351563
2018-08-18 01:00:00,0.00016514069284312427
2018-08-18 02:00:00,0.00018709214054979384
2018-08-18 03:00:00,0.00012595820589922369
2018-08-18 04:00:00,0.0001398820022586733
2018-08-18 05:00:00,0.00012144099309807643
2018-08-18 06:00:00,0.00015913776587694883
2018-08-18 07:00:00,0.0002154115354642272
2018-08-18 08:00:00,0.00011917741358047351
2018-08-18 09:00:00,0.00017420019139535725
2018-08-18 10:00:00,9.802298154681921e-05
2018-08-18 11:00:00,0.00012332510959822685
2018-08-18 12:00:00,0.00018774096679408103
2018-08-18 13:00:00,0.00016285612946376204
2018-08-18 14:00:00,0.0003229101712349802
2018-08-18 15:00:00,0.0001231933565577492
2018-08-18 16:00:00,8.843145042192191e-05
2018-08-18 17:00:00,0.00010355267295381054
2018-08-18 18:00:00,0.00012256573245394975
2018-08-18 19:00:00,0.00011545557208592072
2018-08-18 20:00:00,0.00010071238648379222
2018-08-18 21:00:00,9.460584260523319e-05
2018-08-18 22:00:00,9.806167508941144e-05
2018-08-18 23:00:00,0.00010921630018856376
2018-08-19 00:00:00,9.558620513416827e-05
2018-08-19 01:00:00,8.80589650478214e-05
2018-08-19 02:00:00,0.00012145857908762991
2018-08-19 03:00:00,7.653098873561248e-05
2018-08-19 04:00:00,0.00012605114898178726
2018-08-19 05:00:00,6.207502883626148e-05
2018-08-19 06:00:00,0.00010671358177205548
2018-08-19 07:00:00,0.0001457968755858019
2018-08-19 08:00:00,0.00010285664029652253
2018-08-19 09:00:00,6.218023918336257e-05
2018-08-19 10:00:00,0.00013419058814179152
2018-08-19 11:00:00,7.381722389254719e-05
2018-08-19 12:00:00,0.00013290018250700086
2018-08-19 13:00:00,0.00014023219409864396
2018-08-19 14:00:00,0.00011045388964703307
2018-08-19 15:00:00,0.00018455131794326007
2018-08-19 16:00:00,0.00013582996325567365
2018-08-19 17:00:00,0.00010915068560279906
2018-08-19 18:00:00,0.00016763257735874504
2018-08-19 19:00:00,9.191523713525385e-05
2018-08-19 20:00:00,0.0001015591187751852
2018-08-19 21:00:00,7.772336539346725e-05
2018-08-19 22:00:00,0.00011211593664484099
2018-08-19 23:00:00,0.00010868674871744588
2018-08-20 00:00:00,7.404712232528254e-05
2018-08-20 01:00:00,5.426278221420944e-05
2018-08-20 02:00:00,8.443604019703344e-05
2018-08-20 03:00:00,8.126171451294795e-05
2018-08-20 04:00:00,5.596153641818091e-05
2018-08-20 05:00:00,8.974474621936679e-05
2018-08-20 06:00:00,8.538785186829045e-05
2018-08-20 07:00:00,8.773899025982246e-05
2018-08-20 08:00:00,0.0002689516986720264
2018-08-20 09:00:00,9.094621782423928e-05
2018-08-20 10:00:00,0.00017080994439311326
2018-08-20 11:00:00,0.00015449947386514395
2018-08-20 12:00:00,7.47360463719815e-05
2018-08-20 13:00:00,0.00022631284082308412
2018-08-20 14:00:00,0.0001431242417311296
2018-08-20 15:00:00,8.751959103392437e-05
2018-08-20 16:00:00,0.000121916105854325
2018-08-20 17:00:00,0.00022264047584030777
2018-08-20 18:00:00,0.00015483713650610298
2018-08-20 19:00:00,8.293780410895124e-05
2018-08-20 20:00:00,6.848572957096621e-05
2018-08-20 21:00:00,8.487116429023445e-05
2018-08-20 22:00:00,8.831881132209674e-05
2018-08-20 23:00:00,0.0003210624563507736
2018-08-21 00:00:00,0.0002550978388171643
2018-08-21 01:00:00,0.000206141296075657
2018-08-21 02:00:00,8.606798655819148e-05
2018-08-21 03:00:00,0.0001090734513127245
2018-08-21 04:00:00,8.646860078442842e-05
2018-08-21 05:00:00,8.034423808567226e-05
2018-08-21 06:00:00,0.00012454816896934062
2018-08-21 07:00:00,0.00020229154324624687
2018-08-21 08:00:00,0.00013515257160179317
2018-08-21 09:00:00,0.00014783309597987682
2018-08-21 10:00:00,0.00013129186118021607
2018-08-21 11:00:00,0.00012612009595613927
2018-08-21 12:00:00,7.759271829854697e-05
2018-08-21 13:00:00,8.71413285494782e-05
2018-08-21 14:00:00,0.0001349117956124246
2018-08-21 15:00:00,0.00022777385311201215
2018-08-21 16:00:00,0.00012435227108653635
2018-08-21 17:00:00,0.0002987088810186833
2018-08-21 18:00:00,0.00022972369333729148
2018-08-21 19:00:00,0.0002147713821614161
2018-08-21 20:00:00,0.0001881132775451988
2018-08-21 21:00:00,0.00014489327440969646
2018-08-21 22:00:00,0.00017412309534847736
2018-08-21 23:00:00,0.0001076644184649922
2018-08-22 00:00:00,6.73940303386189e-05
2018-08-22 01:00:00,0.0001221225829795003
2018-08-22 02:00:00,0.0004752578679472208
2018-08-22 03:00:00,0.00030970716034062207
2018-08-22 04:00:00,0.0001636735105421394
2018-08-22 05:00:00,0.0001306593621848151
2018-08-22 06:00:00,0.00016236341616604477
2018-08-22 07:00:00,0.00015381815319415182
2018-08-22 08:00:00,9.061471791937947e-05
2018-08-22 09:00:00,0.0001552907342556864
2018-08-22 10:00:00,0.00017615375691093504
2018-08-22 11:00:00,0.00012803640856873244
2018-08-22 12:00:00,0.0001416086161043495
2018-08-22 13:00:00,0.00018345110584050417
2018-08-22 14:00:00,0.00012797322415281087
2018-08-22 15:00:00,0.0001238490076502785
2018-08-22 16:00:00,0.00038039754144847393
2018-08-22 17:00:00,0.000706778431776911
2018-08-22 18:00:00,0.00017965213919524103
2018-08-22 19:00:00,8.98659709491767e-05
2018-08-22 20:00:00,0.00016444490756839514
2018-08-22 21:00:00,0.0006988359964452684
2018-08-22 22:00:00,0.00028462259797379375
2018-08-22 23:00:00,0.0009825383313000202
2018-08-23 00:00:00,0.00041877132025547326
2018-08-23 01:00:00,0.00027902313740924
2018-08-23 02:00:00,8.426856220467016e-05
2018-08-23 03:00:00,0.00017656282579991966
2018-08-23 04:00:00,0.00025509600527584553
2018-08-23 05:00:00,0.00013302650768309832
2018-08-23 06:00:00,0.00035843689693138003
2018-08-23 07:00:00,8.437196811428294e-05
2018-08-23 08:00:00,0.00021828118769917637
2018-08-23 09:00:00,0.00013695030065719038
2018-08-23 10:00:00,0.0001444552035536617
2018-08-23 11:00:00,9.297625365434214e-05
2018-08-23 12:00:00,0.0002030669857049361
2018-08-23 13:00:00,0.0001373813720420003
2018-08-23 14:00:00,0.00016593863256275654
2018-08-23 15:00:00,0.0004355180135462433
2018-08-23 16:00:00,0.00013909950212109834
2018-08-23 17:00:00,0.00018568294763099402
2018-08-23 18:00:00,0.00014846556587144732
2018-08-23 19:00:00,0.00015691442240495235
2018-08-23 20:00:00,0.00021182288764975965
2018-08-23 21:00:00,0.00010837767331395298
2018-08-23 22:00:00,0.000183378069777973
2018-08-23 23:00:00,0.00018332187028136104
2018-08-24 00:00:00,0.00011051385808968917
2018-08-24 01:00:00,9.132947161560878e-05
2018-08-24 02:00:00,6.982350896578282e-05
2018-08-24 03:00:00,7.161893881857395e-05
2018-08-24 04:00:00,7.811371324351057e-05
2018-08-24 05:00:00,0.0001086919946828857
2018-08-24 06:00:00,9.054443216882646e-05
2018-08-24 07:00:00,8.819615322863683e-05
2018-08-24 08:00:00,0.00015804445138201118
2018-08-24 09:00:00,7.498102058889344e-05
2018-08-24 10:00:00,0.00013210343604441732
2018-08-24 11:00:00,0.00015223158698063344
2018-08-24 12:00:00,0.0001266884501092136
2018-08-24 13:00:00,0.00012513223919086158
2018-08-24 14:00:00,0.00016487916582264006
2018-08-24 15:00:00,0.00014796161849517375
2018-08-24 16:00:00,0.0001293798122787848
2018-08-24 17:00:00,0.00011766347597585991
2018-08-24 18:00:00,0.00014000259398017079
2018-08-24 19:00:00,0.00011439523223089054
2018-08-24 20:00:00,0.00011695570719894022
2018-08-24 21:00:00,8.812082523945719e-05
2018-08-24 22:00:00,0.00023831499856896698
2018-08-24 23:00:00,0.00018709595315158367
2018-08-25 00:00:00,0.00012774883361998945
2018-08-25 01:00:00,0.00028359328280203044
2018-08-25 02:00:00,0.0001987716677831486
2018-08-25 03:00:00,0.00016190375026781112
2018-08-25 04:00:00,0.00018578321032691747
2018-08-25 05:00:00,0.00027355074416846037
2018-08-25 06:00:00,9.761044930201024e-05
2018-08-25 07:00:00,0.00010794884292408824
2018-08-25 08:00:00,0.00014793526497669518
2018-08-25 09:00:00,0.000161764764925465
2018-08-25 10:00:00,0.0001993855694308877
2018-08-25 11:00:00,0.00013726632460020483
2018-08-25 12:00:00,0.00020309037063270807
2018-08-25 13:00:00,0.0002406415151199326
2018-08-25 14:00:00,0.00015702960081398487
2018-08-25 15:00:00,0.00027270748978480697
2018-08-25 16:00:00,0.0003048098587896675
2018-08-25 17:00:00,0.00017405740800313652
2018-08-25 18:00:00,7.67814926803112e-05
2018-08-25 19:00:00,0.00019995287584606558
2018-08-25 21:00:00,7.604060374433175e-05
2018-08-25 22:00:00,0.00015027931658551097
2018-08-25 23:00:00,9.512583346804604e-05
2018-08-26 00:00:00,0.0002507931203581393
2018-08-26 01:00:00,0.00011023184197256342
2018-08-26 02:00:00,9.221092477673665e-05
2018-08-26 03:00:00,0.0003973070706706494
2018-08-26 04:00:00,0.0001861401688074693
2018-08-26 05:00:00,0.00013888270768802613
2018-08-26 06:00:00,8.259559399448335e-05
2018-08-26 07:00:00,9.522231266601011e-05
2018-08-26 08:00:00,0.0001087769414880313
2018-08-26 09:00:00,0.00012516818242147565
2018-08-26 10:00:00,0.00011626431660261005
2018-08-26 11:00:00,0.00012967249494977295
2018-08-26 12:00:00,0.00010799496521940455
2018-08-26 13:00:00,0.00013651449989993125
2018-08-26 14:00:00,0.0001329492952208966
2018-08-26 15:00:00,0.00014465120329987258
2018-08-26 16:00:00,0.00012575862638186663
2018-08-26 17:00:00,0.00019900035113096237
2018-08-26 18:00:00,0.0001620846160221845
2018-08-26 19:00:00,0.00012296428030822426
2018-08-26 20:00:00,0.00016004181816242635
2018-08-26 21:00:00,0.00014296025619842112
2018-08-26 22:00:00,0.00012527663784567267
2018-08-26 23:00:00,0.00016472587594762444
2018-08-27 00:00:00,0.00016464899817947298
2018-08-27 01:00:00,5.688858436769806e-05
2018-08-27 02:00:00,9.482431778451428e-05
2018-08-27 03:00:00,9.178511390928179e-05
2018-08-27 04:00:00,9.467933705309406e-05
2018-08-27 05:00:00,9.834409138420597e-05
2018-08-27 06:00:00,0.00015338014054577798
2018-08-27 07:00:00,5.0009522965410724e-05
2018-08-27 08:00:00,9.775471698958427e-05
2018-08-27 09:00:00,0.0001466854737373069
2018-08-27 10:00:00,5.192653406993486e-05
2018-08-27 11:00:00,5.975672684144229e-05
2018-08-27 12:00:00,6.830673373769969e-05
2018-08-27 13:00:00,0.00010920353088295087
2018-08-27 14:00:00,9.298774239141494e-05
2018-08-27 15:00:00,0.00010922445653704926
2018-08-27 16:00:00,0.00018211962014902383
2018-08-27 17:00:00,0.0001557787909405306
2018-08-27 18:00:00,7.196849765023217e-05
2018-08-27 19:00:00,5.647352008963935e-05
2018-08-27 20:00:00,6.318448868114501e-05
2018-08-27 21:00:00,7.744570029899478e-05
2018-08-27 22:00:00,0.0002055129298241809
2018-08-27 23:00:00,9.458787826588377e-05
2018-08-28 00:00:00,0.00021169408864807338
2018-08-28 01:00:00,0.00015664739476051182
2018-08-28 02:00:00,0.00013067437976133078
2018-08-28 03:00:00,0.000181317693204619
2018-08-28 04:00:00,9.835597302298993e-05
2018-08-28 05:00:00,6.195995229063556e-05
2018-08-28 06:00:00,9.811234485823661e-05
2018-08-28 07:00:00,0.00012274367327336222
2018-08-28 08:00:00,6.394128286046907e-05
2018-08-28 09:00:00,0.00010619137901812792
2018-08-28 10:00:00,8.981844439404085e-05
2018-08-28 11:00:00,0.0001492800220148638
2018-08-28 12:00:00,0.0004278644628357142
2018-08-28 13:00:00,0.00017065173597075045
2018-08-28 14:00:00,7.896638999227434e-05
2018-08-28 15:00:00,0.0001373143750242889
2018-08-28 16:00:00,0.0001260065328096971
2018-08-28 17:00:00,0.00012047524796798825
2018-08-28 18:00:00,0.0001590098545420915
2018-08-28 19:00:00,9.9514341854956e-05
2018-08-28 20:00:00,9.918252908391878e-05
2018-08-28 21:00:00,0.00013267107715364546
2018-08-28 22:00:00,0.00012393562064971775
2018-08-28 23:00:00,0.00011068610183428973
2018-08-29 00:00:00,0.00010194616334047168
2018-08-29 01:00:00,7.894246664363891e-05
2018-08-29 02:00:00,7.686869503231719e-05
2018-08-29 03:00:00,9.595195297151804e-05
2018-08-29 04:00:00,6.967705121496692e-05
2018-08-29 05:00:00,8.766262180870399e-05
2018-08-29 06:00:00,7.05401980667375e-05
2018-08-29 07:00:00,0.0001416818267898634
2018-08-29 08:00:00,0.00010291895887348801
2018-08-29 09:00:00,0.00011922883277293295
2018-08-29 10:00:00,0.00014264923811424524
2018-08-29 11:00:00,7.720782014075667e-05
2018-08-29 12:00:00,8.602349407738075e-05
2018-08-29 13:00:00,8.703170897206292e-05
2018-08-29 14:00:00,8.749792323214933e-05
2018-08-29 15:00:00,8.321226778207347e-05
2018-08-29 16:00:00,0.00022224157874006778
2018-08-29 17:00:00,0.00013207344454713166
2018-08-29 18:00:00,5.8814264775719494e-05
2018-08-29 19:00:00,0.00013214326463639736
2018-08-29 20:00:00,7.365423516603187e-05
2018-08-29 21:00:00,6.866196781629696e-05
2018-08-29 22:00:00,0.00010781337186926976
2018-08-29 23:00:00,6.802268035244197e-05
2018-08-30 00:00:00,7.432520942529663e-05
2018-08-30 01:00:00,7.713743252679706e-05
2018-08-30 02:00:00,6.655191100435331e-05
2018-08-30 03:00:00,0.00030627934029325843
2018-08-30 04:00:00,0.00011027935397578403
2018-08-30 05:00:00,0.00013701482384931296
2018-08-30 06:00:00,0.00014447599824052304
2018-08-30 07:00:00,0.00012284476542845368
2018-08-30 08:00:00,0.0001173811688204296
2018-08-30 09:00:00,6.984369974816218e-05
2018-08-30 10:00:00,0.00018168998940382153
2018-08-30 11:00:00,0.00015625350351911038
2018-08-30 12:00:00,0.00020062073599547148
2018-08-30 13:00:00,0.00013959466014057398
2018-08-30 14:00:00,0.00010650332842487842
2018-08-30 15:00:00,0.00012415411765687168
2018-08-30 16:00:00,9.244502143701538e-05
2018-08-30 17:00:00,9.02152678463608e-05
2018-08-30 18:00:00,7.455257582478225e-05
2018-08-30 19:00:00,0.00014456859207712114
2018-08-30 20:00:00,7.751905650366098e-05
2018-08-30 21:00:00,0.00012071235687471926
2018-08-30 22:00:00,0.00015145650831982493
2018-08-30 23:00:00,0.00013998078065924346
2018-08-31 00:00:00,0.00020703073823824525
2018-08-31 01:00:00,0.00011161707516293973
2018-08-31 02:00:00,8.278734458144754e-05
2018-08-31 03:00:00,3.5778284654952586e-05
2018-08-31 04:00:00,6.618355837417766e-05
2018-08-31 05:00:00,0.000111994675535243
2018-08-31 06:00:00,5.26532567164395e-05
2018-08-31 07:00:00,3.672962702694349e-05
2018-08-31 08:00:00,4.875088416156359e-05
2018-08-31 09:00:00,8.790247375145555e-05
2018-08-31 10:00:00,9.252417657990009e-05
2018-08-31 11:00:00,0.00010190161992795765
2018-08-31 12:00:00,7.090745202731341e-05
2018-08-31 13:00:00,0.00011982816067757085
2018-08-31 14:00:00,9.502845932729542e-05
2018-08-31 15:00:00,9.653946472099051e-05
2018-08-31 16:00:00,0.0001444051886210218
2018-08-31 17:00:00,9.686974954092875e-05
2018-08-31 18:00:00,8.892697951523587e-05
2018-08-31 19:00:00,0.00012368598254397511
2018-08-31 20:00:00,0.00012776849325746298
2018-08-31 21:00:00,8.862646791385487e-05
2018-08-31 22:00:00,0.00010754136746982113
2018-09-03 23:00:00,4.8198769945884123e-05
2018-09-04 00:00:00,4.704472667071968e-05
2018-09-04 01:00:00,3.151983401039615e-05
2018-09-04 02:00:00,2.926976048911456e-05
2018-09-04 03:00:00,4.5444532588589936e-05
2018-09-04 04:00:00,4.3879157601622865e-05
2018-09-04 05:00:00,4.1176848753821105e-05
2018-09-04 06:00:00,4.260473724571057e-05
2018-09-04 07:00:00,3.9894599467515945e-05
2018-09-04 08:00:00,4.6884048060746863e-05
2018-09-04 09:00:00,8.071037154877558e-05
2018-09-04 10:00:00,3.3367410651408136e-05
2018-09-04 11:00:00,3.147370443912223e-05
2018-09-04 12:00:00,5.3716139518655837e-05
2018-09-04 13:00:00,7.911933062132448e-05
2018-09-04 14:00:00,5.4341879149433225e-05
2018-09-04 15:00:00,2.709585169213824e-05
2018-09-04 16:00:00,5.252823393675499e-05
2018-09-04 17:00:00,4.4957658246858045e-05
2018-09-04 18:00:00,6.715720519423485e-05
2018-09-04 19:00:00,6.821982969995588e-05
2018-09-04 20:00:00,6.36280674370937e-05
2018-09-04 21:00:00,6.88614891259931e-05
2018-09-04 22:00:00,0.00014401496446225792
2018-09-04 23:00:00,4.497751797316596e-05
2018-09-05 00:00:00,4.631186675396748e-05
2018-09-05 01:00:00,6.933432450750843e-05
2018-09-05 02:00:00,5.727482130168937e-05
2018-09-05 03:00:00,7.559702498838305e-05
2018-09-05 04:00:00,3.6445442674448714e-05
2018-09-05 05:00:00,2.6174440790782683e-05
2018-09-05 06:00:00,5.909684477956034e-05
2018-09-05 07:00:00,3.755837678909302e-05
2018-09-05 08:00:00,7.755705155432224e-05
2018-09-05 09:00:00,7.076898327795789e-05
2018-09-05 10:00:00,0.00010414256394142285
2018-09-05 11:00:00,0.00018349902529735118
2018-09-05 12:00:00,0.0001957416970981285
2018-09-05 13:00:00,9.766169387148693e-05
2018-09-05 14:00:00,9.461281297262758e-05
2018-09-05 15:00:00,9.780887194210663e-05
2018-09-05 16:00:00,0.00019937203614972532
2018-09-05 17:00:00,0.0002615140692796558
2018-09-05 18:00:00,0.00015796149091329426
2018-09-05 19:00:00,0.00012168849934823811
2018-09-05 20:00:00,0.0001588338491274044
2018-09-05 21:00:00,0.0002029798342846334
2018-09-05 22:00:00,0.00038043924723751843
2018-09-05 23:00:00,0.0003295424103271216
2018-09-06 00:00:00,0.0005209922674112022
2018-09-06 01:00:00,0.00043937008013017476
2018-09-06 02:00:00,0.0003073294647037983
2018-09-06 03:00:00,0.00044397887540981174
2018-09-06 04:00:00,0.00036071889917366207
2018-09-06 05:00:00,0.00023483297263737768
2018-09-06 06:00:00,0.00019596691709011793
2018-09-06 07:00:00,0.00019480813352856785
2018-09-06 08:00:00,0.00020575287635438144
2018-09-06 09:00:00,9.332112676929682e-05
2018-09-06 10:00:00,0.000470995029900223
2018-09-06 11:00:00,0.000241183748585172
2018-09-06 12:00:00,0.00023152038920670748
2018-09-06 13:00:00,0.00020546016457956284
2018-09-06 14:00:00,0.0001877507020253688
2018-09-06 15:00:00,0.00014676772116217762
2018-09-06 16:00:00,0.0002475073852110654
2018-09-06 17:00:00,0.00010678103717509657
2018-09-06 18:00:00,0.00017110326734837145
2018-09-06 19:00:00,0.00025448258384130895
2018-09-06 20:00:00,0.00011070253094658256
2018-09-06 21:00:00,0.00016217274242080748
2018-09-06 22:00:00,0.00016794039402157068
2018-09-06 23:00:00,7.815762364771217e-05
2018-09-07 00:00:00,6.691090675303712e-05
2018-09-07 01:00:00,7.07278450136073e-05
2018-09-07 02:00:00,5.80294945393689e-05
2018-09-07 03:00:00,0.00016040790069382638
2018-09-07 04:00:00,9.143821807811037e-05
2018-09-07 05:00:00,6.896547711221501e-05
2018-09-07 06:00:00,5.763917579315603e-05
2018-09-07 07:00:00,0.00017888502043206245
2018-09-07 08:00:00,0.00010123663378180936
2018-09-07 09:00:00,0.00011574220116017386
2018-09-07 10:00:00,0.00011533096403582022
2018-09-07 11:00:00,0.0003345285076647997
2018-09-07 12:00:00,0.00018853925575967878
2018-09-07 13:00:00,0.00015897644334472716
2018-09-07 14:00:00,8.7829859694466e-05
2018-09-07 15:00:00,0.00011664649355225265
2018-09-07 16:00:00,0.00010616420331643894
2018-09-07 17:00:00,0.00019304377201478928
2018-09-07 18:00:00,0.000254985032370314
2018-09-07 19:00:00,0.0001130493328673765
2018-09-07 20:00:00,8.478367089992389e-05
2018-09-07 21:00:00,0.00010713814845075831
2018-09-07 22:00:00,9.776420483831316e-05
2018-09-07 23:00:00,7.129672303562984e-05
2018-09-08 00:00:00,6.697723438264802e-05
2018-09-08 01:00:00,2.7221720301895402e-05
2018-09-08 02:00:00,6.295445200521499e-05
2018-09-08 03:00:00,6.25048196525313e-05
2018-09-08 04:00:00,0.00011212303797947243
2018-09-08 05:00:00,6.818068504799157e-05
2018-09-08 06:00:00,0.00011939884279854596
2018-09-08 07:00:00,0.00011937103408854455
2018-09-08 09:00:00,7.396703585982323e-05
2018-09-08 10:00:00,8.271043043350801e-05
2018-09-08 11:00:00,0.0003399324486963451
2018-09-08 12:00:00,9.049560321727768e-05
2018-09-08 13:00:00,0.00026161334244534373
2018-09-08 16:00:00,0.00014012758038006723
2018-09-08 17:00:00,0.0002887128503061831
2018-09-08 18:00:00,0.0011153575032949448
2018-09-08 19:00:00,0.00023312789562623948
2018-09-08 20:00:00,0.00024775732890702784
2018-09-08 21:00:00,0.00025930634001269937
2018-09-08 22:00:00,0.00016074914310593158
2018-09-08 23:00:00,9.557968587614596e-05
2018-09-09 00:00:00,0.00018644300871528685
2018-09-09 02:00:00,0.00014699407620355487
2018-09-09 03:00:00,0.00013888967805542052
2018-09-09 04:00:00,0.0002510144258849323
2018-09-09 05:00:00,0.00024284749815706164
2018-09-09 06:00:00,0.00019794839317910373
2018-09-09 07:00:00,0.0001546996209071949
2018-09-09 08:00:00,0.0001596392976352945
2018-09-09 09:00:00,0.00010523485252633691
2018-09-09 10:00:00,0.00014545765588991344
2018-09-09 11:00:00,0.00029819266637787223
2018-09-09 12:00:00,0.00016922317445278168
2018-09-09 13:00:00,0.00026086452999152243
2018-09-09 14:00:00,0.0002616540004964918
2018-09-09 15:00:00,0.00011551750503713265
2018-09-09 16:00:00,0.00014299798931460828
2018-09-09 17:00:00,0.0001355895510641858
2018-09-09 18:00:00,6.294432387221605e-05
2018-09-09 19:00:00,3.605676465667784e-05
2018-09-09 20:00:00,6.598990148631856e-05
2018-09-09 21:00:00,5.987262920825742e-05
2018-09-09 22:00:00,9.333390335086733e-05
2018-09-09 23:00:00,0.00012329142191447318
2018-09-10 00:00:00,0.0001589675957802683
2018-09-10 01:00:00,0.00014455674681812525
2018-09-10 02:00:00,0.00011200849985470995
2018-09-10 03:00:00,0.0001060508584487252
2018-09-10 04:00:00,0.00013415407738648355
2018-09-10 05:00:00,8.103661821223795e-05
2018-09-10 06:00:00,0.00014117182581685483
2018-09-10 07:00:00,3.2420815841760486e-05
2018-09-10 08:00:00,0.00011985153832938522
2018-09-10 09:00:00,6.577366730198264e-05
2018-09-10 10:00:00,5.377306661102921e-05
2018-09-10 11:00:00,0.00011001161328749731
2018-09-10 12:00:00,5.428999793366529e-05
2018-09-10 13:00:00,4.375191929284483e-05
2018-09-10 14:00:00,7.291012298082933e-05
2018-09-10 15:00:00,0.00011873617040691897
2018-09-10 16:00:00,8.846985292620957e-05
2018-09-10 17:00:00,0.0002020764659391716
2018-09-10 18:00:00,9.743198461364955e-05
2018-09-10 19:00:00,0.00014118877879809588
2018-09-10 20:00:00,5.784645691164769e-05
2018-09-10 21:00:00,9.807937021832913e-05
2018-09-10 22:00:00,0.00010429287067381665
2018-09-11 00:00:00,0.00014063667913433164
2018-09-11 01:00:00,9.51481779338792e-05
2018-09-11 02:00:00,0.00012858548143412918
2018-09-11 03:00:00,0.0001280355209019035
2018-09-11 04:00:00,9.787930321181193e-05
2018-09-11 05:00:00,6.821526039857417e-05
2018-09-11 06:00:00,4.905378955299966e-05
2018-09-11 07:00:00,6.068233778933063e-05
2018-09-11 08:00:00,0.000175650799064897
2018-09-11 09:00:00,6.360884435707703e-05
2018-09-11 10:00:00,0.00014179410936776549
2018-09-11 11:00:00,7.163735426729545e-05
2018-09-11 12:00:00,0.00023117728414945304
2018-09-11 13:00:00,0.0001572992914589122
2018-09-11 14:00:00,0.00018598348833620548
2018-09-11 16:00:00,0.00016226402658503503
2018-09-11 17:00:00,6.334887439152226e-05
2018-09-11 18:00:00,6.240203219931573e-05
2018-09-11 19:00:00,0.0001228590845130384
2018-09-11 20:00:00,0.00011589562200242653
2018-09-11 21:00:00,0.00013259171100798994
2018-09-11 22:00:00,0.00018427666509523988
2018-09-11 23:00:00,6.759729876648635e-05
2018-09-12 00:00:00,6.695088814012706e-05
2018-09-12 01:00:00,4.859922410105355e-05
2018-09-12 02:00:00,4.845309376833029e-05
2018-09-12 03:00:00,4.7707377234473825e-05
2018-09-12 04:00:00,9.6546282293275e-05
2018-09-12 05:00:00,5.080653863842599e-05
2018-09-12 06:00:00,5.943104770267382e-05
2018-09-12 07:00:00,6.445246253861114e-05
2018-09-12 08:00:00,7.878038013586774e-05
2018-09-12 09:00:00,8.855925989337265e-05
2018-09-12 10:00:00,8.366474503418431e-05
2018-09-12 11:00:00,7.395860302494839e-05
2018-09-12 12:00:00,5.143851012689993e-05
2018-09-12 13:00:00,5.321002390701324e-05
2018-09-12 14:00:00,0.00012933858670294285
2018-09-12 15:00:00,5.613869507214986e-05
2018-09-12 16:00:00,3.407186522963457e-05
2018-09-12 17:00:00,4.8676738515496254e-05
2018-09-12 18:00:00,5.1208662625867873e-05
2018-09-12 19:00:00,4.100962541997433e-05
2018-09-12 20:00:00,4.850874756812118e-05
2018-09-12 21:00:00,4.9970967666013166e-05
2018-09-12 22:00:00,5.341844371287152e-05
2018-09-12 23:00:00,6.284204573603347e-05
2018-09-13 00:00:00,4.655653174268082e-05
2018-09-13 01:00:00,5.3176026995060965e-05
2018-09-13 02:00:00,0.00010657319944584742
2018-09-13 03:00:00,6.03265616518911e-05
2018-09-13 04:00:00,4.5509957999456674e-05
2018-09-13 05:00:00,6.589463737327605e-05
2018-09-13 06:00:00,6.333091732813045e-05
2018-09-13 07:00:00,2.642611798364669e-05
2018-09-13 08:00:00,0.00012337765656411648
2018-09-13 09:00:00,4.25783364335075e-05
2018-09-13 10:00:00,6.826628668932244e-05
2018-09-13 11:00:00,5.374706961447373e-05
2018-09-13 12:00:00,5.2855233661830425e-05
2018-09-13 13:00:00,8.481822442263365e-05
2018-09-13 14:00:00,8.618774154456332e-05
2018-09-13 15:00:00,0.00010667497554095462
2018-09-13 16:00:00,9.722853428684175e-05
2018-09-13 17:00:00,0.00014286296209320426
2018-09-13 18:00:00,5.756154132541269e-05
2018-09-13 19:00:00,0.0001540337543701753
2018-09-13 20:00:00,0.00011527019523782656
2018-09-13 21:00:00,7.373194966930896e-05
2018-09-13 22:00:00,0.00014468884910456836
2018-09-13 23:00:00,0.00015620946942362934
2018-09-14 00:00:00,8.719116885913536e-05
2018-09-14 01:00:00,8.237835572799668e-05
2018-09-14 02:00:00,6.667630805168301e-05
2018-09-14 03:00:00,9.031817899085581e-05
2018-09-14 04:00:00,9.597196913091466e-05
2018-09-14 05:00:00,9.253880853066221e-05
2018-09-14 06:00:00,7.489620475098491e-05
2018-09-14 07:00:00,3.682220994960517e-05
2018-09-14 08:00:00,5.519229671335779e-05
2018-09-14 09:00:00,0.00016496250464115292
2018-09-14 10:00:00,7.02814431861043e-05
2018-09-14 11:00:00,9.111112012760714e-05
2018-09-14 12:00:00,0.00015799369430169463
2018-09-14 13:00:00,5.656690336763859e-05
2018-09-14 14:00:00,8.923739369492978e-05
2018-09-14 15:00:00,6.119429599493742e-05
2018-09-14 16:00:00,7.123901741579175e-05
2018-09-14 17:00:00,5.894698915653862e-05
2018-09-14 18:00:00,5.481030893861316e-05
2018-09-14 19:00:00,7.50998078729026e-05
2018-09-14 20:00:00,5.5950713431229815e-05
2018-09-14 21:00:00,0.00010167035361519083
2018-09-14 22:00:00,6.319624662864953e-05
2018-09-14 23:00:00,0.00012783521378878504
2018-09-15 00:00:00,0.00010856468725251034
2018-09-15 01:00:00,7.045255915727466e-05
2018-09-15 02:00:00,0.000122926285257563
2018-09-15 03:00:00,0.00017294290591962636
2018-09-15 04:00:00,0.00010923225636361167
2018-09-15 05:00:00,0.00011158645793329924
2018-09-15 07:00:00,5.6594701163703576e-05
2018-09-15 08:00:00,3.3836011425592005e-05
2018-09-15 09:00:00,5.7514465879648924e-05
2018-09-15 10:00:00,0.00024761928943917155
2018-09-15 11:00:00,6.303490226855502e-05
2018-09-15 12:00:00,0.00014820689102634788
2018-09-15 13:00:00,0.00010863892384804785
2018-09-15 14:00:00,7.634222856722772e-05
2018-09-15 15:00:00,0.00012363994028419256
2018-09-15 16:00:00,8.146576146828011e-05
2018-09-15 17:00:00,4.8675872676540166e-05
2018-09-15 18:00:00,5.603624595096335e-05
2018-09-15 19:00:00,6.372202915372327e-05
2018-09-15 20:00:00,6.497886352008209e-05
2018-09-15 21:00:00,4.339648148743436e-05
2018-09-15 22:00:00,0.00010285604366799816
2018-09-15 23:00:00,0.0001939578796736896
2018-09-16 00:00:00,7.593918417114764e-05
2018-09-16 01:00:00,0.0002991006476804614
2018-09-16 02:00:00,5.5836957471910864e-05
2018-09-16 03:00:00,0.00017213285900652409
2018-09-16 04:00:00,0.00017799995839595795
2018-09-16 05:00:00,0.0002373309835093096
2018-09-16 06:00:00,0.0002475196961313486
2018-09-16 07:00:00,0.00025526105309836566
2018-09-16 08:00:00,0.00012196334137115628
2018-09-16 09:00:00,7.866474334150553e-05
2018-09-16 10:00:00,8.185743354260921e-05
2018-09-16 11:00:00,0.00012778387463185936
2018-09-16 12:00:00,0.0001012750290101394
2018-09-16 13:00:00,0.00014202580496203154
2018-09-16 14:00:00,0.00013228869647718966
2018-09-16 15:00:00,0.00017163691518362612
2018-09-16 16:00:00,0.0001755444536684081
2018-09-16 17:00:00,0.00017871471936814487
2018-09-16 18:00:00,0.000212457642192021
2018-09-16 19:00:00,0.00014470551104750484
2018-09-16 20:00:00,0.0001252237125299871
2018-09-16 21:00:00,0.00012569337559398264
2018-09-16 22:00:00,8.588753553340212e-05
2018-09-16 23:00:00,6.082847903599031e-05
2018-09-17 00:00:00,5.0416238082107157e-05
2018-09-17 01:00:00,4.232762148603797e-05
2018-09-17 02:00:00,3.7330843042582273e-05
2018-09-17 03:00:00,5.441575558506884e-05
2018-09-17 04:00:00,3.641875082394108e-05
2018-09-17 05:00:00,3.987751915701665e-05
2018-09-17 06:00:00,3.93478840123862e-05
2018-09-17 07:00:00,6.402832514140755e-05
2018-09-17 08:00:00,3.994835788034834e-05
2018-09-17 09:00:00,6.328606832539663e-05
2018-09-17 10:00:00,0.00010855941218324006
2018-09-17 11:00:00,6.608269904972985e-05
2018-09-17 12:00:00,5.349703133106232e-05
2018-09-17 13:00:00,7.679307600483298e-05
2018-09-17 14:00:00,7.899355114204809e-05
2018-09-17 15:00:00,0.0001421532069798559
2018-09-17 16:00:00,0.00017351987480651587
2018-09-17 17:00:00,0.00015912447997834533
2018-09-17 18:00:00,0.00025378967984579504
2018-09-17 19:00:00,0.0001312985405093059
2018-09-17 20:00:00,0.00012069366493960842
2018-09-17 21:00:00,0.00012792294728569686
2018-09-17 22:00:00,0.0001515785843366757
2018-09-17 23:00:00,0.00010823782213265076
2018-09-18 00:00:00,8.778714254731312e-05
2018-09-18 01:00:00,5.745887756347656e-05
2018-09-18 02:00:00,4.561823880067095e-05
2018-09-18 03:00:00,2.372706694586668e-05
2018-09-18 04:00:00,5.5910273658810183e-05
2018-09-18 05:00:00,5.400750524131581e-05
2018-09-18 06:00:00,4.919161801808514e-05
2018-09-18 07:00:00,6.253275205381215e-05
2018-09-18 08:00:00,0.0001281846925849095
2018-09-18 09:00:00,8.984148735180497e-05
2018-09-18 10:00:00,4.588372030411847e-05
2018-09-18 11:00:00,9.910321386996657e-05
2018-09-18 12:00:00,8.685121429152787e-05
2018-09-18 13:00:00,9.548904927214608e-05
2018-09-18 14:00:00,0.00013886363012716174
2018-09-18 15:00:00,0.00014979821571614593
2018-09-18 16:00:00,0.0001042656076606363
2018-09-18 17:00:00,2.985420542245265e-05
2018-09-18 18:00:00,8.22812580736354e-05
2018-09-18 19:00:00,9.58415403147228e-05
2018-09-18 20:00:00,0.00018735045159701258
2018-09-18 21:00:00,5.694846549886279e-05
2018-09-18 22:00:00,8.23227601358667e-05
2018-09-18 23:00:00,0.0001109300646930933
2018-09-19 00:00:00,7.286683830898255e-05
2018-09-19 01:00:00,6.242335075512528e-05
2018-09-19 02:00:00,5.431584577308968e-05
2018-09-19 03:00:00,7.871488196542487e-05
2018-09-19 04:00:00,5.100529597257264e-05
2018-09-19 05:00:00,6.761234544683248e-05
2018-09-19 06:00:00,4.218401954858564e-05
2018-09-19 07:00:00,4.762831667903811e-05
2018-09-19 08:00:00,8.399268699577078e-05
2018-09-19 09:00:00,7.991600432433188e-05
2018-09-19 10:00:00,0.00014825833204668015
2018-09-19 11:00:00,9.00032973731868e-05
2018-09-19 12:00:00,0.00012796546798199415
2018-09-19 13:00:00,9.721094102133065e-05
2018-09-19 14:00:00,0.00015619756595697254
2018-09-19 15:00:00,5.540866914088838e-05
2018-09-19 16:00:00,9.310806490248069e-05
2018-09-19 17:00:00,5.421188325271942e-05
2018-09-19 18:00:00,7.425525109283626e-05
2018-09-19 19:00:00,9.275190677726641e-05
2018-09-19 20:00:00,0.00013342068996280432
2018-09-19 21:00:00,0.0001466975372750312
2018-09-19 22:00:00,0.00015709891158621758
2018-09-19 23:00:00,0.00017686342471279204
2018-09-20 00:00:00,0.0001390320248901844
2018-09-20 01:00:00,0.00010442658822285011
2018-09-20 02:00:00,0.00010276922694174573
2018-09-20 03:00:00,0.00013359713193494827
2018-09-20 04:00:00,8.756053284741938e-05
2018-09-20 05:00:00,7.714911771472543e-05
2018-09-20 06:00:00,9.980585309676826e-05
2018-09-20 07:00:00,7.03451587469317e-05
2018-09-20 08:00:00,8.638255530968308e-05
2018-09-20 09:00:00,8.333943696925417e-05
2018-09-20 10:00:00,6.988635868765414e-05
2018-09-20 11:00:00,6.387574103428051e-05
2018-09-20 12:00:00,0.00014032170292921364
2018-09-20 13:00:00,0.00012187186803203076
2018-09-20 14:00:00,7.881299097789451e-05
2018-09-20 15:00:00,0.00011341054050717503
2018-09-20 16:00:00,8.743925718590617e-05
2018-09-20 17:00:00,9.141056216321886e-05
2018-09-20 18:00:00,9.114087879424915e-05
2018-09-20 19:00:00,0.00010166627907892689
2018-09-20 20:00:00,4.87084143969696e-05
2018-09-20 21:00:00,8.461453398922458e-05
2018-09-20 22:00:00,0.0001747273199725896
2018-09-20 23:00:00,0.0002681483165360987
2018-09-21 00:00:00,0.00023595029779244214
2018-09-21 01:00:00,0.0002886237052734941
2018-09-21 02:00:00,0.00011733718565665185
2018-09-21 03:00:00,0.00010541673691477627
2018-09-21 04:00:00,7.054564775899053e-05
2018-09-21 05:00:00,6.372492498485371e-05
2018-09-21 06:00:00,0.000115190603537485
2018-09-21 07:00:00,5.246424552751705e-05
2018-09-21 08:00:00,0.00010320008004782721
2018-09-21 09:00:00,0.0001523068203823641
2018-09-21 10:00:00,0.00021705229301005602
2018-09-21 11:00:00,0.00010279530397383496
2018-09-21 12:00:00,0.0004294499522075057
2018-09-21 13:00:00,0.00027239255723543465
2018-09-21 14:00:00,0.0003347066813148558
2018-09-21 15:00:00,0.00044814980356022716
2018-09-21 16:00:00,0.00044959873775951564
2018-09-21 17:00:00,0.0005086685996502638
2018-09-21 18:00:00,0.00040251697646453977
2018-09-21 19:00:00,0.00013116533227730542
2018-09-21 20:00:00,0.00016993778990581632
2018-09-21 21:00:00,0.00023161197896115482
2018-09-21 22:00:00,0.0003404624876566231
2018-09-21 23:00:00,0.00023949830210767686
2018-09-22 00:00:00,0.00017057884542737156
2018-09-22 01:00:00,0.00013125012628734112
2018-09-22 02:00:00,0.00010106270929099992
2018-09-22 03:00:00,3.520588870742358e-05
2018-09-22 04:00:00,9.604427759768441e-05
2018-09-22 05:00:00,0.0001291531225433573
2018-09-22 06:00:00,0.00023034402693156153
2018-09-22 07:00:00,5.5997697927523404e-05
2018-09-22 08:00:00,4.952548260916956e-05
2018-09-22 09:00:00,0.00013544662215281278
2018-09-22 10:00:00,0.00011930392793146893
2018-09-22 11:00:00,2.7708749257726595e-05
2018-09-22 12:00:00,9.658368799136952e-05
2018-09-22 13:00:00,0.0001019691044348292
2018-09-22 14:00:00,9.9814438726753e-05
2018-09-22 15:00:00,4.653088763006963e-05
2018-09-22 16:00:00,5.989717828924768e-05
2018-09-22 17:00:00,6.59534489386715e-05
2018-09-22 18:00:00,4.1164214053424075e-05
2018-09-22 19:00:00,0.00016697056707926095
2018-09-22 20:00:00,7.869956607464701e-05
2018-09-22 21:00:00,5.2869643695885316e-05
2018-09-22 22:00:00,7.024515070952475e-05
2018-09-22 23:00:00,7.309923967113718e-05
2018-09-23 00:00:00,4.3829633796121925e-05
2018-09-23 01:00:00,3.206915425835177e-05
2018-09-23 02:00:00,3.981124609708786e-05
2018-09-23 03:00:00,3.9643418858759105e-05
2018-09-23 04:00:00,0.00012781527766492218
2018-09-23 05:00:00,5.5752858315827325e-05
2018-09-23 06:00:00,6.345728615997359e-05
2018-09-23 07:00:00,4.929745409754105e-05
2018-09-23 08:00:00,0.00010854954598471522
2018-09-23 09:00:00,8.801359217613935e-05
2018-09-23 10:00:00,0.00011897261720150709
2018-09-23 11:00:00,0.0002964245213661343
2018-09-23 12:00:00,0.00019996793707832694
2018-09-23 13:00:00,0.00017596851103007793
2018-09-23 14:00:00,7.978714711498469e-05
2018-09-23 15:00:00,8.998926205094904e-05
2018-09-23 16:00:00,0.00018249127606395632
2018-09-23 17:00:00,0.00011391362932045013
2018-09-23 18:00:00,0.0001072339728125371
2018-09-23 19:00:00,7.920114148873836e-05
2018-09-23 20:00:00,0.00010830102837644517
2018-09-23 21:00:00,0.00010222323180641979
2018-09-23 22:00:00,0.00010307126649422571
2018-09-23 23:00:00,0.00018164455832447857
2018-09-24 00:00:00,5.015663191443309e-05
2018-09-24 01:00:00,0.00010362931061536074
2018-09-24 02:00:00,6.016328188707121e-05
2018-09-24 03:00:00,5.866554056410678e-05
2018-09-24 04:00:00,9.478218271397054e-05
2018-09-24 05:00:00,6.488525832537562e-05
2018-09-24 06:00:00,0.0001181165935122408
2018-09-24 07:00:00,6.745108112227172e-05
2018-09-24 08:00:00,9.021411824505776e-05
2018-09-24 09:00:00,0.00010876798478420824
2018-09-24 10:00:00,0.00023512222105637193
2018-09-24 11:00:00,5.626893835142255e-05
2018-09-24 12:00:00,6.215458415681496e-05
2018-09-24 13:00:00,9.164162474917248e-05
2018-09-24 14:00:00,7.349809311563149e-05
2018-09-24 15:00:00,3.452200326137245e-05
2018-09-24 16:00:00,4.241552232997492e-05
2018-09-24 17:00:00,4.2357172787887976e-05
2018-09-24 18:00:00,2.9173090297263116e-05
2018-09-24 19:00:00,4.295309554436244e-05
2018-09-24 20:00:00,0.00011319092300254852
2018-09-24 21:00:00,5.490118564921431e-05
2018-09-24 22:00:00,0.00010648813622538
2018-09-24 23:00:00,9.67525556916371e-05
2018-09-25 00:00:00,0.00010674741497496143
2018-09-25 01:00:00,0.00017486374417785555
2018-09-25 02:00:00,0.00022100612113717943
2018-09-25 03:00:00,0.00022761679429095238
2018-09-25 04:00:00,0.00010503051453270018
2018-09-25 05:00:00,5.981073991279118e-05
2018-09-25 06:00:00,4.465522215468809e-05
2018-09-25 07:00:00,5.013906047679484e-05
2018-09-25 08:00:00,8.488399907946587e-05
2018-09-25 09:00:00,6.604613008676097e-05
2018-09-25 10:00:00,5.134241655468941e-05
2018-09-25 11:00:00,5.252918344922364e-05
2018-09-25 12:00:00,5.4599189752480015e-05
2018-09-25 13:00:00,7.646294398000464e-05
2018-09-25 14:00:00,0.00010488839325262234
2018-09-25 15:00:00,7.69980251789093e-05
2018-09-25 16:00:00,7.440739136654884e-05
2018-09-25 17:00:00,4.7866076783975586e-05
2018-09-25 18:00:00,0.00010100512736244127
2018-09-25 19:00:00,0.00010537380876485258
2018-09-25 20:00:00,7.664455915801227e-05
2018-09-25 21:00:00,0.00011112324136774987
2018-09-25 22:00:00,0.00014674723206553608
2018-09-25 23:00:00,6.649310671491548e-05
2018-09-26 00:00:00,0.00010180106619372964
2018-09-26 01:00:00,4.9407426558900625e-05
2018-09-26 02:00:00,5.6647353630978614e-05
2018-09-26 03:00:00,3.090419704676606e-05
2018-09-26 04:00:00,3.282579928054474e-05
2018-09-26 05:00:00,3.0476658139377832e-05
2018-09-26 06:00:00,6.108740490162745e-05
2018-09-26 07:00:00,4.7369896492455155e-05
2018-09-26 08:00:00,5.3234231017995626e-05
2018-09-26 09:00:00,5.7997851399704814e-05
2018-09-26 10:00:00,5.82294596824795e-05
2018-09-26 11:00:00,7.282877777470276e-05
2018-09-26 12:00:00,0.00015805357543285936
2018-09-26 13:00:00,0.0001093174287234433
2018-09-26 14:00:00,7.731559162493795e-05
2018-09-26 15:00:00,0.00010688960901461542
2018-09-26 16:00:00,9.827296162256971e-05
2018-09-26 17:00:00,0.00016324031457770616
2018-09-26 18:00:00,0.00012031185906380415
2018-09-26 19:00:00,6.454459798987955e-05
2018-09-26 20:00:00,5.927029633312486e-05
2018-09-26 21:00:00,4.58529575553257e-05
2018-09-26 22:00:00,5.4414857004303485e-05
2018-09-26 23:00:00,6.615048187086359e-05
2018-09-27 00:00:00,9.991212573368102e-05
2018-09-27 01:00:00,4.672402428695932e-05
2018-09-27 02:00:00,6.086599387344904e-05
2018-09-27 03:00:00,3.779334656428546e-05
2018-09-27 04:00:00,1.671300378802698e-05
2018-09-27 05:00:00,2.094799310725648e-05
2018-09-27 06:00:00,2.4143953851307742e-05
2018-09-27 07:00:00,2.5617160645197146e-05
2018-09-27 08:00:00,4.7052919398993254e-05
2018-09-27 09:00:00,4.872730642091483e-05
2018-09-27 10:00:00,6.277942156884819e-05
2018-09-27 11:00:00,6.10526985838078e-05
2018-09-27 12:00:00,6.386784662026912e-05
2018-09-27 13:00:00,6.27746558166109e-05
2018-09-27 14:00:00,0.00011705028737196699
2018-09-27 15:00:00,6.595253944396973e-05
2018-09-27 16:00:00,4.9952730478253216e-05
2018-09-27 17:00:00,4.1381659684702754e-05
2018-09-27 18:00:00,2.9150734917493537e-05
2018-09-27 19:00:00,2.737306203925982e-05
2018-09-27 20:00:00,0.0002870664175134152
2018-09-27 21:00:00,0.00014966828166507185
2018-09-27 22:00:00,5.991279977024533e-05
2018-09-27 23:00:00,6.686661072308198e-05
2018-09-28 00:00:00,5.708921162295155e-05
2018-09-28 01:00:00,7.892386202001944e-05
2018-09-28 02:00:00,4.101423473912291e-05
2018-09-28 03:00:00,3.7130048440303653e-05
2018-09-28 04:00:00,3.4610406146384776e-05
2018-09-28 05:00:00,3.185370223945938e-05
2018-09-28 06:00:00,1.950662954186555e-05
2018-09-28 07:00:00,4.729212014353834e-05
2018-09-28 08:00:00,5.558467091759667e-05
2018-09-28 09:00:00,6.21563958702609e-05
2018-09-28 10:00:00,0.00017321509949397296
2018-09-28 11:00:00,6.680775550194085e-05
2018-09-28 12:00:00,0.000208480836590752
2018-09-28 13:00:00,9.111435792874545e-05
2018-09-28 14:00:00,7.714638923062012e-05
2018-09-28 15:00:00,9.618376498110592e-05
2018-09-28 16:00:00,8.390739822061732e-05
2018-09-28 17:00:00,4.364626147435047e-05
2018-09-28 18:00:00,4.158029696554877e-05
2018-09-28 19:00:00,3.953465056838468e-05
2018-09-28 20:00:00,0.00021688589185941964
2018-09-28 21:00:00,7.164481212384999e-05
2018-09-28 22:00:00,5.915358633501455e-05
2018-09-28 23:00:00,7.690038182772696e-05
2018-09-29 00:00:00,7.624912541359663e-05
2018-09-29 01:00:00,5.918597526033409e-05
2018-09-29 02:00:00,0.00011648274085018784
2018-09-29 03:00:00,7.508705311920494e-05
2018-09-29 04:00:00,7.844808715162799e-05
2018-09-29 05:00:00,7.267775072250515e-05
2018-09-29 06:00:00,5.404231706052087e-05
2018-09-29 07:00:00,8.144868479575962e-05
2018-09-29 09:00:00,5.400831651058979e-05
2018-09-29 10:00:00,9.226951806340367e-05
2018-09-29 11:00:00,7.978329085744917e-05
2018-09-29 12:00:00,6.0635113186435774e-05
2018-09-29 13:00:00,8.562099537812173e-05
2018-09-29 14:00:00,8.876932406565174e-05
2018-09-29 15:00:00,9.21857645153068e-05
2018-09-29 16:00:00,0.0001141942193498835
2018-09-29 17:00:00,5.955862798145972e-05
2018-09-29 18:00:00,0.00010890500561799854
2018-09-29 19:00:00,3.675765765365213e-05
2018-09-29 20:00:00,3.0027951652300544e-05
2018-09-29 21:00:00,0.00010003679199144244
2018-09-29 22:00:00,0.00011425151751609519
2018-09-29 23:00:00,0.00012830589548684657
2018-09-30 00:00:00,9.473513637203723e-05
2018-09-30 01:00:00,0.00011326058302074671
2018-09-30 02:00:00,8.636326674604788e-05
2018-09-30 03:00:00,5.584198879660107e-05
2018-09-30 04:00:00,3.784357977565378e-05
2018-09-30 05:00:00,3.0194391001714393e-05
2018-09-30 06:00:00,4.653110954677686e-05
2018-09-30 07:00:00,3.680030567920767e-05
2018-09-30 08:00:00,3.981418194598518e-05
2018-09-30 09:00:00,1.952855018316768e-05
2018-09-30 10:00:00,5.730678094550967e-05
2018-09-30 11:00:00,0.00011963241558987647
2018-09-30 12:00:00,9.274858166463673e-05
2018-09-30 13:00:00,9.464909817324951e-05
2018-09-30 14:00:00,5.195527046453208e-05
2018-09-30 15:00:00,2.2055992303648964e-05
2018-09-30 16:00:00,6.130604015197605e-05
2018-09-30 17:00:00,8.211284875869751e-05
2018-09-30 18:00:00,6.453656533267349e-05
2018-09-30 19:00:00,6.140571349533275e-05
2018-09-30 20:00:00,3.532007758622058e-05
2018-09-30 21:00:00,0.00010880515037570149
