datetime,LSTMSoftplusPredictorUnctRefit
2018-07-03 23:00:00,0.000052569918
2018-07-04 00:00:00,0.000048159392
2018-07-04 01:00:00,0.000061629304
2018-07-04 02:00:00,0.00005221231
2018-07-04 03:00:00,0.00005221231
2018-07-04 04:00:00,0.00005137788
2018-07-04 05:00:00,0.000053046726
2018-07-04 06:00:00,0.00005042426
2018-07-04 07:00:00,0.00005578839
2018-07-04 08:00:00,0.000051139483
2018-07-04 09:00:00,0.000046371337
2018-07-04 10:00:00,0.00005233151
2018-07-04 11:00:00,0.000055192377
2018-07-04 12:00:00,0.000050543462
2018-07-04 13:00:00,0.00004768258
2018-07-04 14:00:00,0.00003337804
2018-07-04 15:00:00,0.00005483477
2018-07-04 16:00:00,0.000054238757
2018-07-04 17:00:00,0.000055907592
2018-07-04 18:00:00,0.000050781866
2018-07-04 19:00:00,0.000053881147
2018-07-04 20:00:00,0.000049828246
2018-07-04 21:00:00,0.00005268912
2018-07-04 22:00:00,0.00005233151
2018-07-04 23:00:00,0.000069735004
2018-07-05 00:00:00,0.000054119555
2018-07-05 01:00:00,0.00005674201
2018-07-05 02:00:00,0.00004351044
2018-07-05 03:00:00,0.000055311582
2018-07-05 04:00:00,0.000050662664
2018-07-05 06:00:00,0.000053165928
2018-07-05 07:00:00,0.000053404336
2018-07-05 08:00:00,0.000050662664
2018-07-05 09:00:00,0.000050543462
2018-07-05 10:00:00,0.000051139483
2018-07-05 11:00:00,0.00005221231
2018-07-05 12:00:00,0.000055549986
2018-07-05 13:00:00,0.000049947444
2018-07-05 14:00:00,0.000058291647
2018-07-05 15:00:00,0.000055430788
2018-07-05 16:00:00,0.000049470636
2018-07-05 17:00:00,0.00005578839
2018-07-05 18:00:00,0.00005578839
2018-07-05 19:00:00,0.000067112574
2018-07-05 20:00:00,0.000049351427
2018-07-05 21:00:00,0.0000519739
2018-07-05 22:00:00,0.00005459636
2018-07-05 23:00:00,0.00004708656
2018-07-06 00:00:00,0.000053165928
2018-07-06 01:00:00,0.000053285137
2018-07-06 02:00:00,0.000055192377
2018-07-06 03:00:00,0.000048278598
2018-07-06 04:00:00,0.00005471557
2018-07-06 05:00:00,0.000053404336
2018-07-06 06:00:00,0.00005674201
2018-07-06 07:00:00,0.00005745723
2018-07-06 08:00:00,0.000049828246
2018-07-06 09:00:00,0.000049947444
2018-07-06 10:00:00,0.000053881147
2018-07-06 11:00:00,0.000048159392
2018-07-06 12:00:00,0.000053523538
2018-07-06 13:00:00,0.00004446408
2018-07-06 14:00:00,0.000055073175
2018-07-06 15:00:00,0.000055430788
2018-07-06 16:00:00,0.000050543462
2018-07-06 17:00:00,0.000053404336
2018-07-06 18:00:00,0.000046490542
2018-07-06 19:00:00,0.000058887654
2018-07-06 20:00:00,0.0000520931
2018-07-06 21:00:00,0.00005221231
2018-07-06 22:00:00,0.000049709037
2018-07-06 23:00:00,0.000055311582
2018-07-07 00:00:00,0.000049232225
2018-07-07 01:00:00,0.000053285137
2018-07-07 02:00:00,0.00005674201
2018-07-07 03:00:00,0.000049828246
2018-07-07 04:00:00,0.000051139483
2018-07-07 05:00:00,0.00005221231
2018-07-07 06:00:00,0.000053523538
2018-07-07 07:00:00,0.00005459636
2018-07-07 08:00:00,0.00005042426
2018-07-07 09:00:00,0.000055907592
2018-07-07 10:00:00,0.0000520931
2018-07-07 11:00:00,0.00005125868
2018-07-07 12:00:00,0.000053046726
2018-07-07 13:00:00,0.00005578839
2018-07-07 14:00:00,0.000059006856
2018-07-07 15:00:00,0.00004768258
2018-07-07 16:00:00,0.0000519739
2018-07-07 17:00:00,0.000053761945
2018-07-07 18:00:00,0.00005483477
2018-07-07 19:00:00,0.0000519739
2018-07-07 20:00:00,0.000053642736
2018-07-07 21:00:00,0.00005650361
2018-07-07 22:00:00,0.000050781866
2018-07-07 23:00:00,0.000045656114
2018-07-08 00:00:00,0.000031470758
2018-07-08 01:00:00,0.000055549986
2018-07-08 02:00:00,0.000053881147
2018-07-08 03:00:00,0.00005137788
2018-07-08 04:00:00,0.0000563844
2018-07-08 05:00:00,0.000052927524
2018-07-08 06:00:00,0.000049828246
2018-07-08 07:00:00,0.000053523538
2018-07-08 08:00:00,0.00005149709
2018-07-08 09:00:00,0.000054000346
2018-07-08 10:00:00,0.000051139483
2018-07-08 11:00:00,0.00005483477
2018-07-08 12:00:00,0.000050543462
2018-07-08 13:00:00,0.00005435796
2018-07-08 14:00:00,0.000050781866
2018-07-08 15:00:00,0.00005137788
2018-07-08 16:00:00,0.000052808322
2018-07-08 17:00:00,0.000053165928
2018-07-08 18:00:00,0.00005221231
2018-07-08 19:00:00,0.00005245071
2018-07-08 20:00:00,0.00005090107
2018-07-08 21:00:00,0.00005566919
2018-07-08 22:00:00,0.00005161629
2018-07-08 23:00:00,0.00005221231
2018-07-09 00:00:00,0.000059841273
2018-07-09 01:00:00,0.000050662664
2018-07-09 02:00:00,0.000055549986
2018-07-09 03:00:00,0.00005245071
2018-07-09 04:00:00,0.00005173549
2018-07-09 05:00:00,0.00005435796
2018-07-09 06:00:00,0.00005233151
2018-07-09 07:00:00,0.000050781866
2018-07-09 08:00:00,0.000050662664
2018-07-09 09:00:00,0.000053046726
2018-07-09 10:00:00,0.000057934038
2018-07-09 11:00:00,0.000053046726
2018-07-09 12:00:00,0.00004720576
2018-07-09 13:00:00,0.000055549986
2018-07-09 15:00:00,0.000049232225
2018-07-09 16:00:00,0.000053642736
2018-07-09 17:00:00,0.000055549986
2018-07-09 18:00:00,0.00005435796
2018-07-09 19:00:00,0.0000519739
2018-07-09 20:00:00,0.000050781866
2018-07-09 21:00:00,0.000054953973
2018-07-09 22:00:00,0.00004792099
2018-07-09 23:00:00,0.000056146
2018-07-10 00:00:00,0.00005841085
2018-07-10 01:00:00,0.00005221231
2018-07-10 02:00:00,0.000056265202
2018-07-10 03:00:00,0.000054953973
2018-07-10 04:00:00,0.0000520931
2018-07-10 05:00:00,0.0000519739
2018-07-10 06:00:00,0.000055907592
2018-07-10 07:00:00,0.000056265202
2018-07-10 08:00:00,0.00005149709
2018-07-10 09:00:00,0.000055430788
2018-07-10 10:00:00,0.00008046303
2018-07-10 11:00:00,0.000048159392
2018-07-10 12:00:00,0.00007331103
2018-07-10 13:00:00,0.00005161629
2018-07-10 14:00:00,0.000050066643
2018-07-10 15:00:00,0.00005435796
2018-07-10 16:00:00,0.00005149709
2018-07-10 17:00:00,0.00005721882
2018-07-10 18:00:00,0.00005149709
2018-07-10 19:00:00,0.00005137788
2018-07-10 20:00:00,0.000052569918
2018-07-10 21:00:00,0.000050305054
2018-07-10 22:00:00,0.000055073175
2018-07-11 00:00:00,0.000053046726
2018-07-11 01:00:00,0.00004100716
2018-07-11 02:00:00,0.000055907592
2018-07-11 03:00:00,0.000053285137
2018-07-11 04:00:00,0.00005769563
2018-07-11 05:00:00,0.000050543462
2018-07-11 06:00:00,0.000054238757
2018-07-11 07:00:00,0.00005709962
2018-07-11 08:00:00,0.00004696736
2018-07-11 09:00:00,0.000049709037
2018-07-11 10:00:00,0.00005686122
2018-07-11 12:00:00,0.00005185469
2018-07-11 13:00:00,0.000053404336
2018-07-11 14:00:00,0.00005233151
2018-07-11 15:00:00,0.000053881147
2018-07-11 16:00:00,0.000053165928
2018-07-11 17:00:00,0.000055192377
2018-07-11 18:00:00,0.00005173549
2018-07-11 19:00:00,0.000054119555
2018-07-11 20:00:00,0.00005149709
2018-07-11 21:00:00,0.00005161629
2018-07-11 22:00:00,0.00005185469
2018-07-11 23:00:00,0.00005161629
2018-07-12 00:00:00,0.000051020277
2018-07-12 01:00:00,0.00005483477
2018-07-12 02:00:00,0.000059006856
2018-07-12 03:00:00,0.000052808322
2018-07-12 04:00:00,0.000050662664
2018-07-12 05:00:00,0.000053642736
2018-07-12 06:00:00,0.000053165928
2018-07-12 07:00:00,0.00007426463
2018-07-12 08:00:00,0.00005912606
2018-07-12 09:00:00,0.000049589835
2018-07-12 10:00:00,0.000055192377
2018-07-12 11:00:00,0.00005435796
2018-07-12 12:00:00,0.00005483477
2018-07-12 13:00:00,0.000049828246
2018-07-12 14:00:00,0.00005221231
2018-07-12 15:00:00,0.000052927524
2018-07-12 16:00:00,0.00005459636
2018-07-12 17:00:00,0.000050781866
2018-07-12 18:00:00,0.000053046726
2018-07-12 19:00:00,0.000053523538
2018-07-12 20:00:00,0.000052569918
2018-07-12 21:00:00,0.000052927524
2018-07-12 22:00:00,0.000052927524
2018-07-12 23:00:00,0.00005650361
2018-07-13 00:00:00,0.000039219092
2018-07-13 01:00:00,0.000054000346
2018-07-13 02:00:00,0.000053285137
2018-07-13 03:00:00,0.000051020277
2018-07-13 04:00:00,0.00005149709
2018-07-13 05:00:00,0.000053285137
2018-07-13 06:00:00,0.000052808322
2018-07-13 07:00:00,0.000055073175
2018-07-13 08:00:00,0.000049589835
2018-07-13 09:00:00,0.000055192377
2018-07-13 10:00:00,0.000052569918
2018-07-13 11:00:00,0.00005268912
2018-07-13 12:00:00,0.00005137788
2018-07-13 13:00:00,0.000048397796
2018-07-13 14:00:00,0.00005698042
2018-07-13 15:00:00,0.00005221231
2018-07-13 16:00:00,0.00005042426
2018-07-13 17:00:00,0.000053404336
2018-07-13 18:00:00,0.000051020277
2018-07-13 19:00:00,0.00005733802
2018-07-13 20:00:00,0.00006389413
2018-07-13 21:00:00,0.00005090107
2018-07-13 22:00:00,0.000048159392
2018-07-13 23:00:00,0.0000520931
2018-07-14 00:00:00,0.000053285137
2018-07-14 01:00:00,0.000049113016
2018-07-14 02:00:00,0.000053285137
2018-07-14 03:00:00,0.000054000346
2018-07-14 04:00:00,0.00005578839
2018-07-14 05:00:00,0.000051020277
2018-07-14 06:00:00,0.0000520931
2018-07-14 07:00:00,0.000053881147
2018-07-14 08:00:00,0.00005149709
2018-07-14 09:00:00,0.000053285137
2018-07-14 10:00:00,0.000055549986
2018-07-14 11:00:00,0.000049232225
2018-07-14 12:00:00,0.000050662664
2018-07-14 13:00:00,0.00005233151
2018-07-14 14:00:00,0.00005233151
2018-07-14 15:00:00,0.00005245071
2018-07-14 16:00:00,0.00005233151
2018-07-14 17:00:00,0.000049232225
2018-07-14 18:00:00,0.000053642736
2018-07-14 19:00:00,0.000055549986
2018-07-14 20:00:00,0.00004792099
2018-07-14 21:00:00,0.00005233151
2018-07-14 22:00:00,0.000053404336
2018-07-14 23:00:00,0.00005578839
2018-07-15 00:00:00,0.000053046726
2018-07-15 01:00:00,0.00005268912
2018-07-15 02:00:00,0.000052569918
2018-07-15 03:00:00,0.00005173549
2018-07-15 04:00:00,0.000052808322
2018-07-15 05:00:00,0.000049828246
2018-07-15 06:00:00,0.000051139483
2018-07-15 07:00:00,0.000052808322
2018-07-15 08:00:00,0.00005233151
2018-07-15 09:00:00,0.00004744417
2018-07-15 10:00:00,0.000054000346
2018-07-15 11:00:00,0.00004768258
2018-07-15 12:00:00,0.000050066643
2018-07-15 13:00:00,0.000056622812
2018-07-15 14:00:00,0.000048755406
2018-07-15 15:00:00,0.000053761945
2018-07-16 08:00:00,0.00005042426
2018-07-16 09:00:00,0.00005137788
2018-07-16 10:00:00,0.00003337804
2018-07-16 11:00:00,0.000049828246
2018-07-16 12:00:00,0.000041245563
2018-07-16 13:00:00,0.00005698042
2018-07-16 14:00:00,0.00005435796
2018-07-16 15:00:00,0.00004780178
2018-07-16 16:00:00,0.00005245071
2018-07-16 17:00:00,0.000053642736
2018-07-16 18:00:00,0.000045894518
2018-07-16 19:00:00,0.000053404336
2018-07-16 20:00:00,0.000050543462
2018-07-16 21:00:00,0.00005483477
2018-07-16 22:00:00,0.000052569918
2018-07-16 23:00:00,0.000051139483
2018-07-17 00:00:00,0.00004577532
2018-07-17 01:00:00,0.000049828246
2018-07-17 02:00:00,0.00005566919
2018-07-17 03:00:00,0.000050662664
2018-07-17 04:00:00,0.0000519739
2018-07-17 05:00:00,0.000057576428
2018-07-17 06:00:00,0.00005566919
2018-07-17 07:00:00,0.000055311582
2018-07-17 08:00:00,0.000048636208
2018-07-17 09:00:00,0.000050305054
2018-07-17 10:00:00,0.00005459636
2018-07-17 11:00:00,0.000050305054
2018-07-17 12:00:00,0.000058172438
2018-07-17 13:00:00,0.000050305054
2018-07-17 14:00:00,0.000052927524
2018-07-17 15:00:00,0.000049709037
2018-07-17 16:00:00,0.000044225668
2018-07-17 17:00:00,0.00005698042
2018-07-17 18:00:00,0.000016569955
2018-07-17 19:00:00,0.000034689303
2018-07-17 21:00:00,0.000059960475
2018-07-17 22:00:00,0.00004708656
2018-07-17 23:00:00,0.000060318085
2018-07-18 00:00:00,0.000052569918
2018-07-18 01:00:00,0.000048636208
2018-07-18 02:00:00,0.000053285137
2018-07-18 03:00:00,0.000044583277
2018-07-18 04:00:00,0.00004553691
2018-07-18 05:00:00,0.0000563844
2018-07-18 06:00:00,0.000049113016
2018-07-18 07:00:00,0.00005185469
2018-07-18 08:00:00,0.00005709962
2018-07-18 09:00:00,0.000063417334
2018-07-18 10:00:00,0.000048278598
2018-07-18 11:00:00,0.00005245071
2018-07-18 12:00:00,0.00005090107
2018-07-18 13:00:00,0.000050066643
2018-07-18 14:00:00,0.000050305054
2018-07-18 15:00:00,0.000052927524
2018-07-18 16:00:00,0.000055907592
2018-07-18 17:00:00,0.00005149709
2018-07-18 18:00:00,0.00004410647
2018-07-18 19:00:00,0.00006365574
2018-07-18 20:00:00,0.000056622812
2018-07-18 21:00:00,0.000062344516
2018-07-18 22:00:00,0.000053285137
2018-07-18 23:00:00,0.000049232225
2018-07-19 00:00:00,0.000050662664
2018-07-19 01:00:00,0.000057576428
2018-07-19 02:00:00,0.00005876845
2018-07-19 03:00:00,0.000049470636
2018-07-19 04:00:00,0.000053523538
2018-07-19 05:00:00,0.000052808322
2018-07-19 06:00:00,0.000050781866
2018-07-19 07:00:00,0.00005221231
2018-07-19 08:00:00,0.00005578839
2018-07-19 09:00:00,0.00005090107
2018-07-19 10:00:00,0.000042318403
2018-07-19 11:00:00,0.00005745723
2018-07-19 12:00:00,0.00004732497
2018-07-19 13:00:00,0.00005185469
2018-07-19 14:00:00,0.00004482169
2018-07-19 15:00:00,0.00005805324
2018-07-19 16:00:00,0.000061033294
2018-07-19 17:00:00,0.000055549986
2018-07-19 18:00:00,0.00004625214
2018-07-19 19:00:00,0.000052808322
2018-07-19 20:00:00,0.000049113016
2018-07-19 21:00:00,0.00005709962
2018-07-19 22:00:00,0.000049947444
2018-07-19 23:00:00,0.00004732497
2018-07-20 00:00:00,0.000053761945
2018-07-20 02:00:00,0.0000615101
2018-07-20 03:00:00,0.000052927524
2018-07-20 04:00:00,0.000051020277
2018-07-20 05:00:00,0.000055192377
2018-07-20 06:00:00,0.00005781484
2018-07-20 07:00:00,0.000058649246
2018-07-20 08:00:00,0.000043868058
2018-07-20 09:00:00,0.000049709037
2018-07-20 10:00:00,0.000055430788
2018-07-20 11:00:00,0.000049589835
2018-07-20 12:00:00,0.000048874615
2018-07-20 13:00:00,0.00005674201
2018-07-20 14:00:00,0.00005245071
2018-07-20 15:00:00,0.00005137788
2018-07-20 16:00:00,0.000053165928
2018-07-20 17:00:00,0.000054000346
2018-07-20 18:00:00,0.00007438383
2018-07-20 19:00:00,0.000049113016
2018-07-20 20:00:00,0.00005447716
2018-07-20 21:00:00,0.0000519739
2018-07-20 22:00:00,0.000059960475
2018-07-20 23:00:00,0.000045179295
2018-07-21 00:00:00,0.00005674201
2018-07-21 01:00:00,0.00006747017
2018-07-21 02:00:00,0.000049470636
2018-07-21 03:00:00,0.00005042426
2018-07-21 04:00:00,0.00005268912
2018-07-21 05:00:00,0.000049351427
2018-07-21 06:00:00,0.000049828246
2018-07-21 07:00:00,0.000049828246
2018-07-21 08:00:00,0.000055549986
2018-07-21 09:00:00,0.000054000346
2018-07-21 10:00:00,0.000051139483
2018-07-21 11:00:00,0.00005805324
2018-07-21 12:00:00,0.000049113016
2018-07-21 13:00:00,0.000049232225
2018-07-21 14:00:00,0.00005042426
2018-07-21 15:00:00,0.000053404336
2018-07-21 16:00:00,0.00004744417
2018-07-21 17:00:00,0.00005137788
2018-07-21 18:00:00,0.00005125868
2018-07-21 19:00:00,0.000049709037
2018-07-21 20:00:00,0.000053761945
2018-07-21 21:00:00,0.000054119555
2018-07-21 22:00:00,0.000052808322
2018-07-21 23:00:00,0.00005221231
2018-07-22 00:00:00,0.000053523538
2018-07-22 01:00:00,0.00004780178
2018-07-22 02:00:00,0.000049351427
2018-07-22 03:00:00,0.000058172438
2018-07-22 04:00:00,0.000056146
2018-07-22 05:00:00,0.00005459636
2018-07-22 06:00:00,0.00005125868
2018-07-22 07:00:00,0.000055430788
2018-07-22 08:00:00,0.00005221231
2018-07-22 09:00:00,0.000045894518
2018-07-22 10:00:00,0.000052569918
2018-07-22 11:00:00,0.0000519739
2018-07-22 12:00:00,0.00005221231
2018-07-22 13:00:00,0.00005566919
2018-07-22 14:00:00,0.000048636208
2018-07-22 15:00:00,0.000049709037
2018-07-22 16:00:00,0.00004696736
2018-07-22 17:00:00,0.000054953973
2018-07-22 18:00:00,0.00005435796
2018-07-22 19:00:00,0.00005125868
2018-07-22 20:00:00,0.000051139483
2018-07-22 21:00:00,0.00005268912
2018-07-22 22:00:00,0.00007867504
2018-07-22 23:00:00,0.00004732497
2018-07-23 00:00:00,0.000054119555
2018-07-23 01:00:00,0.00004410647
2018-07-23 02:00:00,0.000046013727
2018-07-23 03:00:00,0.000039219092
2018-07-23 04:00:00,0.000053642736
2018-07-23 05:00:00,0.00004660974
2018-07-23 06:00:00,0.000056622812
2018-07-23 07:00:00,0.000048755406
2018-07-23 08:00:00,0.000044344877
2018-07-23 09:00:00,0.000057934038
2018-07-23 10:00:00,0.000052569918
2018-07-23 11:00:00,0.000055192377
2018-07-23 12:00:00,0.000053881147
2018-07-23 13:00:00,0.000050543462
2018-07-23 14:00:00,0.000050543462
2018-07-23 15:00:00,0.000055549986
2018-07-23 16:00:00,0.000049828246
2018-07-23 17:00:00,0.00005042426
2018-07-23 18:00:00,0.000053404336
2018-07-23 19:00:00,0.00005185469
2018-07-23 20:00:00,0.00005161629
2018-07-23 21:00:00,0.000057934038
2018-07-23 22:00:00,0.00004720576
2018-07-23 23:00:00,0.0000563844
2018-07-24 00:00:00,0.000053046726
2018-07-24 01:00:00,0.0000520931
2018-07-24 02:00:00,0.000051020277
2018-07-24 03:00:00,0.000053523538
2018-07-24 04:00:00,0.000049709037
2018-07-24 05:00:00,0.00004112636
2018-07-24 06:00:00,0.00004029193
2018-07-24 07:00:00,0.00005149709
2018-07-24 08:00:00,0.00004792099
2018-07-24 09:00:00,0.000055430788
2018-07-24 10:00:00,0.000049232225
2018-07-24 11:00:00,0.000040172727
2018-07-24 12:00:00,0.00004005352
2018-07-24 13:00:00,0.00005805324
2018-07-24 14:00:00,0.000049589835
2018-07-24 15:00:00,0.0000615101
2018-07-24 16:00:00,0.00005090107
2018-07-24 17:00:00,0.000053046726
2018-07-24 18:00:00,0.00004696736
2018-07-24 19:00:00,0.000050066643
2018-07-24 20:00:00,0.000051139483
2018-07-24 21:00:00,0.000058887654
2018-07-24 22:00:00,0.000048993817
2018-07-25 00:00:00,0.00004482169
2018-07-25 01:00:00,0.00005137788
2018-07-25 02:00:00,0.000053881147
2018-07-25 03:00:00,0.00006198691
2018-07-25 04:00:00,0.000048993817
2018-07-25 05:00:00,0.000048517
2018-07-25 06:00:00,0.000049589835
2018-07-25 07:00:00,0.00006484775
2018-07-25 08:00:00,0.00005233151
2018-07-25 09:00:00,0.000058530048
2018-07-25 10:00:00,0.000060794893
2018-07-25 11:00:00,0.000053404336
2018-07-25 12:00:00,0.000058887654
2018-07-25 13:00:00,0.000048636208
2018-07-25 14:00:00,0.000054000346
2018-07-25 15:00:00,0.000053881147
2018-07-25 16:00:00,0.000061629304
2018-07-25 17:00:00,0.00004780178
2018-07-25 18:00:00,0.000058649246
2018-07-25 19:00:00,0.000058887654
2018-07-25 20:00:00,0.000042676013
2018-07-25 21:00:00,0.00005018585
2018-07-25 22:00:00,0.000040887953
2018-07-25 23:00:00,0.00005686122
2018-07-26 00:00:00,0.00006425174
2018-07-26 01:00:00,0.00004577532
2018-07-26 02:00:00,0.00005435796
2018-07-26 03:00:00,0.00005686122
2018-07-26 04:00:00,0.000048755406
2018-07-26 05:00:00,0.000052569918
2018-07-26 06:00:00,0.000056265202
2018-07-26 07:00:00,0.00004494089
2018-07-26 08:00:00,0.000055073175
2018-07-26 09:00:00,0.00005137788
2018-07-26 10:00:00,0.00005090107
2018-07-26 11:00:00,0.000049828246
2018-07-26 12:00:00,0.000056146
2018-07-26 13:00:00,0.000056265202
2018-07-26 14:00:00,0.000055311582
2018-07-26 15:00:00,0.000050781866
2018-07-26 16:00:00,0.00005578839
2018-07-26 17:00:00,0.00005185469
2018-07-26 18:00:00,0.000052569918
2018-07-26 19:00:00,0.000049709037
2018-07-26 20:00:00,0.000049232225
2018-07-26 21:00:00,0.00006997341
2018-07-26 22:00:00,0.00008213183
2018-07-26 23:00:00,0.000055549986
2018-07-27 00:00:00,0.000054119555
2018-07-27 01:00:00,0.00005459636
2018-07-27 02:00:00,0.000054953973
2018-07-27 03:00:00,0.0000563844
2018-07-27 04:00:00,0.000050543462
2018-07-27 05:00:00,0.000046371337
2018-07-27 06:00:00,0.00005447716
2018-07-27 07:00:00,0.000053642736
2018-07-27 08:00:00,0.000052569918
2018-07-27 09:00:00,0.000046013727
2018-07-27 10:00:00,0.000053761945
2018-07-27 11:00:00,0.000053046726
2018-07-27 12:00:00,0.000056146
2018-07-27 13:00:00,0.00006377493
2018-07-27 14:00:00,0.00004756338
2018-07-27 15:00:00,0.000061748506
2018-07-27 16:00:00,0.000024199193
2018-07-27 17:00:00,0.00004804019
2018-07-27 18:00:00,0.000054119555
2018-07-27 19:00:00,0.00004339124
2018-07-27 20:00:00,0.00005948367
2018-07-27 21:00:00,0.000051020277
2018-07-27 22:00:00,0.00004804019
2018-07-27 23:00:00,0.000055549986
2018-07-28 00:00:00,0.000059960475
2018-07-28 01:00:00,0.000053642736
2018-07-28 02:00:00,0.000053404336
2018-07-28 03:00:00,0.000053761945
2018-07-28 04:00:00,0.00005149709
2018-07-28 05:00:00,0.00004720576
2018-07-28 06:00:00,0.00005745723
2018-07-28 07:00:00,0.00005090107
2018-07-28 08:00:00,0.0000519739
2018-07-28 09:00:00,0.00005137788
2018-07-28 10:00:00,0.000054953973
2018-07-28 11:00:00,0.00005483477
2018-07-28 12:00:00,0.00005125868
2018-07-28 13:00:00,0.00005233151
2018-07-28 14:00:00,0.000055430788
2018-07-28 15:00:00,0.000055192377
2018-07-28 16:00:00,0.00005566919
2018-07-28 17:00:00,0.00004553691
2018-07-28 18:00:00,0.00005221231
2018-07-28 19:00:00,0.00005137788
2018-07-28 20:00:00,0.000052927524
2018-07-28 21:00:00,0.000054953973
2018-07-28 22:00:00,0.000053285137
2018-07-28 23:00:00,0.00005042426
2018-07-29 00:00:00,0.00004768258
2018-07-29 01:00:00,0.000049709037
2018-07-29 02:00:00,0.000050781866
2018-07-29 03:00:00,0.000057576428
2018-07-29 04:00:00,0.000053523538
2018-07-29 05:00:00,0.00005650361
2018-07-29 06:00:00,0.00005149709
2018-07-29 07:00:00,0.000052927524
2018-07-29 08:00:00,0.000055192377
2018-07-29 09:00:00,0.00005650361
2018-07-29 10:00:00,0.000051020277
2018-07-29 11:00:00,0.000053642736
2018-07-29 12:00:00,0.00005090107
2018-07-29 13:00:00,0.00004732497
2018-07-29 14:00:00,0.00005459636
2018-07-29 15:00:00,0.000050662664
2018-07-29 16:00:00,0.000051139483
2018-07-29 17:00:00,0.00005912606
2018-07-29 18:00:00,0.000051020277
2018-07-29 19:00:00,0.000049709037
2018-07-29 20:00:00,0.000053046726
2018-07-29 21:00:00,0.00005447716
2018-07-29 22:00:00,0.000053404336
2018-07-29 23:00:00,0.000053165928
2018-07-30 00:00:00,0.000049113016
2018-07-30 01:00:00,0.000060675684
2018-07-30 02:00:00,0.00004613293
2018-07-30 03:00:00,0.00005471557
2018-07-30 04:00:00,0.000053404336
2018-07-30 05:00:00,0.000053881147
2018-07-30 06:00:00,0.00005221231
2018-07-30 07:00:00,0.00005876845
2018-07-30 08:00:00,0.000050543462
2018-07-30 09:00:00,0.00005161629
2018-07-30 10:00:00,0.000053165928
2018-07-30 11:00:00,0.000054119555
2018-07-30 12:00:00,0.000051020277
2018-07-30 13:00:00,0.00005578839
2018-07-30 14:00:00,0.000054953973
2018-07-30 15:00:00,0.000045894518
2018-07-30 16:00:00,0.000060556486
2018-07-30 17:00:00,0.00005245071
2018-07-30 18:00:00,0.00008785339
2018-07-30 19:00:00,0.000046371337
2018-07-30 20:00:00,0.000036596583
2018-07-30 21:00:00,0.000048159392
2018-07-30 22:00:00,0.000056265202
2018-07-30 23:00:00,0.000048993817
2018-07-31 00:00:00,0.00005161629
2018-07-31 01:00:00,0.00005912606
2018-07-31 02:00:00,0.000053046726
2018-07-31 03:00:00,0.000052927524
2018-07-31 04:00:00,0.00005149709
2018-07-31 05:00:00,0.000052927524
2018-07-31 06:00:00,0.00005185469
2018-07-31 07:00:00,0.00005137788
2018-07-31 08:00:00,0.000054238757
2018-07-31 09:00:00,0.00006592056
2018-07-31 10:00:00,0.000053523538
2018-07-31 11:00:00,0.00006258292
2018-07-31 12:00:00,0.000048993817
2018-07-31 13:00:00,0.00008034384
2018-07-31 14:00:00,0.00006305973
2018-07-31 15:00:00,0.0000520931
2018-07-31 16:00:00,0.000050662664
2018-07-31 17:00:00,0.00004672895
2018-07-31 18:00:00,0.00006317893
2018-07-31 19:00:00,0.000049947444
2018-07-31 20:00:00,0.0000519739
2018-07-31 21:00:00,0.000060318085
2018-07-31 22:00:00,0.00005090107
2018-08-03 23:00:00,0.00005435796
2018-08-04 00:00:00,0.000052569918
2018-08-04 01:00:00,0.00004780178
2018-08-04 02:00:00,0.000051020277
2018-08-04 03:00:00,0.000053046726
2018-08-04 04:00:00,0.00005447716
2018-08-04 05:00:00,0.000051020277
2018-08-04 06:00:00,0.00005674201
2018-08-04 07:00:00,0.00005435796
2018-08-04 08:00:00,0.000049113016
2018-08-04 09:00:00,0.000050781866
2018-08-04 10:00:00,0.000053523538
2018-08-04 11:00:00,0.000060794893
2018-08-04 12:00:00,0.0000519739
2018-08-04 13:00:00,0.00007974783
2018-08-04 14:00:00,0.000051139483
2018-08-04 15:00:00,0.00008999895
2018-08-04 16:00:00,0.00006580136
2018-08-04 17:00:00,0.00005233151
2018-08-04 18:00:00,0.00005161629
2018-08-04 19:00:00,0.00005435796
2018-08-04 20:00:00,0.000050543462
2018-08-04 21:00:00,0.000054000346
2018-08-04 22:00:00,0.00005185469
2018-08-04 23:00:00,0.000049947444
2018-08-05 00:00:00,0.0000520931
2018-08-05 01:00:00,0.000066754976
2018-08-05 02:00:00,0.00005161629
2018-08-05 03:00:00,0.00005042426
2018-08-05 04:00:00,0.00004482169
2018-08-05 05:00:00,0.00005686122
2018-08-05 06:00:00,0.00005233151
2018-08-05 07:00:00,0.000055311582
2018-08-05 08:00:00,0.000056265202
2018-08-05 09:00:00,0.00004613293
2018-08-05 10:00:00,0.000042079995
2018-08-05 11:00:00,0.0000563844
2018-08-05 12:00:00,0.000054238757
2018-08-05 13:00:00,0.000051139483
2018-08-05 14:00:00,0.000064966946
2018-08-05 15:00:00,0.00005924526
2018-08-05 16:00:00,0.000042318403
2018-08-05 17:00:00,0.0000519739
2018-08-05 18:00:00,0.000055430788
2018-08-05 19:00:00,0.000049470636
2018-08-05 20:00:00,0.00005233151
2018-08-05 21:00:00,0.00004625214
2018-08-05 22:00:00,0.00005471557
2018-08-05 23:00:00,0.000056265202
2018-08-06 00:00:00,0.000051020277
2018-08-06 01:00:00,0.000051020277
2018-08-06 02:00:00,0.000042914424
2018-08-06 03:00:00,0.000051139483
2018-08-06 04:00:00,0.000057934038
2018-08-06 05:00:00,0.00005578839
2018-08-06 06:00:00,0.000051139483
2018-08-06 07:00:00,0.000054000346
2018-08-06 08:00:00,0.00006210611
2018-08-06 09:00:00,0.000059960475
2018-08-06 10:00:00,0.000053404336
2018-08-06 11:00:00,0.000050305054
2018-08-06 12:00:00,0.000052569918
2018-08-06 13:00:00,0.00005471557
2018-08-06 14:00:00,0.00005924526
2018-08-06 15:00:00,0.000049589835
2018-08-06 16:00:00,0.000048874615
2018-08-06 17:00:00,0.000061629304
2018-08-06 18:00:00,0.00005125868
2018-08-06 19:00:00,0.000053761945
2018-08-06 20:00:00,0.000049232225
2018-08-06 21:00:00,0.000055311582
2018-08-06 22:00:00,0.00006210611
2018-08-06 23:00:00,0.000049947444
2018-08-07 00:00:00,0.0000452985
2018-08-07 01:00:00,0.000049470636
2018-08-07 02:00:00,0.00005972207
2018-08-07 03:00:00,0.000048397796
2018-08-07 04:00:00,0.000054953973
2018-08-07 05:00:00,0.000048755406
2018-08-07 06:00:00,0.00005709962
2018-08-07 07:00:00,0.00005018585
2018-08-07 08:00:00,0.000042676013
2018-08-07 09:00:00,0.000049709037
2018-08-07 10:00:00,0.000049947444
2018-08-07 11:00:00,0.00005471557
2018-08-07 12:00:00,0.00004780178
2018-08-07 13:00:00,0.00004792099
2018-08-07 14:00:00,0.000060675684
2018-08-07 15:00:00,0.000049232225
2018-08-07 16:00:00,0.000049351427
2018-08-07 17:00:00,0.000052569918
2018-08-07 18:00:00,0.00005245071
2018-08-07 19:00:00,0.000055430788
2018-08-07 20:00:00,0.0000680662
2018-08-07 21:00:00,0.00007378783
2018-08-07 22:00:00,0.00007390703
2018-08-07 23:00:00,0.000054953973
2018-08-08 00:00:00,0.00005686122
2018-08-08 01:00:00,0.00007295342
2018-08-08 02:00:00,0.00005674201
2018-08-08 03:00:00,0.00004672895
2018-08-08 04:00:00,0.00005781484
2018-08-08 05:00:00,0.000068185385
2018-08-08 06:00:00,0.00004768258
2018-08-08 07:00:00,0.000050543462
2018-08-08 08:00:00,0.00006866219
2018-08-08 09:00:00,0.00004494089
2018-08-08 10:00:00,0.000055073175
2018-08-08 11:00:00,0.00005459636
2018-08-08 12:00:00,0.000048517
2018-08-08 13:00:00,0.00005566919
2018-08-08 14:00:00,0.00005709962
2018-08-08 15:00:00,0.000048636208
2018-08-08 16:00:00,0.000054119555
2018-08-08 17:00:00,0.00010334912
2018-08-08 18:00:00,0.000055549986
2018-08-08 19:00:00,0.000049709037
2018-08-08 20:00:00,0.000041960786
2018-08-08 21:00:00,0.00005650361
2018-08-08 22:00:00,0.000055311582
2018-08-08 23:00:00,0.000059006856
2018-08-09 00:00:00,0.000049470636
2018-08-09 01:00:00,0.00005245071
2018-08-09 02:00:00,0.00004613293
2018-08-09 03:00:00,0.000055430788
2018-08-09 04:00:00,0.000050662664
2018-08-09 05:00:00,0.000049828246
2018-08-09 06:00:00,0.00005149709
2018-08-09 07:00:00,0.00005173549
2018-08-09 08:00:00,0.00005805324
2018-08-09 09:00:00,0.000053523538
2018-08-09 10:00:00,0.000049589835
2018-08-09 11:00:00,0.0000519739
2018-08-09 12:00:00,0.000055311582
2018-08-09 13:00:00,0.00006437094
2018-08-09 14:00:00,0.000031470758
2018-08-09 15:00:00,0.000042676013
2018-08-09 16:00:00,0.000061748506
2018-08-09 17:00:00,0.00005149709
2018-08-09 18:00:00,0.00005090107
2018-08-09 19:00:00,0.000051139483
2018-08-09 20:00:00,0.000053404336
2018-08-09 21:00:00,0.000045894518
2018-08-09 22:00:00,0.00004315283
2018-08-09 23:00:00,0.000050662664
2018-08-10 00:00:00,0.00006198691
2018-08-10 01:00:00,0.000050305054
2018-08-10 02:00:00,0.000056146
2018-08-10 03:00:00,0.00006210611
2018-08-10 04:00:00,0.000055073175
2018-08-10 05:00:00,0.000058649246
2018-08-10 06:00:00,0.0000519739
2018-08-10 07:00:00,0.000050781866
2018-08-10 08:00:00,0.000049232225
2018-08-10 09:00:00,0.00006437094
2018-08-10 10:00:00,0.0000613909
2018-08-10 11:00:00,0.000053165928
2018-08-10 12:00:00,0.00005566919
2018-08-10 13:00:00,0.000031232346
2018-08-10 14:00:00,0.000054953973
2018-08-10 15:00:00,0.000062821324
2018-08-10 16:00:00,0.000049470636
2018-08-10 17:00:00,0.00006603976
2018-08-10 18:00:00,0.000046371337
2018-08-10 19:00:00,0.00005566919
2018-08-10 20:00:00,0.00005125868
2018-08-10 21:00:00,0.00010287233
2018-08-10 22:00:00,0.00007748303
2018-08-10 23:00:00,0.000049470636
2018-08-11 00:00:00,0.000045417706
2018-08-11 01:00:00,0.000062225314
2018-08-11 02:00:00,0.000050305054
2018-08-11 03:00:00,0.000046848152
2018-08-11 04:00:00,0.00005781484
2018-08-11 05:00:00,0.000054238757
2018-08-11 06:00:00,0.0000519739
2018-08-11 07:00:00,0.0000563844
2018-08-11 08:00:00,0.000048636208
2018-08-11 09:00:00,0.000054000346
2018-08-11 10:00:00,0.00005090107
2018-08-11 11:00:00,0.00005173549
2018-08-11 12:00:00,0.00005245071
2018-08-11 13:00:00,0.00005268912
2018-08-11 14:00:00,0.000053642736
2018-08-11 15:00:00,0.000050781866
2018-08-11 16:00:00,0.000054000346
2018-08-11 17:00:00,0.000052927524
2018-08-11 18:00:00,0.000018834888
2018-08-11 19:00:00,0.00006365574
2018-08-11 20:00:00,0.0000520931
2018-08-11 21:00:00,0.000048636208
2018-08-11 22:00:00,0.00005733802
2018-08-11 23:00:00,0.00005185469
2018-08-12 00:00:00,0.00008451581
2018-08-12 01:00:00,0.00004672895
2018-08-12 02:00:00,0.00005471557
2018-08-12 03:00:00,0.000049947444
2018-08-12 04:00:00,0.000053165928
2018-08-12 05:00:00,0.000054953973
2018-08-12 06:00:00,0.00004339124
2018-08-12 07:00:00,0.0000519739
2018-08-12 08:00:00,0.000055430788
2018-08-12 09:00:00,0.000054238757
2018-08-12 10:00:00,0.000049589835
2018-08-12 11:00:00,0.000053285137
2018-08-12 12:00:00,0.000049947444
2018-08-12 13:00:00,0.00006854299
2018-08-12 14:00:00,0.00005137788
2018-08-12 15:00:00,0.00004720576
2018-08-12 16:00:00,0.000050305054
2018-08-12 17:00:00,0.000054000346
2018-08-12 18:00:00,0.000054000346
2018-08-12 19:00:00,0.00005149709
2018-08-12 20:00:00,0.00005090107
2018-08-12 21:00:00,0.000050305054
2018-08-12 22:00:00,0.00004792099
2018-08-12 23:00:00,0.00005674201
2018-08-13 00:00:00,0.000058172438
2018-08-13 01:00:00,0.00005042426
2018-08-13 02:00:00,0.000052569918
2018-08-13 03:00:00,0.000053285137
2018-08-13 04:00:00,0.000048874615
2018-08-13 05:00:00,0.000053046726
2018-08-13 06:00:00,0.000055073175
2018-08-13 07:00:00,0.000040887953
2018-08-13 08:00:00,0.000048874615
2018-08-13 09:00:00,0.00004744417
2018-08-13 10:00:00,0.000055073175
2018-08-13 11:00:00,0.00005161629
2018-08-13 12:00:00,0.000055430788
2018-08-13 13:00:00,0.00005233151
2018-08-13 14:00:00,0.000058291647
2018-08-13 15:00:00,0.000058291647
2018-08-13 16:00:00,0.00006866219
2018-08-13 17:00:00,0.000052927524
2018-08-13 18:00:00,0.000062940526
2018-08-13 19:00:00,0.000050543462
2018-08-13 20:00:00,0.00005435796
2018-08-13 21:00:00,0.000046013727
2018-08-13 22:00:00,0.00005960287
2018-08-13 23:00:00,0.000049709037
2018-08-14 00:00:00,0.000053881147
2018-08-14 01:00:00,0.00005745723
2018-08-14 02:00:00,0.00009619728
2018-08-14 03:00:00,0.00007068861
2018-08-14 04:00:00,0.000044583277
2018-08-14 05:00:00,0.00005137788
2018-08-14 06:00:00,0.000055311582
2018-08-14 07:00:00,0.000053761945
2018-08-14 08:00:00,0.000044702487
2018-08-14 09:00:00,0.00005268912
2018-08-14 10:00:00,0.000049709037
2018-08-14 11:00:00,0.00005578839
2018-08-14 12:00:00,0.000055549986
2018-08-14 13:00:00,0.000039934315
2018-08-14 14:00:00,0.000048278598
2018-08-14 15:00:00,0.00007045021
2018-08-14 16:00:00,0.000053046726
2018-08-14 17:00:00,0.00005268912
2018-08-14 18:00:00,0.000053404336
2018-08-14 19:00:00,0.000048397796
2018-08-14 20:00:00,0.00004720576
2018-08-14 21:00:00,0.00005578839
2018-08-14 22:00:00,0.000046848152
2018-08-14 23:00:00,0.000050066643
2018-08-15 00:00:00,0.000042676013
2018-08-15 01:00:00,0.000049351427
2018-08-15 02:00:00,0.00005161629
2018-08-15 03:00:00,0.00004625214
2018-08-15 04:00:00,0.00004780178
2018-08-15 05:00:00,0.00004672895
2018-08-15 06:00:00,0.000058291647
2018-08-15 07:00:00,0.000049709037
2018-08-15 08:00:00,0.00004005352
2018-08-15 09:00:00,0.000048278598
2018-08-15 10:00:00,0.000063536536
2018-08-15 11:00:00,0.00006580136
2018-08-15 12:00:00,0.00004482169
2018-08-15 13:00:00,0.00004768258
2018-08-15 14:00:00,0.000060675684
2018-08-15 15:00:00,0.000042676013
2018-08-15 16:00:00,0.00004780178
2018-08-15 17:00:00,0.00003421248
2018-08-15 18:00:00,0.000056265202
2018-08-15 19:00:00,0.00005805324
2018-08-15 20:00:00,0.000084635016
2018-08-15 21:00:00,0.00005268912
2018-08-15 22:00:00,0.000046848152
2018-08-15 23:00:00,0.00006651657
2018-08-16 00:00:00,0.00006472855
2018-08-16 01:00:00,0.000048755406
2018-08-16 02:00:00,0.00005733802
2018-08-16 03:00:00,0.000049113016
2018-08-16 04:00:00,0.000054000346
2018-08-16 05:00:00,0.000048517
2018-08-16 06:00:00,0.00005566919
2018-08-16 07:00:00,0.00005185469
2018-08-16 08:00:00,0.000041483967
2018-08-16 09:00:00,0.00005090107
2018-08-16 10:00:00,0.000050781866
2018-08-16 11:00:00,0.000045060096
2018-08-16 12:00:00,0.000053523538
2018-08-16 13:00:00,0.000077125434
2018-08-16 14:00:00,0.00004732497
2018-08-16 15:00:00,0.000058887654
2018-08-16 16:00:00,0.0000396959
2018-08-16 17:00:00,0.00005483477
2018-08-16 18:00:00,0.000050662664
2018-08-16 19:00:00,0.000050781866
2018-08-16 20:00:00,0.000055192377
2018-08-16 21:00:00,0.00008296622
2018-08-16 22:00:00,0.000049351427
2018-08-16 23:00:00,0.000053165928
2018-08-17 00:00:00,0.000046848152
2018-08-17 01:00:00,0.000048517
2018-08-17 02:00:00,0.000053046726
2018-08-17 03:00:00,0.000041960786
2018-08-17 04:00:00,0.00005245071
2018-08-17 05:00:00,0.00004577532
2018-08-17 06:00:00,0.00005578839
2018-08-17 07:00:00,0.00004410647
2018-08-17 08:00:00,0.000053642736
2018-08-17 10:00:00,0.00005912606
2018-08-17 11:00:00,0.00006425174
2018-08-17 12:00:00,0.000046848152
2018-08-17 13:00:00,0.000051020277
2018-08-17 14:00:00,0.00005245071
2018-08-17 15:00:00,0.00005483477
2018-08-17 16:00:00,0.000049828246
2018-08-17 17:00:00,0.000049828246
2018-08-17 18:00:00,0.00005161629
2018-08-17 19:00:00,0.00005125868
2018-08-17 20:00:00,0.000055192377
2018-08-17 21:00:00,0.00005566919
2018-08-17 22:00:00,0.000048397796
2018-08-17 23:00:00,0.000045417706
2018-08-18 00:00:00,0.000049947444
2018-08-18 01:00:00,0.000050662664
2018-08-18 02:00:00,0.00006317893
2018-08-18 03:00:00,0.00005733802
2018-08-18 04:00:00,0.000049351427
2018-08-18 05:00:00,0.00005435796
2018-08-18 06:00:00,0.000053285137
2018-08-18 07:00:00,0.00005841085
2018-08-18 08:00:00,0.0000519739
2018-08-18 09:00:00,0.000051139483
2018-08-18 10:00:00,0.00005233151
2018-08-18 11:00:00,0.000049947444
2018-08-18 12:00:00,0.00005268912
2018-08-18 13:00:00,0.00005709962
2018-08-18 14:00:00,0.000075933436
2018-08-18 15:00:00,0.000055311582
2018-08-18 16:00:00,0.000049589835
2018-08-18 17:00:00,0.00005459636
2018-08-18 18:00:00,0.000053881147
2018-08-18 19:00:00,0.000048517
2018-08-18 20:00:00,0.000053165928
2018-08-18 21:00:00,0.000053046726
2018-08-18 22:00:00,0.000048278598
2018-08-18 23:00:00,0.00005125868
2018-08-19 00:00:00,0.000053046726
2018-08-19 01:00:00,0.00005721882
2018-08-19 02:00:00,0.00005578839
2018-08-19 03:00:00,0.000049828246
2018-08-19 04:00:00,0.000058887654
2018-08-19 05:00:00,0.00004744417
2018-08-19 06:00:00,0.000051139483
2018-08-19 07:00:00,0.00005566919
2018-08-19 08:00:00,0.000053761945
2018-08-19 09:00:00,0.000049828246
2018-08-19 10:00:00,0.000053404336
2018-08-19 11:00:00,0.000050543462
2018-08-19 12:00:00,0.00004625214
2018-08-19 13:00:00,0.000053404336
2018-08-19 14:00:00,0.00004732497
2018-08-19 15:00:00,0.00005686122
2018-08-19 16:00:00,0.00005578839
2018-08-19 17:00:00,0.00005733802
2018-08-19 18:00:00,0.00005650361
2018-08-19 19:00:00,0.00005173549
2018-08-19 20:00:00,0.000049947444
2018-08-19 21:00:00,0.000032901222
2018-08-19 22:00:00,0.00005924526
2018-08-19 23:00:00,0.000049232225
2018-08-20 00:00:00,0.000059364465
2018-08-20 01:00:00,0.000048278598
2018-08-20 02:00:00,0.00005221231
2018-08-20 03:00:00,0.000055549986
2018-08-20 04:00:00,0.000054238757
2018-08-20 05:00:00,0.000056265202
2018-08-20 06:00:00,0.00005149709
2018-08-20 07:00:00,0.00005745723
2018-08-20 08:00:00,0.000049351427
2018-08-20 09:00:00,0.000055549986
2018-08-20 10:00:00,0.000057576428
2018-08-20 11:00:00,0.00005268912
2018-08-20 12:00:00,0.00004696736
2018-08-20 13:00:00,0.000052808322
2018-08-20 14:00:00,0.00005447716
2018-08-20 15:00:00,0.000051139483
2018-08-20 16:00:00,0.0000560268
2018-08-20 17:00:00,0.000045179295
2018-08-20 18:00:00,0.000054000346
2018-08-20 19:00:00,0.00005268912
2018-08-20 20:00:00,0.0000563844
2018-08-20 21:00:00,0.00005125868
2018-08-20 22:00:00,0.00005960287
2018-08-20 23:00:00,0.00007295342
2018-08-21 00:00:00,0.000060914095
2018-08-21 01:00:00,0.000045417706
2018-08-21 02:00:00,0.000053165928
2018-08-21 03:00:00,0.00005233151
2018-08-21 04:00:00,0.000052569918
2018-08-21 05:00:00,0.000054953973
2018-08-21 06:00:00,0.000049470636
2018-08-21 07:00:00,0.000042437605
2018-08-21 08:00:00,0.000050543462
2018-08-21 09:00:00,0.000042079995
2018-08-21 10:00:00,0.00005972207
2018-08-21 11:00:00,0.000049589835
2018-08-21 12:00:00,0.00005483477
2018-08-21 13:00:00,0.00005233151
2018-08-21 14:00:00,0.00005781484
2018-08-21 15:00:00,0.00005018585
2018-08-21 16:00:00,0.000052927524
2018-08-21 17:00:00,0.000050066643
2018-08-21 18:00:00,0.00005650361
2018-08-21 19:00:00,0.00004696736
2018-08-21 20:00:00,0.0000560268
2018-08-21 21:00:00,0.000048993817
2018-08-21 22:00:00,0.00005268912
2018-08-21 23:00:00,0.000049828246
2018-08-22 00:00:00,0.00005221231
2018-08-22 01:00:00,0.000054953973
2018-08-22 02:00:00,0.000020265374
2018-08-22 03:00:00,0.00006603976
2018-08-22 04:00:00,0.0000519739
2018-08-22 05:00:00,0.000054000346
2018-08-22 06:00:00,0.000060079674
2018-08-22 07:00:00,0.000051139483
2018-08-22 08:00:00,0.000057934038
2018-08-22 09:00:00,0.000049351427
2018-08-22 10:00:00,0.000053285137
2018-08-22 11:00:00,0.000053761945
2018-08-22 12:00:00,0.00005173549
2018-08-22 13:00:00,0.000053046726
2018-08-22 14:00:00,0.00005245071
2018-08-22 15:00:00,0.00005483477
2018-08-22 16:00:00,0.000095362884
2018-08-22 17:00:00,0.00005733802
2018-08-22 18:00:00,0.000049351427
2018-08-22 19:00:00,0.000058649246
2018-08-22 20:00:00,0.000048636208
2018-08-22 21:00:00,0.000073191826
2018-08-22 22:00:00,0.000046013727
2018-08-22 23:00:00,0.0000563844
2018-08-23 00:00:00,0.0000519739
2018-08-23 01:00:00,0.000042914424
2018-08-23 02:00:00,0.000053881147
2018-08-23 03:00:00,0.000052927524
2018-08-23 04:00:00,0.00005471557
2018-08-23 05:00:00,0.000053523538
2018-08-23 06:00:00,0.00004768258
2018-08-23 07:00:00,0.0000519739
2018-08-23 08:00:00,0.0000519739
2018-08-23 09:00:00,0.000053404336
2018-08-23 10:00:00,0.000056622812
2018-08-23 11:00:00,0.000049947444
2018-08-23 12:00:00,0.000055549986
2018-08-23 13:00:00,0.000048993817
2018-08-23 14:00:00,0.000053285137
2018-08-23 15:00:00,0.000050543462
2018-08-23 16:00:00,0.000052808322
2018-08-23 17:00:00,0.00005042426
2018-08-23 18:00:00,0.000053642736
2018-08-23 19:00:00,0.00005245071
2018-08-23 20:00:00,0.00005721882
2018-08-23 21:00:00,0.000053404336
2018-08-23 22:00:00,0.000044344877
2018-08-23 23:00:00,0.00004768258
2018-08-24 00:00:00,0.000049828246
2018-08-24 01:00:00,0.00005876845
2018-08-24 02:00:00,0.000051020277
2018-08-24 03:00:00,0.00005245071
2018-08-24 04:00:00,0.000053523538
2018-08-24 05:00:00,0.00005149709
2018-08-24 06:00:00,0.000050305054
2018-08-24 07:00:00,0.000053523538
2018-08-24 08:00:00,0.000048874615
2018-08-24 09:00:00,0.00005483477
2018-08-24 10:00:00,0.00005233151
2018-08-24 11:00:00,0.00005042426
2018-08-24 12:00:00,0.000052927524
2018-08-24 13:00:00,0.000050066643
2018-08-24 14:00:00,0.000055430788
2018-08-24 15:00:00,0.00005686122
2018-08-24 16:00:00,0.000053881147
2018-08-24 17:00:00,0.00004625214
2018-08-24 18:00:00,0.00004732497
2018-08-24 19:00:00,0.00004553691
2018-08-24 20:00:00,0.000054953973
2018-08-24 21:00:00,0.000054238757
2018-08-24 22:00:00,0.000042318403
2018-08-24 23:00:00,0.00005268912
2018-08-25 00:00:00,0.00005173549
2018-08-25 01:00:00,0.000048874615
2018-08-25 02:00:00,0.000051020277
2018-08-25 03:00:00,0.000048517
2018-08-25 04:00:00,0.000057934038
2018-08-25 05:00:00,0.000050543462
2018-08-25 06:00:00,0.000055073175
2018-08-25 07:00:00,0.000058530048
2018-08-25 08:00:00,0.00005447716
2018-08-25 09:00:00,0.00004768258
2018-08-25 10:00:00,0.00005578839
2018-08-25 11:00:00,0.000049351427
2018-08-25 12:00:00,0.00005483477
2018-08-25 13:00:00,0.000053761945
2018-08-25 14:00:00,0.00005173549
2018-08-25 15:00:00,0.000048993817
2018-08-25 16:00:00,0.00005018585
2018-08-25 17:00:00,0.0000563844
2018-08-25 18:00:00,0.00005125868
2018-08-25 19:00:00,0.000054953973
2018-08-25 21:00:00,0.0000520931
2018-08-25 22:00:00,0.000053404336
2018-08-25 23:00:00,0.000049351427
2018-08-26 00:00:00,0.000051139483
2018-08-26 01:00:00,0.000048993817
2018-08-26 02:00:00,0.00005566919
2018-08-26 03:00:00,0.000068781395
2018-08-26 04:00:00,0.00005674201
2018-08-26 05:00:00,0.00005173549
2018-08-26 06:00:00,0.000058291647
2018-08-26 07:00:00,0.00005042426
2018-08-26 08:00:00,0.000048397796
2018-08-26 09:00:00,0.000053523538
2018-08-26 10:00:00,0.00004792099
2018-08-26 11:00:00,0.000053523538
2018-08-26 12:00:00,0.00004732497
2018-08-26 13:00:00,0.000054238757
2018-08-26 14:00:00,0.000048517
2018-08-26 15:00:00,0.000055192377
2018-08-26 16:00:00,0.000055073175
2018-08-26 17:00:00,0.00005686122
2018-08-26 18:00:00,0.000053881147
2018-08-26 19:00:00,0.000045894518
2018-08-26 20:00:00,0.00005018585
2018-08-26 21:00:00,0.00005698042
2018-08-26 22:00:00,0.00005268912
2018-08-26 23:00:00,0.000052808322
2018-08-27 00:00:00,0.000049470636
2018-08-27 01:00:00,0.000053046726
2018-08-27 02:00:00,0.00005769563
2018-08-27 03:00:00,0.000052569918
2018-08-27 04:00:00,0.00005245071
2018-08-27 05:00:00,0.000048397796
2018-08-27 06:00:00,0.00005161629
2018-08-27 07:00:00,0.000052808322
2018-08-27 08:00:00,0.000052808322
2018-08-27 09:00:00,0.000052569918
2018-08-27 10:00:00,0.000053761945
2018-08-27 11:00:00,0.000050781866
2018-08-27 12:00:00,0.000052808322
2018-08-27 13:00:00,0.00005686122
2018-08-27 14:00:00,0.000048159392
2018-08-27 15:00:00,0.00005173549
2018-08-27 16:00:00,0.00004804019
2018-08-27 17:00:00,0.000054000346
2018-08-27 18:00:00,0.000053165928
2018-08-27 19:00:00,0.000054000346
2018-08-27 20:00:00,0.000051139483
2018-08-27 21:00:00,0.000055311582
2018-08-27 22:00:00,0.0000520931
2018-08-27 23:00:00,0.000048636208
2018-08-28 00:00:00,0.000034570097
2018-08-28 01:00:00,0.000053285137
2018-08-28 02:00:00,0.00005173549
2018-08-28 03:00:00,0.00005698042
2018-08-28 04:00:00,0.000052808322
2018-08-28 05:00:00,0.000049351427
2018-08-28 06:00:00,0.00005268912
2018-08-28 07:00:00,0.00005161629
2018-08-28 08:00:00,0.00005018585
2018-08-28 09:00:00,0.000053404336
2018-08-28 10:00:00,0.00005137788
2018-08-28 11:00:00,0.000052808322
2018-08-28 12:00:00,0.00003981511
2018-08-28 13:00:00,0.00005233151
2018-08-28 14:00:00,0.000046371337
2018-08-28 15:00:00,0.000055430788
2018-08-28 16:00:00,0.000055192377
2018-08-28 17:00:00,0.00005650361
2018-08-28 18:00:00,0.00004804019
2018-08-28 19:00:00,0.000051139483
2018-08-28 20:00:00,0.000048159392
2018-08-28 21:00:00,0.000054119555
2018-08-28 22:00:00,0.000055192377
2018-08-28 23:00:00,0.000050305054
2018-08-29 00:00:00,0.000052808322
2018-08-29 01:00:00,0.000054238757
2018-08-29 02:00:00,0.00005447716
2018-08-29 03:00:00,0.00005709962
2018-08-29 04:00:00,0.000050305054
2018-08-29 05:00:00,0.000053046726
2018-08-29 06:00:00,0.000050662664
2018-08-29 07:00:00,0.000053761945
2018-08-29 08:00:00,0.00005173549
2018-08-29 09:00:00,0.00005042426
2018-08-29 10:00:00,0.00004720576
2018-08-29 11:00:00,0.00005733802
2018-08-29 12:00:00,0.00005221231
2018-08-29 13:00:00,0.000052569918
2018-08-29 14:00:00,0.000051139483
2018-08-29 15:00:00,0.00005566919
2018-08-29 16:00:00,0.0000694966
2018-08-29 17:00:00,0.000050305054
2018-08-29 18:00:00,0.000049113016
2018-08-29 19:00:00,0.000053642736
2018-08-29 20:00:00,0.000052808322
2018-08-29 21:00:00,0.000048159392
2018-08-29 22:00:00,0.00005018585
2018-08-29 23:00:00,0.000053165928
2018-08-30 00:00:00,0.000055549986
2018-08-30 01:00:00,0.00005090107
2018-08-30 02:00:00,0.000053523538
2018-08-30 03:00:00,0.00005781484
2018-08-30 04:00:00,0.000050305054
2018-08-30 05:00:00,0.000053642736
2018-08-30 06:00:00,0.00005912606
2018-08-30 07:00:00,0.00005149709
2018-08-30 08:00:00,0.000053761945
2018-08-30 09:00:00,0.00005781484
2018-08-30 10:00:00,0.000056146
2018-08-30 11:00:00,0.000051020277
2018-08-30 12:00:00,0.00006198691
2018-08-30 13:00:00,0.000058649246
2018-08-30 14:00:00,0.000050781866
2018-08-30 15:00:00,0.000049470636
2018-08-30 16:00:00,0.000053404336
2018-08-30 17:00:00,0.000053642736
2018-08-30 18:00:00,0.000051020277
2018-08-30 19:00:00,0.00005960287
2018-08-30 20:00:00,0.000053285137
2018-08-30 21:00:00,0.0000396959
2018-08-30 22:00:00,0.000050066643
2018-08-30 23:00:00,0.00005268912
2018-08-31 00:00:00,0.00004577532
2018-08-31 01:00:00,0.00005769563
2018-08-31 02:00:00,0.00005471557
2018-08-31 03:00:00,0.00005149709
2018-08-31 04:00:00,0.000049470636
2018-08-31 05:00:00,0.00004744417
2018-08-31 06:00:00,0.00005447716
2018-08-31 07:00:00,0.000052569918
2018-08-31 08:00:00,0.00005769563
2018-08-31 09:00:00,0.00005459636
2018-08-31 10:00:00,0.00005221231
2018-08-31 11:00:00,0.00005268912
2018-08-31 12:00:00,0.000050543462
2018-08-31 13:00:00,0.00006258292
2018-08-31 14:00:00,0.000048517
2018-08-31 15:00:00,0.0000519739
2018-08-31 16:00:00,0.00005042426
2018-08-31 17:00:00,0.00004732497
2018-08-31 18:00:00,0.000045179295
2018-08-31 19:00:00,0.00005268912
2018-08-31 20:00:00,0.000053285137
2018-08-31 21:00:00,0.00005173549
2018-08-31 22:00:00,0.000055549986
2018-09-03 23:00:00,0.000053523538
2018-09-04 00:00:00,0.00005233151
2018-09-04 01:00:00,0.00005161629
2018-09-04 02:00:00,0.00005125868
2018-09-04 03:00:00,0.000053404336
2018-09-04 04:00:00,0.000053046726
2018-09-04 05:00:00,0.000053404336
2018-09-04 06:00:00,0.0000520931
2018-09-04 07:00:00,0.00005018585
2018-09-04 08:00:00,0.000049232225
2018-09-04 09:00:00,0.000055430788
2018-09-04 10:00:00,0.0000519739
2018-09-04 11:00:00,0.000049470636
2018-09-04 12:00:00,0.000051020277
2018-09-04 13:00:00,0.000049113016
2018-09-04 14:00:00,0.000051020277
2018-09-04 15:00:00,0.000053165928
2018-09-04 16:00:00,0.00005221231
2018-09-04 17:00:00,0.000052569918
2018-09-04 18:00:00,0.00005125868
2018-09-04 19:00:00,0.00005733802
2018-09-04 20:00:00,0.000052569918
2018-09-04 21:00:00,0.00005042426
2018-09-04 22:00:00,0.000053761945
2018-09-04 23:00:00,0.00005268912
2018-09-05 00:00:00,0.0000520931
2018-09-05 01:00:00,0.000050305054
2018-09-05 02:00:00,0.000052808322
2018-09-05 03:00:00,0.000053523538
2018-09-05 04:00:00,0.000052927524
2018-09-05 05:00:00,0.00005447716
2018-09-05 06:00:00,0.000050066643
2018-09-05 07:00:00,0.000053285137
2018-09-05 08:00:00,0.00005233151
2018-09-05 09:00:00,0.0000519739
2018-09-05 10:00:00,0.00010942815
2018-09-05 11:00:00,0.00007426463
2018-09-05 12:00:00,0.000051139483
2018-09-05 13:00:00,0.000054000346
2018-09-05 14:00:00,0.00004672895
2018-09-05 15:00:00,0.000055549986
2018-09-05 16:00:00,0.0000560268
2018-09-05 17:00:00,0.00006425174
2018-09-05 18:00:00,0.00005233151
2018-09-05 19:00:00,0.000053046726
2018-09-05 20:00:00,0.000054238757
2018-09-05 21:00:00,0.000046490542
2018-09-05 22:00:00,0.000055549986
2018-09-05 23:00:00,0.00005686122
2018-09-06 00:00:00,0.00009929641
2018-09-06 01:00:00,0.00011848701
2018-09-06 02:00:00,0.00005149709
2018-09-06 03:00:00,0.000048755406
2018-09-06 04:00:00,0.00005781484
2018-09-06 05:00:00,0.000051020277
2018-09-06 06:00:00,0.00005972207
2018-09-06 07:00:00,0.00004756338
2018-09-06 08:00:00,0.000055192377
2018-09-06 09:00:00,0.000048278598
2018-09-06 10:00:00,0.000060556486
2018-09-06 11:00:00,0.00005483477
2018-09-06 12:00:00,0.000048159392
2018-09-06 13:00:00,0.000053881147
2018-09-06 14:00:00,0.000040530333
2018-09-06 15:00:00,0.00005686122
2018-09-06 16:00:00,0.000060198876
2018-09-06 17:00:00,0.00005233151
2018-09-06 18:00:00,0.00005912606
2018-09-06 19:00:00,0.00004720576
2018-09-06 20:00:00,0.000046013727
2018-09-06 21:00:00,0.000055549986
2018-09-06 22:00:00,0.000052927524
2018-09-06 23:00:00,0.00005018585
2018-09-07 00:00:00,0.00004660974
2018-09-07 01:00:00,0.00005483477
2018-09-07 02:00:00,0.000048636208
2018-09-07 03:00:00,0.000054953973
2018-09-07 04:00:00,0.000053046726
2018-09-07 05:00:00,0.000053165928
2018-09-07 06:00:00,0.000049470636
2018-09-07 07:00:00,0.000060198876
2018-09-07 08:00:00,0.000048636208
2018-09-07 09:00:00,0.000058172438
2018-09-07 10:00:00,0.000052569918
2018-09-07 11:00:00,0.00006830459
2018-09-07 12:00:00,0.0000520931
2018-09-07 13:00:00,0.00004410647
2018-09-07 14:00:00,0.00005125868
2018-09-07 15:00:00,0.000056146
2018-09-07 16:00:00,0.00005972207
2018-09-07 17:00:00,0.00004351044
2018-09-07 18:00:00,0.0000563844
2018-09-07 19:00:00,0.00005268912
2018-09-07 20:00:00,0.00005221231
2018-09-07 21:00:00,0.000048159392
2018-09-07 22:00:00,0.00005769563
2018-09-07 23:00:00,0.000055311582
2018-09-08 00:00:00,0.000052927524
2018-09-08 01:00:00,0.000048159392
2018-09-08 02:00:00,0.00005459636
2018-09-08 03:00:00,0.000050066643
2018-09-08 04:00:00,0.00005566919
2018-09-08 05:00:00,0.00005221231
2018-09-08 06:00:00,0.000049709037
2018-09-08 07:00:00,0.00005221231
2018-09-08 09:00:00,0.0000520931
2018-09-08 10:00:00,0.00005149709
2018-09-08 11:00:00,0.00005447716
2018-09-08 12:00:00,0.00005435796
2018-09-08 13:00:00,0.000055430788
2018-09-08 16:00:00,0.000053642736
2018-09-08 17:00:00,0.000062344516
2018-09-08 18:00:00,0.000086423
2018-09-08 19:00:00,0.00005650361
2018-09-08 20:00:00,0.00005435796
2018-09-08 21:00:00,0.000054000346
2018-09-08 22:00:00,0.00005161629
2018-09-08 23:00:00,0.000053165928
2018-09-09 00:00:00,0.0000520931
2018-09-09 02:00:00,0.000052927524
2018-09-09 03:00:00,0.000059364465
2018-09-09 04:00:00,0.00005042426
2018-09-09 05:00:00,0.00005578839
2018-09-09 06:00:00,0.000048636208
2018-09-09 07:00:00,0.00005233151
2018-09-09 08:00:00,0.00005221231
2018-09-09 09:00:00,0.00005173549
2018-09-09 10:00:00,0.00003004029
2018-09-09 11:00:00,0.00005578839
2018-09-09 12:00:00,0.000051139483
2018-09-09 13:00:00,0.000051139483
2018-09-09 14:00:00,0.00005221231
2018-09-09 15:00:00,0.00005435796
2018-09-09 16:00:00,0.000053881147
2018-09-09 17:00:00,0.000051020277
2018-09-09 18:00:00,0.000053285137
2018-09-09 19:00:00,0.000052808322
2018-09-09 20:00:00,0.000050662664
2018-09-09 21:00:00,0.00005137788
2018-09-09 22:00:00,0.00005769563
2018-09-09 23:00:00,0.00007533743
2018-09-10 00:00:00,0.000053642736
2018-09-10 01:00:00,0.00005149709
2018-09-10 02:00:00,0.000042437605
2018-09-10 03:00:00,0.000053881147
2018-09-10 04:00:00,0.000053285137
2018-09-10 05:00:00,0.0000563844
2018-09-10 06:00:00,0.00005137788
2018-09-10 07:00:00,0.000048874615
2018-09-10 08:00:00,0.000052927524
2018-09-10 09:00:00,0.0000560268
2018-09-10 10:00:00,0.000053046726
2018-09-10 11:00:00,0.0000519739
2018-09-10 12:00:00,0.000050066643
2018-09-10 13:00:00,0.000055192377
2018-09-10 14:00:00,0.0000519739
2018-09-10 15:00:00,0.00005161629
2018-09-10 16:00:00,0.00005471557
2018-09-10 17:00:00,0.000058291647
2018-09-10 18:00:00,0.00005173549
2018-09-10 19:00:00,0.000050662664
2018-09-10 20:00:00,0.000050543462
2018-09-10 21:00:00,0.000050543462
2018-09-10 22:00:00,0.000053881147
2018-09-11 00:00:00,0.00005483477
2018-09-11 01:00:00,0.00005137788
2018-09-11 02:00:00,0.000043272037
2018-09-11 03:00:00,0.00005721882
2018-09-11 04:00:00,0.000053761945
2018-09-11 05:00:00,0.00005650361
2018-09-11 06:00:00,0.00005137788
2018-09-11 07:00:00,0.000052569918
2018-09-11 08:00:00,0.000056146
2018-09-11 09:00:00,0.00005137788
2018-09-11 10:00:00,0.000049828246
2018-09-11 11:00:00,0.000055907592
2018-09-11 12:00:00,0.000060318085
2018-09-11 13:00:00,0.00005245071
2018-09-11 14:00:00,0.000050543462
2018-09-11 16:00:00,0.00006329813
2018-09-11 17:00:00,0.000053046726
2018-09-11 18:00:00,0.00005459636
2018-09-11 19:00:00,0.000052927524
2018-09-11 20:00:00,0.000049589835
2018-09-11 21:00:00,0.00005268912
2018-09-11 22:00:00,0.00004446408
2018-09-11 23:00:00,0.00005733802
2018-09-12 00:00:00,0.000053165928
2018-09-12 01:00:00,0.00005709962
2018-09-12 02:00:00,0.00005221231
2018-09-12 03:00:00,0.000054238757
2018-09-12 04:00:00,0.000051020277
2018-09-12 05:00:00,0.00005149709
2018-09-12 06:00:00,0.00005185469
2018-09-12 07:00:00,0.00005650361
2018-09-12 08:00:00,0.000053761945
2018-09-12 09:00:00,0.00005245071
2018-09-12 10:00:00,0.00005125868
2018-09-12 11:00:00,0.000055311582
2018-09-12 12:00:00,0.00005233151
2018-09-12 13:00:00,0.00005042426
2018-09-12 14:00:00,0.000046848152
2018-09-12 15:00:00,0.000055192377
2018-09-12 16:00:00,0.000053523538
2018-09-12 17:00:00,0.000052808322
2018-09-12 18:00:00,0.000051020277
2018-09-12 19:00:00,0.000048874615
2018-09-12 20:00:00,0.000051020277
2018-09-12 21:00:00,0.000053046726
2018-09-12 22:00:00,0.000053761945
2018-09-12 23:00:00,0.000046848152
2018-09-13 00:00:00,0.000055073175
2018-09-13 01:00:00,0.000040768748
2018-09-13 02:00:00,0.000054953973
2018-09-13 03:00:00,0.00005245071
2018-09-13 04:00:00,0.000054238757
2018-09-13 05:00:00,0.000050781866
2018-09-13 06:00:00,0.0000560268
2018-09-13 07:00:00,0.000051139483
2018-09-13 08:00:00,0.000053165928
2018-09-13 09:00:00,0.00004804019
2018-09-13 10:00:00,0.000049470636
2018-09-13 11:00:00,0.00005221231
2018-09-13 12:00:00,0.000048397796
2018-09-13 13:00:00,0.000053761945
2018-09-13 14:00:00,0.00004553691
2018-09-13 15:00:00,0.000055907592
2018-09-13 16:00:00,0.000053285137
2018-09-13 17:00:00,0.000048517
2018-09-13 18:00:00,0.000054119555
2018-09-13 19:00:00,0.000055430788
2018-09-13 20:00:00,0.000057934038
2018-09-13 21:00:00,0.00005018585
2018-09-13 22:00:00,0.000053285137
2018-09-13 23:00:00,0.000050662664
2018-09-14 00:00:00,0.000051020277
2018-09-14 01:00:00,0.00005745723
2018-09-14 02:00:00,0.000048278598
2018-09-14 03:00:00,0.00004446408
2018-09-14 04:00:00,0.00005149709
2018-09-14 05:00:00,0.000054000346
2018-09-14 06:00:00,0.00005125868
2018-09-14 07:00:00,0.00005173549
2018-09-14 08:00:00,0.000053642736
2018-09-14 09:00:00,0.000077125434
2018-09-14 10:00:00,0.000051020277
2018-09-14 11:00:00,0.00005137788
2018-09-14 12:00:00,0.000049351427
2018-09-14 13:00:00,0.00005233151
2018-09-14 14:00:00,0.00005483477
2018-09-14 15:00:00,0.0000519739
2018-09-14 16:00:00,0.000048397796
2018-09-14 17:00:00,0.000048636208
2018-09-14 18:00:00,0.00005924526
2018-09-14 19:00:00,0.0000520931
2018-09-14 20:00:00,0.00004315283
2018-09-14 21:00:00,0.000053404336
2018-09-14 22:00:00,0.00005578839
2018-09-14 23:00:00,0.00005221231
2018-09-15 00:00:00,0.00005948367
2018-09-15 01:00:00,0.000051020277
2018-09-15 02:00:00,0.000048278598
2018-09-15 03:00:00,0.00005471557
2018-09-15 04:00:00,0.000052927524
2018-09-15 05:00:00,0.000050662664
2018-09-15 07:00:00,0.00005566919
2018-09-15 08:00:00,0.000050781866
2018-09-15 09:00:00,0.000050305054
2018-09-15 10:00:00,0.000050066643
2018-09-15 11:00:00,0.000053404336
2018-09-15 12:00:00,0.000053046726
2018-09-15 13:00:00,0.000051139483
2018-09-15 14:00:00,0.00005173549
2018-09-15 15:00:00,0.000052808322
2018-09-15 16:00:00,0.000052808322
2018-09-15 17:00:00,0.00005090107
2018-09-15 18:00:00,0.00005245071
2018-09-15 19:00:00,0.00005769563
2018-09-15 20:00:00,0.000050066643
2018-09-15 21:00:00,0.000053046726
2018-09-15 22:00:00,0.00005709962
2018-09-15 23:00:00,0.00005042426
2018-09-16 00:00:00,0.000052927524
2018-09-16 01:00:00,0.000053285137
2018-09-16 02:00:00,0.00005709962
2018-09-16 03:00:00,0.0000519739
2018-09-16 04:00:00,0.000053881147
2018-09-16 05:00:00,0.00005924526
2018-09-16 06:00:00,0.000049113016
2018-09-16 07:00:00,0.000054000346
2018-09-16 08:00:00,0.00005483477
2018-09-16 09:00:00,0.00004756338
2018-09-16 10:00:00,0.00005042426
2018-09-16 11:00:00,0.00005137788
2018-09-16 12:00:00,0.000054000346
2018-09-16 13:00:00,0.00005185469
2018-09-16 14:00:00,0.00005650361
2018-09-16 15:00:00,0.000052808322
2018-09-16 16:00:00,0.00005268912
2018-09-16 17:00:00,0.000050781866
2018-09-16 18:00:00,0.000054238757
2018-09-16 19:00:00,0.00005173549
2018-09-16 20:00:00,0.000049351427
2018-09-16 21:00:00,0.000052927524
2018-09-16 22:00:00,0.000053881147
2018-09-16 23:00:00,0.000053642736
2018-09-17 00:00:00,0.00005090107
2018-09-17 01:00:00,0.000048517
2018-09-17 02:00:00,0.00005471557
2018-09-17 03:00:00,0.000052569918
2018-09-17 04:00:00,0.00005268912
2018-09-17 05:00:00,0.00005745723
2018-09-17 06:00:00,0.000053046726
2018-09-17 07:00:00,0.000053046726
2018-09-17 08:00:00,0.000052927524
2018-09-17 09:00:00,0.000054000346
2018-09-17 10:00:00,0.000049470636
2018-09-17 11:00:00,0.000055311582
2018-09-17 12:00:00,0.000052808322
2018-09-17 13:00:00,0.000056622812
2018-09-17 14:00:00,0.00005650361
2018-09-17 15:00:00,0.00006460935
2018-09-17 16:00:00,0.00006997341
2018-09-17 17:00:00,0.000052569918
2018-09-17 18:00:00,0.000048278598
2018-09-17 19:00:00,0.00005221231
2018-09-17 20:00:00,0.00005769563
2018-09-17 21:00:00,0.00006258292
2018-09-17 22:00:00,0.00004732497
2018-09-17 23:00:00,0.0000520931
2018-09-18 00:00:00,0.00005161629
2018-09-18 01:00:00,0.000053165928
2018-09-18 02:00:00,0.000052927524
2018-09-18 03:00:00,0.000053046726
2018-09-18 04:00:00,0.000053761945
2018-09-18 05:00:00,0.000049709037
2018-09-18 06:00:00,0.000050662664
2018-09-18 07:00:00,0.00005435796
2018-09-18 08:00:00,0.000048397796
2018-09-18 09:00:00,0.00005721882
2018-09-18 10:00:00,0.00005268912
2018-09-18 11:00:00,0.00005471557
2018-09-18 12:00:00,0.00004660974
2018-09-18 13:00:00,0.00004720576
2018-09-18 14:00:00,0.00004613293
2018-09-18 15:00:00,0.000054000346
2018-09-18 16:00:00,0.000053165928
2018-09-18 17:00:00,0.000054119555
2018-09-18 18:00:00,0.000056622812
2018-09-18 19:00:00,0.00005137788
2018-09-18 20:00:00,0.00005781484
2018-09-18 21:00:00,0.000049232225
2018-09-18 22:00:00,0.00005245071
2018-09-18 23:00:00,0.000049351427
2018-09-19 00:00:00,0.00005471557
2018-09-19 01:00:00,0.000055430788
2018-09-19 02:00:00,0.000049828246
2018-09-19 03:00:00,0.00005161629
2018-09-19 04:00:00,0.00005137788
2018-09-19 05:00:00,0.00005471557
2018-09-19 06:00:00,0.00005173549
2018-09-19 07:00:00,0.00005221231
2018-09-19 08:00:00,0.000051139483
2018-09-19 09:00:00,0.00005459636
2018-09-19 10:00:00,0.000055907592
2018-09-19 11:00:00,0.000053642736
2018-09-19 12:00:00,0.000057576428
2018-09-19 13:00:00,0.00005233151
2018-09-19 14:00:00,0.00005268912
2018-09-19 15:00:00,0.00004744417
2018-09-19 16:00:00,0.0000519739
2018-09-19 17:00:00,0.000053761945
2018-09-19 18:00:00,0.00005173549
2018-09-19 19:00:00,0.00008999895
2018-09-19 20:00:00,0.000023960782
2018-09-19 21:00:00,0.000050305054
2018-09-19 22:00:00,0.00005686122
2018-09-19 23:00:00,0.00005447716
2018-09-20 00:00:00,0.000052569918
2018-09-20 01:00:00,0.000048993817
2018-09-20 02:00:00,0.000054238757
2018-09-20 03:00:00,0.000055192377
2018-09-20 04:00:00,0.000051020277
2018-09-20 05:00:00,0.000053881147
2018-09-20 06:00:00,0.00005245071
2018-09-20 07:00:00,0.000051020277
2018-09-20 08:00:00,0.00005185469
2018-09-20 09:00:00,0.000055073175
2018-09-20 10:00:00,0.000052808322
2018-09-20 11:00:00,0.000050066643
2018-09-20 12:00:00,0.000049589835
2018-09-20 13:00:00,0.000053165928
2018-09-20 14:00:00,0.00005245071
2018-09-20 15:00:00,0.000054000346
2018-09-20 16:00:00,0.000052808322
2018-09-20 17:00:00,0.00005233151
2018-09-20 18:00:00,0.00005578839
2018-09-20 19:00:00,0.00005125868
2018-09-20 20:00:00,0.000050662664
2018-09-20 21:00:00,0.000059006856
2018-09-20 22:00:00,0.000036119764
2018-09-20 23:00:00,0.000049828246
2018-09-21 00:00:00,0.000058172438
2018-09-21 01:00:00,0.00005137788
2018-09-21 02:00:00,0.000053404336
2018-09-21 03:00:00,0.000046013727
2018-09-21 04:00:00,0.00005149709
2018-09-21 05:00:00,0.000053642736
2018-09-21 06:00:00,0.00005447716
2018-09-21 07:00:00,0.000050543462
2018-09-21 08:00:00,0.000039457496
2018-09-21 09:00:00,0.00004494089
2018-09-21 10:00:00,0.000050662664
2018-09-21 11:00:00,0.000055192377
2018-09-21 12:00:00,0.00004660974
2018-09-21 13:00:00,0.000054238757
2018-09-21 14:00:00,0.000052808322
2018-09-21 15:00:00,0.00005435796
2018-09-21 16:00:00,0.000057934038
2018-09-21 17:00:00,0.00004804019
2018-09-21 18:00:00,0.0000563844
2018-09-21 19:00:00,0.00004708656
2018-09-21 20:00:00,0.000049828246
2018-09-21 21:00:00,0.000059841273
2018-09-21 22:00:00,0.0000519739
2018-09-21 23:00:00,0.000049589835
2018-09-22 00:00:00,0.00005042426
2018-09-22 01:00:00,0.00004744417
2018-09-22 02:00:00,0.00005674201
2018-09-22 03:00:00,0.000055430788
2018-09-22 04:00:00,0.000055311582
2018-09-22 05:00:00,0.000049828246
2018-09-22 06:00:00,0.00005435796
2018-09-22 07:00:00,0.00005471557
2018-09-22 08:00:00,0.000053523538
2018-09-22 09:00:00,0.00006401334
2018-09-22 10:00:00,0.00004708656
2018-09-22 11:00:00,0.00005268912
2018-09-22 12:00:00,0.000056622812
2018-09-22 13:00:00,0.000049589835
2018-09-22 14:00:00,0.00005161629
2018-09-22 15:00:00,0.000055311582
2018-09-22 16:00:00,0.00005125868
2018-09-22 17:00:00,0.000055073175
2018-09-22 18:00:00,0.000051139483
2018-09-22 19:00:00,0.00004482169
2018-09-22 20:00:00,0.000054238757
2018-09-22 21:00:00,0.000053761945
2018-09-22 22:00:00,0.000054953973
2018-09-22 23:00:00,0.00005161629
2018-09-23 00:00:00,0.00005137788
2018-09-23 01:00:00,0.00005483477
2018-09-23 02:00:00,0.00005435796
2018-09-23 03:00:00,0.00005149709
2018-09-23 04:00:00,0.00005125868
2018-09-23 05:00:00,0.000049828246
2018-09-23 06:00:00,0.000053046726
2018-09-23 07:00:00,0.00005578839
2018-09-23 08:00:00,0.000050543462
2018-09-23 09:00:00,0.0000520931
2018-09-23 10:00:00,0.000046371337
2018-09-23 11:00:00,0.000053285137
2018-09-23 12:00:00,0.000054953973
2018-09-23 13:00:00,0.00005435796
2018-09-23 14:00:00,0.000053285137
2018-09-23 15:00:00,0.00005876845
2018-09-23 16:00:00,0.000053642736
2018-09-23 17:00:00,0.00005161629
2018-09-23 18:00:00,0.000053285137
2018-09-23 19:00:00,0.000050066643
2018-09-23 20:00:00,0.00005483477
2018-09-23 21:00:00,0.000053761945
2018-09-23 22:00:00,0.00005245071
2018-09-23 23:00:00,0.000048636208
2018-09-24 00:00:00,0.000053285137
2018-09-24 01:00:00,0.00005447716
2018-09-24 02:00:00,0.000048755406
2018-09-24 03:00:00,0.000055073175
2018-09-24 04:00:00,0.00005185469
2018-09-24 05:00:00,0.00005447716
2018-09-24 06:00:00,0.00005483477
2018-09-24 07:00:00,0.000058530048
2018-09-24 08:00:00,0.000048636208
2018-09-24 09:00:00,0.000057576428
2018-09-24 10:00:00,0.000060914095
2018-09-24 11:00:00,0.000050066643
2018-09-24 12:00:00,0.000057576428
2018-09-24 13:00:00,0.00004577532
2018-09-24 14:00:00,0.000053642736
2018-09-24 15:00:00,0.000054000346
2018-09-24 16:00:00,0.000054238757
2018-09-24 17:00:00,0.000051020277
2018-09-24 18:00:00,0.000048636208
2018-09-24 19:00:00,0.000052569918
2018-09-24 20:00:00,0.000055192377
2018-09-24 21:00:00,0.00005161629
2018-09-24 22:00:00,0.000053285137
2018-09-24 23:00:00,0.00005650361
2018-09-25 00:00:00,0.000055192377
2018-09-25 01:00:00,0.00006365574
2018-09-25 02:00:00,0.00006901981
2018-09-25 03:00:00,0.000053523538
2018-09-25 04:00:00,0.00004732497
2018-09-25 05:00:00,0.000052927524
2018-09-25 06:00:00,0.00005125868
2018-09-25 07:00:00,0.000061033294
2018-09-25 08:00:00,0.000058649246
2018-09-25 09:00:00,0.000049351427
2018-09-25 10:00:00,0.000051139483
2018-09-25 11:00:00,0.00005459636
2018-09-25 12:00:00,0.000053642736
2018-09-25 13:00:00,0.000046371337
2018-09-25 14:00:00,0.000056622812
2018-09-25 15:00:00,0.00005125868
2018-09-25 16:00:00,0.000055311582
2018-09-25 17:00:00,0.000054238757
2018-09-25 18:00:00,0.000053285137
2018-09-25 19:00:00,0.00005876845
2018-09-25 20:00:00,0.00005090107
2018-09-25 21:00:00,0.00005042426
2018-09-25 22:00:00,0.000050305054
2018-09-25 23:00:00,0.000052808322
2018-09-26 00:00:00,0.000046848152
2018-09-26 01:00:00,0.00005781484
2018-09-26 02:00:00,0.000053881147
2018-09-26 03:00:00,0.00005185469
2018-09-26 04:00:00,0.00005447716
2018-09-26 05:00:00,0.000051020277
2018-09-26 06:00:00,0.000046013727
2018-09-26 07:00:00,0.000054238757
2018-09-26 08:00:00,0.000049828246
2018-09-26 09:00:00,0.000053285137
2018-09-26 10:00:00,0.000051139483
2018-09-26 11:00:00,0.000051139483
2018-09-26 12:00:00,0.00004446408
2018-09-26 13:00:00,0.00005733802
2018-09-26 14:00:00,0.000054119555
2018-09-26 15:00:00,0.000048397796
2018-09-26 16:00:00,0.000050543462
2018-09-26 17:00:00,0.000053165928
2018-09-26 18:00:00,0.0000519739
2018-09-26 19:00:00,0.00005483477
2018-09-26 20:00:00,0.000056146
2018-09-26 21:00:00,0.000050781866
2018-09-26 22:00:00,0.00005721882
2018-09-26 23:00:00,0.000053881147
2018-09-27 00:00:00,0.000052927524
2018-09-27 01:00:00,0.000048159392
2018-09-27 02:00:00,0.00005459636
2018-09-27 03:00:00,0.000050066643
2018-09-27 04:00:00,0.000053046726
2018-09-27 05:00:00,0.000055907592
2018-09-27 06:00:00,0.00005435796
2018-09-27 07:00:00,0.00005149709
2018-09-27 08:00:00,0.000055192377
2018-09-27 09:00:00,0.00005161629
2018-09-27 10:00:00,0.000053642736
2018-09-27 11:00:00,0.000051139483
2018-09-27 12:00:00,0.000049947444
2018-09-27 13:00:00,0.000050066643
2018-09-27 14:00:00,0.00005221231
2018-09-27 15:00:00,0.00005149709
2018-09-27 16:00:00,0.000055907592
2018-09-27 17:00:00,0.000051139483
2018-09-27 18:00:00,0.000051139483
2018-09-27 19:00:00,0.00005149709
2018-09-27 20:00:00,0.000035285328
2018-09-27 21:00:00,0.000046848152
2018-09-27 22:00:00,0.000049709037
2018-09-27 23:00:00,0.000058887654
2018-09-28 00:00:00,0.00005149709
2018-09-28 01:00:00,0.000050305054
2018-09-28 02:00:00,0.000050662664
2018-09-28 03:00:00,0.000054953973
2018-09-28 04:00:00,0.00005233151
2018-09-28 05:00:00,0.00005149709
2018-09-28 06:00:00,0.00005245071
2018-09-28 07:00:00,0.000049232225
2018-09-28 08:00:00,0.00004732497
2018-09-28 09:00:00,0.000060079674
2018-09-28 10:00:00,0.000066158966
2018-09-28 11:00:00,0.000052927524
2018-09-28 12:00:00,0.00005185469
2018-09-28 13:00:00,0.00006210611
2018-09-28 14:00:00,0.00004482169
2018-09-28 15:00:00,0.00005185469
2018-09-28 16:00:00,0.00005185469
2018-09-28 17:00:00,0.000054238757
2018-09-28 18:00:00,0.000052569918
2018-09-28 19:00:00,0.000053285137
2018-09-28 20:00:00,0.000048278598
2018-09-28 21:00:00,0.00005709962
2018-09-28 22:00:00,0.000054238757
2018-09-28 23:00:00,0.000055311582
2018-09-29 00:00:00,0.000053046726
2018-09-29 01:00:00,0.00005471557
2018-09-29 02:00:00,0.00007736384
2018-09-29 03:00:00,0.000049470636
2018-09-29 04:00:00,0.000053285137
2018-09-29 05:00:00,0.00005233151
2018-09-29 06:00:00,0.000052808322
2018-09-29 07:00:00,0.00005185469
2018-09-29 09:00:00,0.00004804019
2018-09-29 10:00:00,0.00005161629
2018-09-29 11:00:00,0.00005245071
2018-09-29 12:00:00,0.000046371337
2018-09-29 13:00:00,0.00005471557
2018-09-29 14:00:00,0.000054119555
2018-09-29 15:00:00,0.00005471557
2018-09-29 16:00:00,0.000048755406
2018-09-29 17:00:00,0.00005686122
2018-09-29 18:00:00,0.00004720576
2018-09-29 19:00:00,0.000053404336
2018-09-29 20:00:00,0.00005268912
2018-09-29 21:00:00,0.00005185469
2018-09-29 22:00:00,0.00005268912
2018-09-29 23:00:00,0.00005125868
2018-09-30 00:00:00,0.000052569918
2018-09-30 01:00:00,0.000056146
2018-09-30 02:00:00,0.00005018585
2018-09-30 03:00:00,0.000054953973
2018-09-30 04:00:00,0.0000519739
2018-09-30 05:00:00,0.00005578839
2018-09-30 06:00:00,0.00005161629
2018-09-30 07:00:00,0.000049947444
2018-09-30 08:00:00,0.000053523538
2018-09-30 09:00:00,0.00005245071
2018-09-30 10:00:00,0.000052569918
2018-09-30 11:00:00,0.000044702487
2018-09-30 12:00:00,0.00005686122
2018-09-30 13:00:00,0.000050662664
2018-09-30 14:00:00,0.0000520931
2018-09-30 15:00:00,0.000050781866
2018-09-30 16:00:00,0.000061629304
2018-09-30 17:00:00,0.000049232225
2018-09-30 18:00:00,0.000053046726
2018-09-30 19:00:00,0.00005233151
2018-09-30 20:00:00,0.00005483477
2018-09-30 21:00:00,
